Incident Number,Queue,Timestamp,Status,Assigned Associate,Time Spent
INC0010001,L1 Team,2026-08-21T22:10:00,Open,,45 mins
,L1 Team,2026-08-21T22:27:00,In progress,Mei Tan,15mins
,Trade Support L2,2026-08-21T23:16:00,Open,,1 hr 0 mins
,Trade Support L2,2026-08-21T23:26:00,In progress,James Cole,35 mins
INC0010002,Payments L2 Support,2026-08-12T17:05:00,Open,,2 hr 13 mins
,Payments L2 Support,2026-08-12T17:32:00,In progress,Omar Siddiqui,35 mins
,FI Team,2026-08-12T18:24:00,Open,,10 mins
,FI Team,2026-08-12T18:47:00,In progress,Kenji Watanabe,17 mins
INC0010003,L1 Team,2026-08-04T20:47:00,Open,,15 mins
,L1 Team,2026-08-04T21:08:00,In progress,Arjun Mehta,1 hr 15 mins
,MM Team,2026-08-04T21:30:00,Open,,1 hr 0 mins
,MM Team,2026-08-04T21:57:00,In progress,Liam O'Connor,2 hr 13 mins
,MM Team,2026-08-04T22:35:00,Closed,Fatima Al-Sayed,
INC0010004,L1 Team,2026-07-27T18:21:00,Open,,35 mins
,L1 Team,2026-07-27T18:33:00,In progress,Nadia Rahman,15 mins
,Trade Support L2,2026-07-27T19:05:00,Open,,45 mins
,Trade Support L2,2026-07-27T19:26:00,In progress,Liam O'Connor,2hr 13 mins
INC0010005,Payments L2 Support,2026-08-12T12:01:00,Open,,17mins
,Payments L2 Support,2026-08-12T12:18:00,In progress,Noah Williams,1hr 15 mins
,Trade Support L2,2026-08-12T12:50:00,Open,,2 hr 13 mins
,Trade Support L2,2026-08-12T13:17:00,In progress,Fatima Al-Sayed,45 mins
,Trade Support L2,2026-08-12T13:46:00,Closed,Sofia Rossi,
INC0010006,L1 Team,2026-08-25T03:56:00,Open,,45 mins
,L1 Team,2026-08-25T04:26:00,In progress,Ethan Brooks,17 mins
,L2 Team,2026-08-25T04:49:00,Open,,35mins
,L2 Team,2026-08-25T05:16:00,In progress,Chloe Martin,2hr 05 mins
,Risk & Compliance Ops,2026-08-25T05:54:00,Open,,17mins
,Risk & Compliance Ops,2026-08-25T06:19:00,In progress,James Cole,10 mins
INC0010007,Access Management Team,2026-08-15T08:55:00,Open,,1 hr 0 mins
,Access Management Team,2026-08-15T09:07:00,In progress,Omar Siddiqui,1 hr 0 mins
,Trade Support L2,2026-08-15T09:51:00,Open,,1 hr 30 mins
,Trade Support L2,2026-08-15T10:04:00,In progress,Kenji Watanabe,1hr 30 mins
,Trade Support L2,2026-08-15T11:00:00,Hold,Kenji Watanabe,45 mins
INC0010008,L1 Team,2026-08-20T02:47:00,Open,,45mins
,L1 Team,2026-08-20T03:02:00,In progress,Ethan Brooks,15mins
,Core Banking L3,2026-08-20T03:36:00,Open,,2 hr 13 mins
,Core Banking L3,2026-08-20T04:05:00,In progress,Nadia Rahman,17 mins
,Trade Support L2,2026-08-20T04:30:00,Open,,1 hr 30 mins
,Trade Support L2,2026-08-20T04:59:00,In progress,Fatima Al-Sayed,10 mins
,Trade Support L2,2026-08-20T05:37:00,Hold,Liam O'Connor,35 mins
INC0010009,L1 Team,2026-06-30T02:20:00,Open,,1 hr 15 mins
,L1 Team,2026-06-30T02:47:00,In progress,Noah Williams,17mins
,Trade Support L2,2026-06-30T03:32:00,Open,,17 mins
,Trade Support L2,2026-06-30T03:58:00,In progress,Maria Silva,35mins
,Trade Support L2,2026-06-30T04:57:00,Closed,James Cole,
INC0010010,Core Banking L3,2026-08-09T19:46:00,Open,,1 hr 15 mins
,Core Banking L3,2026-08-09T20:10:00,In progress,Mei Tan,35 mins
,Access Management Team,2026-08-09T20:46:00,Open,,10mins
,Access Management Team,2026-08-09T21:13:00,In progress,Mei Tan,35 mins
,SD Team,2026-08-09T21:32:00,Open,,10 mins
,SD Team,2026-08-09T21:44:00,In progress,Priya Sharma,45 mins
,SD Team,2026-08-09T22:31:00,Closed,Aisha Khan,
INC0010011,L2 Team,2026-06-29T08:46:00,Open,,2 hr 5 mins
,L2 Team,2026-06-29T09:11:00,In progress,Hannah Lee,1hr 15 mins
,Payments L2 Support,2026-06-29T09:38:00,Open,,15 mins
,Payments L2 Support,2026-06-29T10:01:00,In progress,Chloe Martin,1 hr 15 mins
,FI Team,2026-06-29T10:19:00,Open,,2 hr 13 mins
,FI Team,2026-06-29T10:30:00,In progress,Kenji Watanabe,45 mins
,FI Team,2026-06-29T11:00:00,Hold,Aisha Khan,35mins
INC0010012,L1 Service Desk,2026-05-22T08:19:00,Open,,45 mins
,L1 Service Desk,2026-05-22T08:36:00,In progress,Emily Carter,1 hr 15 mins
,FI Team,2026-05-22T08:57:00,Open,,1 hr 30 mins
,FI Team,2026-05-22T09:09:00,In progress,Aisha Khan,17 mins
INC0010013,L2 Team,2026-07-29T18:10:00,Open,,17 mins
,L2 Team,2026-07-29T18:20:00,In progress,Hannah Lee,1hr 15 mins
,L1 Service Desk,2026-07-29T19:02:00,Open,,1 hr 30 mins
,L1 Service Desk,2026-07-29T19:27:00,In progress,Carlos Mendes,45 mins
,ABAP Team,2026-07-29T19:45:00,Open,,1 hr 30 mins
,ABAP Team,2026-07-29T20:05:00,In progress,Priya Sharma,10mins
,ABAP Team,2026-07-29T20:50:00,Hold,Daniel Cho,1 hr 30 mins
INC0010014,Access Management Team,2026-07-15T17:18:00,Open,,15mins
,Access Management Team,2026-07-15T17:30:00,In progress,Nadia Rahman,1 hr 0 mins
,FI Team,2026-07-15T18:21:00,Open,,2 hr 5 mins
,FI Team,2026-07-15T18:50:00,In progress,Priya Sharma,2 hr 13 mins
INC0010015,L3 Team,2026-06-07T14:48:00,Open,,45 mins
,L3 Team,2026-06-07T15:06:00,In progress,Hannah Lee,1hr 15 mins
,L2 Team,2026-06-07T15:25:00,Open,,10 mins
,L2 Team,2026-06-07T15:54:00,In progress,Noah Williams,15mins
,Trade Support L2,2026-06-07T16:22:00,Open,,17 mins
,Trade Support L2,2026-06-07T16:34:00,In progress,Aisha Khan,45 mins
,Trade Support L2,2026-06-07T16:59:00,Hold,Maria Silva,1 hr 30 mins
INC0010016,Core Banking L3,2026-06-18T07:11:00,Open,,45mins
,Core Banking L3,2026-06-18T07:24:00,In progress,Nadia Rahman,45 mins
,Risk & Compliance Ops,2026-06-18T07:45:00,Open,,17 mins
,Risk & Compliance Ops,2026-06-18T08:04:00,In progress,Fatima Al-Sayed,35mins
,Risk & Compliance Ops,2026-06-18T08:40:00,Closed,Aisha Khan,
INC0010017,Payments L2 Support,2026-07-25T07:36:00,Open,,10 mins
,Payments L2 Support,2026-07-25T08:06:00,In progress,Carlos Mendes,10 mins
,L1 Service Desk,2026-07-25T08:42:00,Open,,17mins
,L1 Service Desk,2026-07-25T09:00:00,In progress,Chloe Martin,1 hr 15 mins
,SD Team,2026-07-25T10:00:00,Open,,10 mins
,SD Team,2026-07-25T10:12:00,In progress,Wei Zhang,1 hr 30 mins
INC0010018,L1 Service Desk,2026-08-05T19:58:00,Open,,10 mins
,L1 Service Desk,2026-08-05T20:19:00,In progress,Arjun Mehta,45 mins
,FI Team,2026-08-05T21:17:00,Open,,15 mins
,FI Team,2026-08-05T21:44:00,In progress,Kenji Watanabe,2 hr 5 mins
INC0010019,Access Management Team,2026-06-17T23:12:00,Open,,17 mins
,Access Management Team,2026-06-17T23:22:00,In progress,Noah Williams,45 mins
,FI Team,2026-06-18T00:19:00,Open,,35 mins
,FI Team,2026-06-18T00:34:00,In progress,James Cole,1 hr 0 mins
,FI Team,2026-06-18T01:19:00,Closed,Daniel Cho,
INC0010020,L3 Team,2026-08-02T10:31:00,Open,,10mins
,L3 Team,2026-08-02T10:47:00,In progress,Hannah Lee,15 mins
,L2 Team,2026-08-02T11:24:00,Open,,2 hr 13 mins
,L2 Team,2026-08-02T11:46:00,In progress,Mei Tan,45 mins
,FI Team,2026-08-02T12:08:00,Open,,45 mins
,FI Team,2026-08-02T12:36:00,In progress,Liam O'Connor,10 mins
,FI Team,2026-08-02T13:29:00,Closed,Kenji Watanabe,
INC0010021,L1 Service Desk,2026-08-13T16:38:00,Open,,15 mins
,L1 Service Desk,2026-08-13T17:06:00,In progress,Nadia Rahman,45 mins
,Payments L2 Support,2026-08-13T18:06:00,Open,,1 hr 0 mins
,Payments L2 Support,2026-08-13T18:32:00,In progress,Ethan Brooks,2 hr 13 mins
,Risk & Compliance Ops,2026-08-13T19:29:00,Open,,1 hr 0 mins
,Risk & Compliance Ops,2026-08-13T19:49:00,In progress,Maria Silva,2 hr 13 mins
INC0010022,Core Banking L3,2026-08-25T13:44:00,Open,,1 hr 0 mins
,Core Banking L3,2026-08-25T14:03:00,In progress,Ethan Brooks,17 mins
,L1 Service Desk,2026-08-25T14:44:00,Open,,2hr 13 mins
,L1 Service Desk,2026-08-25T14:59:00,In progress,Mei Tan,2hr 05 mins
,SD Team,2026-08-25T15:39:00,Open,,10 mins
,SD Team,2026-08-25T15:58:00,In progress,Sofia Rossi,2 hr 5 mins
,SD Team,2026-08-25T16:54:00,Hold,Sofia Rossi,1hr 15 mins
INC0010023,Access Management Team,2026-07-24T19:16:00,Open,,2 hr 13 mins
,Access Management Team,2026-07-24T19:35:00,In progress,Hannah Lee,15 mins
,Core Banking L3,2026-07-24T20:33:00,Open,,45 mins
,Core Banking L3,2026-07-24T20:49:00,In progress,Omar Siddiqui,10 mins
,FI Team,2026-07-24T21:34:00,Open,,15 mins
,FI Team,2026-07-24T21:57:00,In progress,Fatima Al-Sayed,35mins
,FI Team,2026-07-24T22:56:00,Hold,Kenji Watanabe,1hr 15 mins
INC0010024,Core Banking L3,2026-08-27T04:07:00,Open,,10 mins
,Core Banking L3,2026-08-27T04:30:00,In progress,Mei Tan,1hr 30 mins
,Trade Support L2,2026-08-27T04:48:00,Open,,15 mins
,Trade Support L2,2026-08-27T05:02:00,In progress,Maria Silva,2 hr 13 mins
,Trade Support L2,2026-08-27T05:52:00,Hold,Fatima Al-Sayed,45 mins
INC0010025,Access Management Team,2026-08-26T21:49:00,Open,,17mins
,Access Management Team,2026-08-26T22:14:00,In progress,Carlos Mendes,2hr 13 mins
,Payments L2 Support,2026-08-26T23:02:00,Open,,1 hr 15 mins
,Payments L2 Support,2026-08-26T23:19:00,In progress,Emily Carter,45 mins
,MM Team,2026-08-26T23:51:00,Open,,1 hr 30 mins
,MM Team,2026-08-27T00:05:00,In progress,Wei Zhang,35 mins
INC0010026,L1 Team,2026-08-27T00:28:00,Open,,1hr 00 mins
,L1 Team,2026-08-27T00:55:00,In progress,Arjun Mehta,35 mins
,MM Team,2026-08-27T01:34:00,Open,,2 hr 5 mins
,MM Team,2026-08-27T01:44:00,In progress,Fatima Al-Sayed,1hr 00 mins
,MM Team,2026-08-27T01:59:00,Closed,Sofia Rossi,
INC0010027,Access Management Team,2026-08-20T14:07:00,Open,,1 hr 30 mins
,Access Management Team,2026-08-20T14:24:00,In progress,Chloe Martin,35 mins
,L1 Service Desk,2026-08-20T15:06:00,Open,,1 hr 15 mins
,L1 Service Desk,2026-08-20T15:28:00,In progress,Hannah Lee,2 hr 13 mins
,Risk & Compliance Ops,2026-08-20T16:08:00,Open,,1 hr 15 mins
,Risk & Compliance Ops,2026-08-20T16:37:00,In progress,Sofia Rossi,1 hr 0 mins
,Risk & Compliance Ops,2026-08-20T17:28:00,Closed,Sofia Rossi,
INC0010028,L2 Team,2026-06-24T02:33:00,Open,,10 mins
,L2 Team,2026-06-24T02:55:00,In progress,Ethan Brooks,45 mins
,L1 Service Desk,2026-06-24T03:34:00,Open,,45 mins
,L1 Service Desk,2026-06-24T03:52:00,In progress,Ethan Brooks,10mins
,FI Team,2026-06-24T04:41:00,Open,,45 mins
,FI Team,2026-06-24T05:11:00,In progress,James Cole,2 hr 13 mins
INC0010029,L2 Team,2026-08-25T17:22:00,Open,,2 hr 5 mins
,L2 Team,2026-08-25T17:39:00,In progress,Hannah Lee,2 hr 13 mins
,ABAP Team,2026-08-25T18:30:00,Open,,1 hr 15 mins
,ABAP Team,2026-08-25T18:48:00,In progress,Sofia Rossi,17mins
,ABAP Team,2026-08-25T19:41:00,Closed,James Cole,
INC0010030,L1 Team,2026-08-24T05:59:00,Open,,45mins
,L1 Team,2026-08-24T06:21:00,In progress,Nadia Rahman,15mins
,Payments L2 Support,2026-08-24T07:20:00,Open,,2 hr 13 mins
,Payments L2 Support,2026-08-24T07:33:00,In progress,Hannah Lee,2 hr 13 mins
,ABAP Team,2026-08-24T07:55:00,Open,,2 hr 5 mins
,ABAP Team,2026-08-24T08:16:00,In progress,Daniel Cho,1 hr 0 mins
,ABAP Team,2026-08-24T08:54:00,Closed,James Cole,
INC0010031,L1 Team,2026-08-09T22:53:00,Open,,15 mins
,L1 Team,2026-08-09T23:14:00,In progress,Chloe Martin,17 mins
,L1 Service Desk,2026-08-09T23:40:00,Open,,1 hr 30 mins
,L1 Service Desk,2026-08-09T23:58:00,In progress,Mei Tan,1hr 15 mins
,MM Team,2026-08-10T00:40:00,Open,,2hr 05 mins
,MM Team,2026-08-10T01:00:00,In progress,Aisha Khan,15 mins
,MM Team,2026-08-10T01:43:00,Closed,Aisha Khan,
INC0010032,L3 Team,2026-07-10T10:05:00,Open,,45 mins
,L3 Team,2026-07-10T10:30:00,In progress,Ethan Brooks,45 mins
,L1 Team,2026-07-10T11:02:00,Open,,2 hr 5 mins
,L1 Team,2026-07-10T11:20:00,In progress,Mei Tan,35 mins
,MM Team,2026-07-10T11:50:00,Open,,1 hr 15 mins
,MM Team,2026-07-10T12:07:00,In progress,Maria Silva,2 hr 13 mins
,MM Team,2026-07-10T12:53:00,Closed,Maria Silva,
INC0010033,L3 Team,2026-05-16T20:49:00,Open,,1 hr 0 mins
,L3 Team,2026-05-16T21:06:00,In progress,Omar Siddiqui,1 hr 15 mins
,FI Team,2026-05-16T21:54:00,Open,,1hr 30 mins
,FI Team,2026-05-16T22:15:00,In progress,Maria Silva,45 mins
INC0010034,L1 Team,2026-08-19T03:26:00,Open,,35 mins
,L1 Team,2026-08-19T03:39:00,In progress,Ethan Brooks,17 mins
,Trade Support L2,2026-08-19T04:07:00,Open,,45mins
,Trade Support L2,2026-08-19T04:35:00,In progress,Daniel Cho,2hr 05 mins
,Trade Support L2,2026-08-19T04:56:00,Closed,Liam O'Connor,
INC0010035,L2 Team,2026-06-29T09:21:00,Open,,1 hr 30 mins
,L2 Team,2026-06-29T09:39:00,In progress,Carlos Mendes,10mins
,L3 Team,2026-06-29T10:12:00,Open,,17mins
,L3 Team,2026-06-29T10:37:00,In progress,Carlos Mendes,10mins
,ABAP Team,2026-06-29T11:10:00,Open,,1hr 15 mins
,ABAP Team,2026-06-29T11:25:00,In progress,Priya Sharma,45 mins
INC0010036,L1 Service Desk,2026-08-25T12:47:00,Open,,15mins
,L1 Service Desk,2026-08-25T13:17:00,In progress,Noah Williams,17mins
,MM Team,2026-08-25T13:51:00,Open,,35 mins
,MM Team,2026-08-25T14:18:00,In progress,Kenji Watanabe,2 hr 5 mins
INC0010037,Access Management Team,2026-05-26T20:34:00,Open,,1hr 00 mins
,Access Management Team,2026-05-26T20:58:00,In progress,Chloe Martin,45mins
,Risk & Compliance Ops,2026-05-26T21:52:00,Open,,15 mins
,Risk & Compliance Ops,2026-05-26T22:22:00,In progress,Aisha Khan,45mins
INC0010038,L2 Team,2026-06-13T21:28:00,Open,,1 hr 30 mins
,L2 Team,2026-06-13T21:43:00,In progress,Carlos Mendes,1 hr 15 mins
,FI Team,2026-06-13T22:36:00,Open,,10 mins
,FI Team,2026-06-13T22:55:00,In progress,Liam O'Connor,1 hr 15 mins
INC0010039,Access Management Team,2026-07-04T23:19:00,Open,,2 hr 13 mins
,Access Management Team,2026-07-04T23:42:00,In progress,Emily Carter,1 hr 30 mins
,Core Banking L3,2026-07-05T00:38:00,Open,,17 mins
,Core Banking L3,2026-07-05T00:52:00,In progress,Emily Carter,10 mins
,Risk & Compliance Ops,2026-07-05T01:26:00,Open,,2hr 05 mins
,Risk & Compliance Ops,2026-07-05T01:50:00,In progress,Aisha Khan,45mins
,Risk & Compliance Ops,2026-07-05T02:30:00,Hold,Fatima Al-Sayed,1hr 30 mins
INC0010040,Payments L2 Support,2026-07-15T15:18:00,Open,,1 hr 0 mins
,Payments L2 Support,2026-07-15T15:38:00,In progress,Arjun Mehta,15 mins
,ABAP Team,2026-07-15T16:36:00,Open,,2 hr 5 mins
,ABAP Team,2026-07-15T16:46:00,In progress,Liam O'Connor,2 hr 5 mins
,ABAP Team,2026-07-15T17:12:00,Closed,Maria Silva,
INC0010041,L3 Team,2026-06-25T07:33:00,Open,,1 hr 0 mins
,L3 Team,2026-06-25T07:58:00,In progress,Emily Carter,1hr 15 mins
,L2 Team,2026-06-25T08:39:00,Open,,45 mins
,L2 Team,2026-06-25T08:52:00,In progress,Noah Williams,45 mins
,Risk & Compliance Ops,2026-06-25T09:51:00,Open,,2hr 13 mins
,Risk & Compliance Ops,2026-06-25T10:18:00,In progress,Wei Zhang,15 mins
INC0010042,L1 Team,2026-08-27T00:18:00,Open,,10mins
,L1 Team,2026-08-27T00:45:00,In progress,Chloe Martin,1 hr 0 mins
,L1 Service Desk,2026-08-27T01:12:00,Open,,1hr 30 mins
,L1 Service Desk,2026-08-27T01:41:00,In progress,Chloe Martin,2hr 13 mins
,Risk & Compliance Ops,2026-08-27T01:59:00,Open,,1 hr 30 mins
,Risk & Compliance Ops,2026-08-27T02:18:00,In progress,Kenji Watanabe,1 hr 15 mins
INC0010043,Core Banking L3,2026-06-08T17:39:00,Open,,45mins
,Core Banking L3,2026-06-08T17:49:00,In progress,Ethan Brooks,1 hr 0 mins
,FI Team,2026-06-08T18:18:00,Open,,15 mins
,FI Team,2026-06-08T18:31:00,In progress,Kenji Watanabe,17 mins
,FI Team,2026-06-08T19:31:00,Closed,Kenji Watanabe,
INC0010044,Access Management Team,2026-08-24T10:00:00,Open,,35 mins
,Access Management Team,2026-08-24T10:27:00,In progress,Noah Williams,35mins
,L1 Service Desk,2026-08-24T11:14:00,Open,,17 mins
,L1 Service Desk,2026-08-24T11:32:00,In progress,Chloe Martin,45mins
,MM Team,2026-08-24T12:04:00,Open,,45mins
,MM Team,2026-08-24T12:23:00,In progress,Fatima Al-Sayed,2 hr 5 mins
,MM Team,2026-08-24T13:09:00,Closed,Wei Zhang,
INC0010045,L3 Team,2026-08-26T03:53:00,Open,,1hr 30 mins
,L3 Team,2026-08-26T04:17:00,In progress,Nadia Rahman,35mins
,Access Management Team,2026-08-26T04:56:00,Open,,35 mins
,Access Management Team,2026-08-26T05:07:00,In progress,Ethan Brooks,1hr 00 mins
,Risk & Compliance Ops,2026-08-26T06:04:00,Open,,2 hr 13 mins
,Risk & Compliance Ops,2026-08-26T06:29:00,In progress,Priya Sharma,17mins
,Risk & Compliance Ops,2026-08-26T07:21:00,Closed,Sofia Rossi,
INC0010046,L1 Team,2026-08-08T23:53:00,Open,,10mins
,L1 Team,2026-08-09T00:07:00,In progress,Noah Williams,15 mins
,Payments L2 Support,2026-08-09T00:38:00,Open,,45mins
,Payments L2 Support,2026-08-09T01:00:00,In progress,Hannah Lee,2 hr 13 mins
,MM Team,2026-08-09T01:39:00,Open,,2 hr 13 mins
,MM Team,2026-08-09T02:04:00,In progress,Daniel Cho,10mins
,MM Team,2026-08-09T02:23:00,Closed,Aisha Khan,
INC0010047,L2 Team,2026-06-02T04:35:00,Open,,1 hr 0 mins
,L2 Team,2026-06-02T05:05:00,In progress,Emily Carter,1 hr 15 mins
,Core Banking L3,2026-06-02T06:04:00,Open,,45 mins
,Core Banking L3,2026-06-02T06:15:00,In progress,Arjun Mehta,45 mins
,ABAP Team,2026-06-02T06:53:00,Open,,35mins
,ABAP Team,2026-06-02T07:16:00,In progress,Fatima Al-Sayed,2 hr 13 mins
INC0010048,L1 Team,2026-06-24T21:49:00,Open,,1 hr 0 mins
,L1 Team,2026-06-24T22:06:00,In progress,Noah Williams,35 mins
,Risk & Compliance Ops,2026-06-24T23:01:00,Open,,45mins
,Risk & Compliance Ops,2026-06-24T23:11:00,In progress,Maria Silva,45mins
INC0010049,L1 Team,2026-08-26T12:47:00,Open,,45mins
,L1 Team,2026-08-26T13:06:00,In progress,Omar Siddiqui,45 mins
,MM Team,2026-08-26T13:40:00,Open,,1hr 00 mins
,MM Team,2026-08-26T13:53:00,In progress,Aisha Khan,1 hr 0 mins
INC0010050,Core Banking L3,2026-07-16T18:15:00,Open,,2hr 13 mins
,Core Banking L3,2026-07-16T18:33:00,In progress,Omar Siddiqui,2 hr 13 mins
,L3 Team,2026-07-16T18:51:00,Open,,2 hr 5 mins
,L3 Team,2026-07-16T19:16:00,In progress,Carlos Mendes,35mins
,ABAP Team,2026-07-16T19:53:00,Open,,35mins
,ABAP Team,2026-07-16T20:11:00,In progress,Wei Zhang,2 hr 13 mins
INC0010051,L3 Team,2026-08-21T12:39:00,Open,,10mins
,L3 Team,2026-08-21T13:00:00,In progress,Noah Williams,15 mins
,MM Team,2026-08-21T13:35:00,Open,,17 mins
,MM Team,2026-08-21T13:49:00,In progress,Kenji Watanabe,1 hr 30 mins
,MM Team,2026-08-21T14:21:00,Closed,Sofia Rossi,
INC0010052,Core Banking L3,2026-05-16T03:53:00,Open,,1 hr 15 mins
,Core Banking L3,2026-05-16T04:07:00,In progress,Nadia Rahman,2 hr 13 mins
,L3 Team,2026-05-16T05:05:00,Open,,1 hr 0 mins
,L3 Team,2026-05-16T05:26:00,In progress,Chloe Martin,1 hr 0 mins
,ABAP Team,2026-05-16T05:57:00,Open,,1hr 15 mins
,ABAP Team,2026-05-16T06:15:00,In progress,Fatima Al-Sayed,1 hr 0 mins
,ABAP Team,2026-05-16T06:53:00,Hold,James Cole,2 hr 13 mins
INC0010053,Payments L2 Support,2026-05-31T13:42:00,Open,,45mins
,Payments L2 Support,2026-05-31T13:59:00,In progress,Emily Carter,2hr 13 mins
,Risk & Compliance Ops,2026-05-31T14:58:00,Open,,1 hr 0 mins
,Risk & Compliance Ops,2026-05-31T15:12:00,In progress,James Cole,10 mins
INC0010054,L1 Team,2026-08-18T01:55:00,Open,,1 hr 30 mins
,L1 Team,2026-08-18T02:17:00,In progress,Chloe Martin,45mins
,FI Team,2026-08-18T03:16:00,Open,,1 hr 0 mins
,FI Team,2026-08-18T03:30:00,In progress,James Cole,1 hr 15 mins
,FI Team,2026-08-18T04:11:00,Closed,Sofia Rossi,
INC0010055,L2 Team,2026-08-25T18:18:00,Open,,35 mins
,L2 Team,2026-08-25T18:31:00,In progress,Omar Siddiqui,1 hr 30 mins
,L1 Service Desk,2026-08-25T19:08:00,Open,,10 mins
,L1 Service Desk,2026-08-25T19:26:00,In progress,Carlos Mendes,15 mins
,MM Team,2026-08-25T19:46:00,Open,,2 hr 13 mins
,MM Team,2026-08-25T20:15:00,In progress,Priya Sharma,10 mins
,MM Team,2026-08-25T20:45:00,Hold,Wei Zhang,2 hr 5 mins
INC0010056,Payments L2 Support,2026-07-28T00:15:00,Open,,35 mins
,Payments L2 Support,2026-07-28T00:29:00,In progress,Arjun Mehta,45 mins
,FI Team,2026-07-28T00:52:00,Open,,17 mins
,FI Team,2026-07-28T01:02:00,In progress,Wei Zhang,10 mins
,FI Team,2026-07-28T01:32:00,Hold,Fatima Al-Sayed,45 mins
INC0010057,L1 Team,2026-06-14T17:43:00,Open,,1 hr 0 mins
,L1 Team,2026-06-14T17:56:00,In progress,Ethan Brooks,1hr 15 mins
,L2 Team,2026-06-14T18:43:00,Open,,2 hr 5 mins
,L2 Team,2026-06-14T19:07:00,In progress,Arjun Mehta,2 hr 13 mins
,Trade Support L2,2026-06-14T19:41:00,Open,,10 mins
,Trade Support L2,2026-06-14T20:06:00,In progress,Kenji Watanabe,1 hr 0 mins
INC0010058,Core Banking L3,2026-08-13T12:52:00,Open,,15 mins
,Core Banking L3,2026-08-13T13:21:00,In progress,Emily Carter,17 mins
,L1 Service Desk,2026-08-13T14:15:00,Open,,2 hr 13 mins
,L1 Service Desk,2026-08-13T14:42:00,In progress,Chloe Martin,2 hr 5 mins
,ABAP Team,2026-08-13T15:15:00,Open,,2hr 05 mins
,ABAP Team,2026-08-13T15:28:00,In progress,James Cole,2 hr 13 mins
INC0010059,L1 Service Desk,2026-06-04T00:45:00,Open,,35 mins
,L1 Service Desk,2026-06-04T01:05:00,In progress,Chloe Martin,1 hr 0 mins
,MM Team,2026-06-04T01:26:00,Open,,45mins
,MM Team,2026-06-04T01:44:00,In progress,Sofia Rossi,17mins
INC0010060,L1 Team,2026-08-18T22:28:00,Open,,15 mins
,L1 Team,2026-08-18T22:41:00,In progress,Hannah Lee,17mins
,ABAP Team,2026-08-18T22:59:00,Open,,1 hr 30 mins
,ABAP Team,2026-08-18T23:19:00,In progress,Daniel Cho,1hr 00 mins
,ABAP Team,2026-08-19T00:16:00,Hold,Kenji Watanabe,10 mins
INC0010061,L3 Team,2026-07-22T03:38:00,Open,,1 hr 30 mins
,L3 Team,2026-07-22T03:52:00,In progress,Nadia Rahman,15 mins
,L1 Team,2026-07-22T04:42:00,Open,,45 mins
,L1 Team,2026-07-22T05:00:00,In progress,Omar Siddiqui,1 hr 30 mins
,Risk & Compliance Ops,2026-07-22T05:54:00,Open,,1 hr 30 mins
,Risk & Compliance Ops,2026-07-22T06:23:00,In progress,Liam O'Connor,10 mins
,Risk & Compliance Ops,2026-07-22T06:55:00,Hold,Liam O'Connor,45 mins
INC0010062,Access Management Team,2026-08-07T10:34:00,Open,,2 hr 5 mins
,Access Management Team,2026-08-07T10:56:00,In progress,Chloe Martin,2 hr 13 mins
,FI Team,2026-08-07T11:16:00,Open,,35 mins
,FI Team,2026-08-07T11:39:00,In progress,Maria Silva,45 mins
,FI Team,2026-08-07T12:17:00,Closed,Liam O'Connor,
INC0010063,L1 Team,2026-08-16T15:12:00,Open,,17mins
,L1 Team,2026-08-16T15:23:00,In progress,Hannah Lee,1 hr 15 mins
,FI Team,2026-08-16T16:05:00,Open,,1hr 15 mins
,FI Team,2026-08-16T16:23:00,In progress,Aisha Khan,1 hr 30 mins
INC0010064,L1 Team,2026-08-16T01:46:00,Open,,2 hr 13 mins
,L1 Team,2026-08-16T02:11:00,In progress,Ethan Brooks,2hr 13 mins
,L3 Team,2026-08-16T02:28:00,Open,,35 mins
,L3 Team,2026-08-16T02:57:00,In progress,Arjun Mehta,10 mins
,Trade Support L2,2026-08-16T03:31:00,Open,,17 mins
,Trade Support L2,2026-08-16T03:50:00,In progress,Kenji Watanabe,10 mins
,Trade Support L2,2026-08-16T04:32:00,Closed,Kenji Watanabe,
INC0010065,Payments L2 Support,2026-08-21T22:33:00,Open,,2hr 13 mins
,Payments L2 Support,2026-08-21T22:45:00,In progress,Emily Carter,1 hr 0 mins
,Risk & Compliance Ops,2026-08-21T23:29:00,Open,,45mins
,Risk & Compliance Ops,2026-08-21T23:52:00,In progress,Fatima Al-Sayed,1 hr 0 mins
,Risk & Compliance Ops,2026-08-22T00:47:00,Closed,Kenji Watanabe,
INC0010066,L1 Service Desk,2026-07-01T07:50:00,Open,,45 mins
,L1 Service Desk,2026-07-01T08:19:00,In progress,Chloe Martin,45 mins
,ABAP Team,2026-07-01T09:01:00,Open,,35 mins
,ABAP Team,2026-07-01T09:29:00,In progress,Maria Silva,15 mins
,ABAP Team,2026-07-01T10:03:00,Closed,Aisha Khan,
INC0010067,L1 Team,2026-07-02T07:51:00,Open,,2 hr 13 mins
,L1 Team,2026-07-02T08:17:00,In progress,Omar Siddiqui,45mins
,Risk & Compliance Ops,2026-07-02T09:13:00,Open,,35 mins
,Risk & Compliance Ops,2026-07-02T09:27:00,In progress,Liam O'Connor,35 mins
,Risk & Compliance Ops,2026-07-02T10:20:00,Closed,Wei Zhang,
INC0010068,L2 Team,2026-08-27T18:56:00,Open,,1hr 15 mins
,L2 Team,2026-08-27T19:24:00,In progress,Ethan Brooks,2 hr 13 mins
,Trade Support L2,2026-08-27T20:20:00,Open,,2hr 05 mins
,Trade Support L2,2026-08-27T20:50:00,In progress,Sofia Rossi,17 mins
,Trade Support L2,2026-08-27T21:09:00,Hold,Maria Silva,1 hr 15 mins
INC0010069,Payments L2 Support,2026-07-26T07:21:00,Open,,1 hr 30 mins
,Payments L2 Support,2026-07-26T07:40:00,In progress,Arjun Mehta,10 mins
,L1 Team,2026-07-26T08:13:00,Open,,15mins
,L1 Team,2026-07-26T08:25:00,In progress,Ethan Brooks,1hr 00 mins
,SD Team,2026-07-26T09:17:00,Open,,10 mins
,SD Team,2026-07-26T09:45:00,In progress,Aisha Khan,45mins
,SD Team,2026-07-26T10:30:00,Hold,Daniel Cho,17 mins
INC0010070,Access Management Team,2026-08-19T20:49:00,Open,,15mins
,Access Management Team,2026-08-19T21:19:00,In progress,Hannah Lee,35mins
,SD Team,2026-08-19T22:02:00,Open,,1 hr 30 mins
,SD Team,2026-08-19T22:31:00,In progress,Wei Zhang,45 mins
,SD Team,2026-08-19T23:04:00,Closed,Kenji Watanabe,
INC0010071,Core Banking L3,2026-08-09T13:12:00,Open,,2 hr 13 mins
,Core Banking L3,2026-08-09T13:32:00,In progress,Noah Williams,15mins
,Payments L2 Support,2026-08-09T14:30:00,Open,,1hr 00 mins
,Payments L2 Support,2026-08-09T14:48:00,In progress,Nadia Rahman,45 mins
,ABAP Team,2026-08-09T15:40:00,Open,,45 mins
,ABAP Team,2026-08-09T16:10:00,In progress,Kenji Watanabe,17mins
,ABAP Team,2026-08-09T17:10:00,Hold,James Cole,45mins
INC0010072,Access Management Team,2026-06-08T11:03:00,Open,,2 hr 13 mins
,Access Management Team,2026-06-08T11:15:00,In progress,Chloe Martin,1hr 30 mins
,L2 Team,2026-06-08T11:31:00,Open,,45 mins
,L2 Team,2026-06-08T11:46:00,In progress,Omar Siddiqui,1 hr 15 mins
,Trade Support L2,2026-06-08T12:15:00,Open,,17 mins
,Trade Support L2,2026-06-08T12:34:00,In progress,James Cole,1 hr 30 mins
,Trade Support L2,2026-06-08T13:22:00,Closed,Priya Sharma,
INC0010073,Access Management Team,2026-07-30T11:28:00,Open,,2hr 05 mins
,Access Management Team,2026-07-30T11:42:00,In progress,Nadia Rahman,2 hr 5 mins
,Payments L2 Support,2026-07-30T12:25:00,Open,,10 mins
,Payments L2 Support,2026-07-30T12:46:00,In progress,Carlos Mendes,1 hr 15 mins
,FI Team,2026-07-30T13:19:00,Open,,1 hr 15 mins
,FI Team,2026-07-30T13:46:00,In progress,Aisha Khan,45 mins
,FI Team,2026-07-30T14:13:00,Closed,Sofia Rossi,
INC0010074,L1 Service Desk,2026-05-19T16:29:00,Open,,1 hr 30 mins
,L1 Service Desk,2026-05-19T16:52:00,In progress,Nadia Rahman,2 hr 5 mins
,L3 Team,2026-05-19T17:23:00,Open,,10mins
,L3 Team,2026-05-19T17:48:00,In progress,Mei Tan,15mins
,MM Team,2026-05-19T18:36:00,Open,,45 mins
,MM Team,2026-05-19T18:51:00,In progress,Liam O'Connor,1 hr 15 mins
,MM Team,2026-05-19T19:15:00,Closed,Kenji Watanabe,
INC0010075,Access Management Team,2026-08-26T16:42:00,Open,,45 mins
,Access Management Team,2026-08-26T17:05:00,In progress,Arjun Mehta,1hr 30 mins
,MM Team,2026-08-26T17:35:00,Open,,15 mins
,MM Team,2026-08-26T17:52:00,In progress,Priya Sharma,45 mins
INC0010076,Access Management Team,2026-08-24T02:30:00,Open,,10 mins
,Access Management Team,2026-08-24T02:55:00,In progress,Noah Williams,1hr 15 mins
,L2 Team,2026-08-24T03:49:00,Open,,10 mins
,L2 Team,2026-08-24T03:59:00,In progress,Carlos Mendes,35 mins
,FI Team,2026-08-24T04:49:00,Open,,2 hr 5 mins
,FI Team,2026-08-24T05:12:00,In progress,Kenji Watanabe,45 mins
,FI Team,2026-08-24T05:46:00,Closed,Kenji Watanabe,
INC0010077,Core Banking L3,2026-08-19T02:08:00,Open,,15 mins
,Core Banking L3,2026-08-19T02:33:00,In progress,Arjun Mehta,2 hr 13 mins
,Payments L2 Support,2026-08-19T03:24:00,Open,,35mins
,Payments L2 Support,2026-08-19T03:38:00,In progress,Arjun Mehta,2hr 05 mins
,MM Team,2026-08-19T04:08:00,Open,,17mins
,MM Team,2026-08-19T04:20:00,In progress,Daniel Cho,45 mins
,MM Team,2026-08-19T05:08:00,Hold,Daniel Cho,1 hr 30 mins
INC0010078,L1 Service Desk,2026-08-21T19:04:00,Open,,10mins
,L1 Service Desk,2026-08-21T19:26:00,In progress,Carlos Mendes,10 mins
,MM Team,2026-08-21T19:45:00,Open,,2 hr 13 mins
,MM Team,2026-08-21T19:58:00,In progress,Fatima Al-Sayed,45 mins
INC0010079,Payments L2 Support,2026-06-15T13:56:00,Open,,17mins
,Payments L2 Support,2026-06-15T14:20:00,In progress,Chloe Martin,2 hr 13 mins
,L3 Team,2026-06-15T14:43:00,Open,,15mins
,L3 Team,2026-06-15T15:07:00,In progress,Mei Tan,35 mins
,Trade Support L2,2026-06-15T15:34:00,Open,,45 mins
,Trade Support L2,2026-06-15T16:00:00,In progress,Kenji Watanabe,1hr 30 mins
,Trade Support L2,2026-06-15T16:31:00,Closed,Priya Sharma,
INC0010080,L3 Team,2026-06-07T23:19:00,Open,,10mins
,L3 Team,2026-06-07T23:39:00,In progress,Carlos Mendes,15 mins
,SD Team,2026-06-08T00:21:00,Open,,1hr 15 mins
,SD Team,2026-06-08T00:41:00,In progress,Daniel Cho,1hr 15 mins
,SD Team,2026-06-08T01:29:00,Closed,Sofia Rossi,
INC0010081,L1 Team,2026-05-16T03:46:00,Open,,17mins
,L1 Team,2026-05-16T04:05:00,In progress,Emily Carter,45mins
,L1 Service Desk,2026-05-16T04:38:00,Open,,45 mins
,L1 Service Desk,2026-05-16T05:07:00,In progress,Noah Williams,1hr 15 mins
,Risk & Compliance Ops,2026-05-16T05:50:00,Open,,45mins
,Risk & Compliance Ops,2026-05-16T06:13:00,In progress,Liam O'Connor,2 hr 13 mins
INC0010082,L3 Team,2026-06-11T07:20:00,Open,,2 hr 13 mins
,L3 Team,2026-06-11T07:30:00,In progress,Noah Williams,2 hr 5 mins
,Payments L2 Support,2026-06-11T08:13:00,Open,,10 mins
,Payments L2 Support,2026-06-11T08:25:00,In progress,Nadia Rahman,2hr 13 mins
,Trade Support L2,2026-06-11T09:03:00,Open,,2 hr 5 mins
,Trade Support L2,2026-06-11T09:32:00,In progress,Priya Sharma,1hr 15 mins
INC0010083,Access Management Team,2026-08-27T08:16:00,Open,,17mins
,Access Management Team,2026-08-27T08:37:00,In progress,Hannah Lee,35 mins
,L1 Team,2026-08-27T08:53:00,Open,,17 mins
,L1 Team,2026-08-27T09:19:00,In progress,Mei Tan,15 mins
,Risk & Compliance Ops,2026-08-27T09:50:00,Open,,35mins
,Risk & Compliance Ops,2026-08-27T10:09:00,In progress,Maria Silva,35 mins
,Risk & Compliance Ops,2026-08-27T10:32:00,Closed,James Cole,
INC0010084,Core Banking L3,2026-07-31T02:24:00,Open,,15mins
,Core Banking L3,2026-07-31T02:44:00,In progress,Noah Williams,1 hr 30 mins
,MM Team,2026-07-31T03:17:00,Open,,17mins
,MM Team,2026-07-31T03:47:00,In progress,Wei Zhang,45mins
,MM Team,2026-07-31T04:16:00,Closed,James Cole,
INC0010085,L2 Team,2026-07-04T04:05:00,Open,,10 mins
,L2 Team,2026-07-04T04:32:00,In progress,Mei Tan,45 mins
,MM Team,2026-07-04T05:22:00,Open,,15 mins
,MM Team,2026-07-04T05:41:00,In progress,Daniel Cho,1 hr 15 mins
INC0010086,Access Management Team,2026-07-01T02:58:00,Open,,17 mins
,Access Management Team,2026-07-01T03:28:00,In progress,Carlos Mendes,1 hr 15 mins
,Payments L2 Support,2026-07-01T04:16:00,Open,,45 mins
,Payments L2 Support,2026-07-01T04:43:00,In progress,Noah Williams,17 mins
,ABAP Team,2026-07-01T05:30:00,Open,,10 mins
,ABAP Team,2026-07-01T05:56:00,In progress,Wei Zhang,45 mins
,ABAP Team,2026-07-01T06:21:00,Closed,Sofia Rossi,
INC0010087,Payments L2 Support,2026-08-20T00:49:00,Open,,45 mins
,Payments L2 Support,2026-08-20T01:19:00,In progress,Ethan Brooks,45 mins
,L3 Team,2026-08-20T02:14:00,Open,,45mins
,L3 Team,2026-08-20T02:41:00,In progress,Emily Carter,1 hr 30 mins
,ABAP Team,2026-08-20T03:06:00,Open,,2 hr 5 mins
,ABAP Team,2026-08-20T03:21:00,In progress,Sofia Rossi,2hr 05 mins
,ABAP Team,2026-08-20T04:12:00,Hold,Sofia Rossi,10 mins
INC0010088,Core Banking L3,2026-05-18T14:00:00,Open,,1 hr 0 mins
,Core Banking L3,2026-05-18T14:30:00,In progress,Nadia Rahman,2 hr 13 mins
,L2 Team,2026-05-18T15:03:00,Open,,2hr 13 mins
,L2 Team,2026-05-18T15:28:00,In progress,Nadia Rahman,2hr 13 mins
,Risk & Compliance Ops,2026-05-18T16:02:00,Open,,10 mins
,Risk & Compliance Ops,2026-05-18T16:26:00,In progress,Kenji Watanabe,1hr 15 mins
INC0010089,Payments L2 Support,2026-06-08T14:38:00,Open,,45mins
,Payments L2 Support,2026-06-08T14:59:00,In progress,Omar Siddiqui,17 mins
,L2 Team,2026-06-08T15:46:00,Open,,1 hr 30 mins
,L2 Team,2026-06-08T16:06:00,In progress,Nadia Rahman,1 hr 15 mins
,SD Team,2026-06-08T16:38:00,Open,,17 mins
,SD Team,2026-06-08T16:49:00,In progress,Kenji Watanabe,1 hr 0 mins
INC0010090,Access Management Team,2026-06-30T11:14:00,Open,,45mins
,Access Management Team,2026-06-30T11:34:00,In progress,Nadia Rahman,17 mins
,FI Team,2026-06-30T12:21:00,Open,,45 mins
,FI Team,2026-06-30T12:31:00,In progress,Aisha Khan,1 hr 0 mins
INC0010091,L2 Team,2026-08-04T04:19:00,Open,,45 mins
,L2 Team,2026-08-04T04:30:00,In progress,Ethan Brooks,45mins
,Risk & Compliance Ops,2026-08-04T04:45:00,Open,,1 hr 0 mins
,Risk & Compliance Ops,2026-08-04T05:03:00,In progress,Sofia Rossi,1hr 00 mins
,Risk & Compliance Ops,2026-08-04T05:20:00,Closed,Kenji Watanabe,
INC0010092,L3 Team,2026-08-25T02:57:00,Open,,45 mins
,L3 Team,2026-08-25T03:19:00,In progress,Ethan Brooks,1 hr 15 mins
,Risk & Compliance Ops,2026-08-25T03:51:00,Open,,2 hr 5 mins
,Risk & Compliance Ops,2026-08-25T04:20:00,In progress,Maria Silva,15 mins
,Risk & Compliance Ops,2026-08-25T04:58:00,Closed,Sofia Rossi,
INC0010093,Access Management Team,2026-08-24T11:12:00,Open,,2 hr 5 mins
,Access Management Team,2026-08-24T11:34:00,In progress,Ethan Brooks,10 mins
,L2 Team,2026-08-24T11:51:00,Open,,17mins
,L2 Team,2026-08-24T12:11:00,In progress,Chloe Martin,1hr 30 mins
,FI Team,2026-08-24T12:35:00,Open,,1 hr 30 mins
,FI Team,2026-08-24T12:55:00,In progress,Kenji Watanabe,17 mins
,FI Team,2026-08-24T13:49:00,Hold,Sofia Rossi,2hr 05 mins
INC0010094,Core Banking L3,2026-05-16T04:33:00,Open,,1 hr 15 mins
,Core Banking L3,2026-05-16T04:54:00,In progress,Emily Carter,1 hr 0 mins
,Payments L2 Support,2026-05-16T05:28:00,Open,,2 hr 13 mins
,Payments L2 Support,2026-05-16T05:57:00,In progress,Carlos Mendes,10mins
,SD Team,2026-05-16T06:42:00,Open,,2 hr 13 mins
,SD Team,2026-05-16T07:11:00,In progress,Kenji Watanabe,17mins
INC0010095,Payments L2 Support,2026-07-04T03:01:00,Open,,15 mins
,Payments L2 Support,2026-07-04T03:11:00,In progress,Chloe Martin,17 mins
,Trade Support L2,2026-07-04T04:10:00,Open,,1 hr 30 mins
,Trade Support L2,2026-07-04T04:35:00,In progress,Priya Sharma,17mins
INC0010096,Core Banking L3,2026-08-20T21:15:00,Open,,1hr 00 mins
,Core Banking L3,2026-08-20T21:30:00,In progress,Chloe Martin,1hr 30 mins
,L1 Service Desk,2026-08-20T22:19:00,Open,,45mins
,L1 Service Desk,2026-08-20T22:49:00,In progress,Carlos Mendes,2hr 05 mins
,Risk & Compliance Ops,2026-08-20T23:16:00,Open,,45mins
,Risk & Compliance Ops,2026-08-20T23:35:00,In progress,Sofia Rossi,45 mins
,Risk & Compliance Ops,2026-08-21T00:35:00,Closed,Sofia Rossi,
INC0010097,L1 Service Desk,2026-08-04T10:21:00,Open,,45 mins
,L1 Service Desk,2026-08-04T10:34:00,In progress,Mei Tan,2 hr 13 mins
,L3 Team,2026-08-04T11:13:00,Open,,1hr 00 mins
,L3 Team,2026-08-04T11:27:00,In progress,Carlos Mendes,10 mins
,Risk & Compliance Ops,2026-08-04T12:27:00,Open,,1 hr 15 mins
,Risk & Compliance Ops,2026-08-04T12:45:00,In progress,Liam O'Connor,35mins
INC0010098,L2 Team,2026-06-03T20:40:00,Open,,2 hr 5 mins
,L2 Team,2026-06-03T20:57:00,In progress,Chloe Martin,1 hr 30 mins
,L1 Team,2026-06-03T21:52:00,Open,,35 mins
,L1 Team,2026-06-03T22:05:00,In progress,Ethan Brooks,15mins
,Risk & Compliance Ops,2026-06-03T22:28:00,Open,,1 hr 30 mins
,Risk & Compliance Ops,2026-06-03T22:51:00,In progress,Maria Silva,1 hr 15 mins
INC0010099,L3 Team,2026-08-07T13:37:00,Open,,10 mins
,L3 Team,2026-08-07T14:07:00,In progress,Mei Tan,35mins
,Access Management Team,2026-08-07T14:24:00,Open,,17 mins
,Access Management Team,2026-08-07T14:39:00,In progress,Arjun Mehta,1hr 00 mins
,Trade Support L2,2026-08-07T15:05:00,Open,,45 mins
,Trade Support L2,2026-08-07T15:15:00,In progress,Sofia Rossi,2 hr 5 mins
,Trade Support L2,2026-08-07T15:51:00,Closed,Sofia Rossi,
INC0010100,L2 Team,2026-08-24T09:15:00,Open,,45 mins
,L2 Team,2026-08-24T09:28:00,In progress,Ethan Brooks,2hr 13 mins
,Payments L2 Support,2026-08-24T10:28:00,Open,,17 mins
,Payments L2 Support,2026-08-24T10:48:00,In progress,Carlos Mendes,17mins
,MM Team,2026-08-24T11:43:00,Open,,1 hr 0 mins
,MM Team,2026-08-24T12:03:00,In progress,James Cole,1 hr 0 mins
,MM Team,2026-08-24T12:24:00,Closed,Wei Zhang,
INC0010101,L3 Team,2026-08-14T13:31:00,Open,,45 mins
,L3 Team,2026-08-14T13:48:00,In progress,Chloe Martin,45 mins
,L2 Team,2026-08-14T14:22:00,Open,,2 hr 5 mins
,L2 Team,2026-08-14T14:50:00,In progress,Arjun Mehta,45mins
,ABAP Team,2026-08-14T15:28:00,Open,,10mins
,ABAP Team,2026-08-14T15:41:00,In progress,Priya Sharma,17 mins
,ABAP Team,2026-08-14T16:39:00,Hold,Priya Sharma,45mins
INC0010102,L3 Team,2026-07-16T17:36:00,Open,,35 mins
,L3 Team,2026-07-16T18:01:00,In progress,Arjun Mehta,2hr 05 mins
,Payments L2 Support,2026-07-16T18:42:00,Open,,1hr 30 mins
,Payments L2 Support,2026-07-16T19:09:00,In progress,Carlos Mendes,35mins
,FI Team,2026-07-16T20:02:00,Open,,15mins
,FI Team,2026-07-16T20:26:00,In progress,Daniel Cho,45 mins
,FI Team,2026-07-16T21:17:00,Closed,James Cole,
INC0010103,Payments L2 Support,2026-06-28T03:59:00,Open,,17 mins
,Payments L2 Support,2026-06-28T04:19:00,In progress,Ethan Brooks,1 hr 15 mins
,Risk & Compliance Ops,2026-06-28T05:17:00,Open,,2hr 05 mins
,Risk & Compliance Ops,2026-06-28T05:29:00,In progress,Daniel Cho,10 mins
INC0010104,L1 Service Desk,2026-07-05T19:59:00,Open,,1hr 30 mins
,L1 Service Desk,2026-07-05T20:18:00,In progress,Omar Siddiqui,45 mins
,Payments L2 Support,2026-07-05T20:46:00,Open,,2 hr 5 mins
,Payments L2 Support,2026-07-05T20:57:00,In progress,Emily Carter,1 hr 30 mins
,ABAP Team,2026-07-05T21:16:00,Open,,1 hr 15 mins
,ABAP Team,2026-07-05T21:35:00,In progress,Kenji Watanabe,17 mins
,ABAP Team,2026-07-05T22:31:00,Closed,Kenji Watanabe,
INC0010105,L1 Service Desk,2026-08-27T20:39:00,Open,,15mins
,L1 Service Desk,2026-08-27T21:06:00,In progress,Noah Williams,2hr 13 mins
,Access Management Team,2026-08-27T21:28:00,Open,,17mins
,Access Management Team,2026-08-27T21:50:00,In progress,Ethan Brooks,17mins
,MM Team,2026-08-27T22:19:00,Open,,10 mins
,MM Team,2026-08-27T22:43:00,In progress,Kenji Watanabe,1hr 30 mins
,MM Team,2026-08-27T23:32:00,Closed,Kenji Watanabe,
INC0010106,L1 Service Desk,2026-08-08T04:10:00,Open,,17 mins
,L1 Service Desk,2026-08-08T04:26:00,In progress,Noah Williams,10mins
,SD Team,2026-08-08T05:07:00,Open,,10 mins
,SD Team,2026-08-08T05:23:00,In progress,James Cole,15mins
,SD Team,2026-08-08T05:40:00,Hold,Maria Silva,2 hr 5 mins
INC0010107,Core Banking L3,2026-05-31T19:01:00,Open,,1hr 00 mins
,Core Banking L3,2026-05-31T19:18:00,In progress,Arjun Mehta,17mins
,ABAP Team,2026-05-31T19:51:00,Open,,2hr 05 mins
,ABAP Team,2026-05-31T20:19:00,In progress,Fatima Al-Sayed,2hr 13 mins
INC0010108,L2 Team,2026-06-12T18:16:00,Open,,35 mins
,L2 Team,2026-06-12T18:35:00,In progress,Mei Tan,2 hr 5 mins
,Core Banking L3,2026-06-12T19:01:00,Open,,2 hr 13 mins
,Core Banking L3,2026-06-12T19:24:00,In progress,Arjun Mehta,45mins
,Risk & Compliance Ops,2026-06-12T20:21:00,Open,,1hr 30 mins
,Risk & Compliance Ops,2026-06-12T20:44:00,In progress,Kenji Watanabe,17 mins
INC0010109,Access Management Team,2026-07-01T15:39:00,Open,,1 hr 15 mins
,Access Management Team,2026-07-01T15:56:00,In progress,Noah Williams,1 hr 15 mins
,Risk & Compliance Ops,2026-07-01T16:46:00,Open,,1 hr 0 mins
,Risk & Compliance Ops,2026-07-01T17:12:00,In progress,Wei Zhang,1 hr 0 mins
INC0010110,L3 Team,2026-07-10T11:30:00,Open,,15 mins
,L3 Team,2026-07-10T11:51:00,In progress,Emily Carter,1 hr 30 mins
,Trade Support L2,2026-07-10T12:18:00,Open,,1 hr 0 mins
,Trade Support L2,2026-07-10T12:47:00,In progress,Liam O'Connor,15 mins
INC0010111,L1 Service Desk,2026-05-17T07:13:00,Open,,45 mins
,L1 Service Desk,2026-05-17T07:23:00,In progress,Nadia Rahman,35mins
,FI Team,2026-05-17T07:45:00,Open,,1 hr 15 mins
,FI Team,2026-05-17T08:14:00,In progress,Maria Silva,35mins
,FI Team,2026-05-17T08:49:00,Closed,Maria Silva,
INC0010112,L3 Team,2026-08-19T05:52:00,Open,,1hr 30 mins
,L3 Team,2026-08-19T06:16:00,In progress,Emily Carter,1hr 15 mins
,Access Management Team,2026-08-19T06:44:00,Open,,45 mins
,Access Management Team,2026-08-19T07:07:00,In progress,Arjun Mehta,2 hr 5 mins
,SD Team,2026-08-19T07:31:00,Open,,1 hr 30 mins
,SD Team,2026-08-19T07:59:00,In progress,Liam O'Connor,17 mins
INC0010113,L1 Service Desk,2026-06-27T07:46:00,Open,,35 mins
,L1 Service Desk,2026-06-27T08:13:00,In progress,Omar Siddiqui,45 mins
,Risk & Compliance Ops,2026-06-27T09:09:00,Open,,1 hr 15 mins
,Risk & Compliance Ops,2026-06-27T09:30:00,In progress,Wei Zhang,17mins
,Risk & Compliance Ops,2026-06-27T10:19:00,Closed,Maria Silva,
INC0010114,Payments L2 Support,2026-07-11T20:41:00,Open,,15mins
,Payments L2 Support,2026-07-11T20:52:00,In progress,Chloe Martin,17mins
,ABAP Team,2026-07-11T21:21:00,Open,,17 mins
,ABAP Team,2026-07-11T21:37:00,In progress,Daniel Cho,1hr 15 mins
INC0010115,Core Banking L3,2026-07-25T15:21:00,Open,,10mins
,Core Banking L3,2026-07-25T15:48:00,In progress,Omar Siddiqui,10 mins
,L1 Service Desk,2026-07-25T16:36:00,Open,,45mins
,L1 Service Desk,2026-07-25T16:55:00,In progress,Arjun Mehta,1 hr 30 mins
,ABAP Team,2026-07-25T17:53:00,Open,,17 mins
,ABAP Team,2026-07-25T18:06:00,In progress,Wei Zhang,35 mins
INC0010116,Access Management Team,2026-06-26T22:05:00,Open,,1 hr 0 mins
,Access Management Team,2026-06-26T22:26:00,In progress,Ethan Brooks,2 hr 5 mins
,L3 Team,2026-06-26T23:25:00,Open,,35 mins
,L3 Team,2026-06-26T23:37:00,In progress,Arjun Mehta,15 mins
,SD Team,2026-06-27T00:16:00,Open,,1 hr 15 mins
,SD Team,2026-06-27T00:46:00,In progress,Priya Sharma,17 mins
INC0010117,Core Banking L3,2026-07-30T19:42:00,Open,,15mins
,Core Banking L3,2026-07-30T19:53:00,In progress,Ethan Brooks,2hr 05 mins
,L3 Team,2026-07-30T20:25:00,Open,,10 mins
,L3 Team,2026-07-30T20:43:00,In progress,Arjun Mehta,17 mins
,Risk & Compliance Ops,2026-07-30T20:59:00,Open,,2 hr 5 mins
,Risk & Compliance Ops,2026-07-30T21:21:00,In progress,James Cole,45 mins
,Risk & Compliance Ops,2026-07-30T22:12:00,Closed,Aisha Khan,
INC0010118,Core Banking L3,2026-06-02T01:34:00,Open,,1 hr 0 mins
,Core Banking L3,2026-06-02T01:48:00,In progress,Emily Carter,1 hr 30 mins
,Payments L2 Support,2026-06-02T02:25:00,Open,,10 mins
,Payments L2 Support,2026-06-02T02:48:00,In progress,Chloe Martin,15 mins
,SD Team,2026-06-02T03:41:00,Open,,2hr 05 mins
,SD Team,2026-06-02T04:01:00,In progress,Priya Sharma,2hr 13 mins
,SD Team,2026-06-02T04:44:00,Closed,Maria Silva,
INC0010119,Payments L2 Support,2026-08-26T09:25:00,Open,,17mins
,Payments L2 Support,2026-08-26T09:53:00,In progress,Noah Williams,2hr 05 mins
,L1 Service Desk,2026-08-26T10:23:00,Open,,15 mins
,L1 Service Desk,2026-08-26T10:41:00,In progress,Emily Carter,2 hr 13 mins
,MM Team,2026-08-26T11:20:00,Open,,15 mins
,MM Team,2026-08-26T11:30:00,In progress,Liam O'Connor,1hr 15 mins
INC0010120,L2 Team,2026-07-29T09:08:00,Open,,17 mins
,L2 Team,2026-07-29T09:32:00,In progress,Mei Tan,1 hr 0 mins
,ABAP Team,2026-07-29T09:48:00,Open,,1 hr 30 mins
,ABAP Team,2026-07-29T10:17:00,In progress,Fatima Al-Sayed,45 mins
INC0010121,L1 Service Desk,2026-08-19T04:49:00,Open,,1 hr 30 mins
,L1 Service Desk,2026-08-19T05:17:00,In progress,Chloe Martin,17 mins
,Access Management Team,2026-08-19T05:49:00,Open,,45 mins
,Access Management Team,2026-08-19T06:14:00,In progress,Noah Williams,17 mins
,ABAP Team,2026-08-19T06:46:00,Open,,1 hr 15 mins
,ABAP Team,2026-08-19T07:07:00,In progress,Liam O'Connor,35mins
INC0010122,Payments L2 Support,2026-08-12T16:13:00,Open,,1 hr 15 mins
,Payments L2 Support,2026-08-12T16:27:00,In progress,Chloe Martin,45mins
,Access Management Team,2026-08-12T17:06:00,Open,,45 mins
,Access Management Team,2026-08-12T17:26:00,In progress,Noah Williams,45 mins
,FI Team,2026-08-12T18:19:00,Open,,35 mins
,FI Team,2026-08-12T18:39:00,In progress,Wei Zhang,1hr 00 mins
,FI Team,2026-08-12T19:12:00,Closed,Maria Silva,
INC0010123,L3 Team,2026-08-10T10:54:00,Open,,45 mins
,L3 Team,2026-08-10T11:15:00,In progress,Hannah Lee,2 hr 5 mins
,MM Team,2026-08-10T12:07:00,Open,,17mins
,MM Team,2026-08-10T12:34:00,In progress,Priya Sharma,1 hr 15 mins
,MM Team,2026-08-10T13:02:00,Closed,Maria Silva,
INC0010124,Access Management Team,2026-08-25T21:22:00,Open,,2hr 13 mins
,Access Management Team,2026-08-25T21:36:00,In progress,Nadia Rahman,45mins
,MM Team,2026-08-25T22:00:00,Open,,1 hr 0 mins
,MM Team,2026-08-25T22:24:00,In progress,Fatima Al-Sayed,1 hr 15 mins
,MM Team,2026-08-25T23:04:00,Closed,Daniel Cho,
INC0010125,Payments L2 Support,2026-05-12T00:47:00,Open,,1 hr 30 mins
,Payments L2 Support,2026-05-12T01:17:00,In progress,Emily Carter,35mins
,L1 Team,2026-05-12T02:14:00,Open,,45 mins
,L1 Team,2026-05-12T02:44:00,In progress,Chloe Martin,45 mins
,SD Team,2026-05-12T03:05:00,Open,,45 mins
,SD Team,2026-05-12T03:31:00,In progress,Daniel Cho,1 hr 30 mins
INC0010126,L1 Service Desk,2026-07-12T23:44:00,Open,,1hr 00 mins
,L1 Service Desk,2026-07-13T00:12:00,In progress,Noah Williams,45 mins
,SD Team,2026-07-13T00:57:00,Open,,1 hr 0 mins
,SD Team,2026-07-13T01:10:00,In progress,Wei Zhang,45 mins
INC0010127,Access Management Team,2026-08-27T00:53:00,Open,,1hr 15 mins
,Access Management Team,2026-08-27T01:18:00,In progress,Emily Carter,1 hr 15 mins
,L2 Team,2026-08-27T02:17:00,Open,,1hr 15 mins
,L2 Team,2026-08-27T02:29:00,In progress,Carlos Mendes,10mins
,Risk & Compliance Ops,2026-08-27T02:51:00,Open,,45mins
,Risk & Compliance Ops,2026-08-27T03:04:00,In progress,Priya Sharma,17mins
INC0010128,Payments L2 Support,2026-08-25T00:06:00,Open,,45mins
,Payments L2 Support,2026-08-25T00:29:00,In progress,Nadia Rahman,1 hr 0 mins
,FI Team,2026-08-25T00:55:00,Open,,2hr 13 mins
,FI Team,2026-08-25T01:17:00,In progress,Priya Sharma,2 hr 5 mins
INC0010129,L1 Service Desk,2026-06-14T07:50:00,Open,,35 mins
,L1 Service Desk,2026-06-14T08:08:00,In progress,Emily Carter,2 hr 5 mins
,L1 Team,2026-06-14T08:57:00,Open,,17 mins
,L1 Team,2026-06-14T09:17:00,In progress,Omar Siddiqui,15 mins
,Trade Support L2,2026-06-14T10:14:00,Open,,1 hr 30 mins
,Trade Support L2,2026-06-14T10:34:00,In progress,Fatima Al-Sayed,1 hr 0 mins
,Trade Support L2,2026-06-14T11:14:00,Closed,Fatima Al-Sayed,
INC0010130,L3 Team,2026-06-11T07:53:00,Open,,17mins
,L3 Team,2026-06-11T08:12:00,In progress,Emily Carter,2 hr 13 mins
,L1 Service Desk,2026-06-11T08:47:00,Open,,15 mins
,L1 Service Desk,2026-06-11T09:06:00,In progress,Hannah Lee,45mins
,Risk & Compliance Ops,2026-06-11T09:30:00,Open,,1 hr 0 mins
,Risk & Compliance Ops,2026-06-11T09:44:00,In progress,Fatima Al-Sayed,1hr 00 mins
,Risk & Compliance Ops,2026-06-11T10:10:00,Hold,Maria Silva,2 hr 13 mins
INC0010131,Payments L2 Support,2026-07-13T17:08:00,Open,,1hr 15 mins
,Payments L2 Support,2026-07-13T17:22:00,In progress,Arjun Mehta,1 hr 15 mins
,FI Team,2026-07-13T17:40:00,Open,,10 mins
,FI Team,2026-07-13T17:54:00,In progress,Aisha Khan,1 hr 0 mins
,FI Team,2026-07-13T18:41:00,Closed,Maria Silva,
INC0010132,L1 Service Desk,2026-05-20T09:53:00,Open,,1 hr 15 mins
,L1 Service Desk,2026-05-20T10:05:00,In progress,Nadia Rahman,45 mins
,Core Banking L3,2026-05-20T10:37:00,Open,,35mins
,Core Banking L3,2026-05-20T10:56:00,In progress,Mei Tan,1 hr 15 mins
,MM Team,2026-05-20T11:42:00,Open,,15mins
,MM Team,2026-05-20T11:55:00,In progress,Liam O'Connor,1hr 30 mins
,MM Team,2026-05-20T12:44:00,Hold,Priya Sharma,1 hr 15 mins
INC0010133,L1 Team,2026-08-26T15:01:00,Open,,35 mins
,L1 Team,2026-08-26T15:12:00,In progress,Omar Siddiqui,15 mins
,Core Banking L3,2026-08-26T15:34:00,Open,,35 mins
,Core Banking L3,2026-08-26T16:02:00,In progress,Chloe Martin,17mins
,Trade Support L2,2026-08-26T16:25:00,Open,,35 mins
,Trade Support L2,2026-08-26T16:53:00,In progress,Sofia Rossi,1hr 30 mins
,Trade Support L2,2026-08-26T17:46:00,Closed,Daniel Cho,
INC0010134,Core Banking L3,2026-07-06T05:44:00,Open,,2hr 05 mins
,Core Banking L3,2026-07-06T06:10:00,In progress,Noah Williams,17 mins
,L3 Team,2026-07-06T06:28:00,Open,,45mins
,L3 Team,2026-07-06T06:42:00,In progress,Nadia Rahman,35 mins
,SD Team,2026-07-06T07:42:00,Open,,35mins
,SD Team,2026-07-06T08:04:00,In progress,Maria Silva,17mins
INC0010135,Core Banking L3,2026-06-10T09:31:00,Open,,1 hr 15 mins
,Core Banking L3,2026-06-10T10:01:00,In progress,Emily Carter,1 hr 0 mins
,L1 Service Desk,2026-06-10T10:33:00,Open,,45 mins
,L1 Service Desk,2026-06-10T10:58:00,In progress,Arjun Mehta,15mins
,MM Team,2026-06-10T11:42:00,Open,,45 mins
,MM Team,2026-06-10T12:09:00,In progress,Kenji Watanabe,35 mins
,MM Team,2026-06-10T12:37:00,Hold,Maria Silva,45 mins
INC0010136,Payments L2 Support,2026-07-22T17:59:00,Open,,2hr 05 mins
,Payments L2 Support,2026-07-22T18:19:00,In progress,Arjun Mehta,10 mins
,Access Management Team,2026-07-22T19:14:00,Open,,1 hr 15 mins
,Access Management Team,2026-07-22T19:27:00,In progress,Noah Williams,1hr 15 mins
,FI Team,2026-07-22T19:42:00,Open,,1 hr 0 mins
,FI Team,2026-07-22T19:56:00,In progress,Liam O'Connor,17 mins
,FI Team,2026-07-22T20:16:00,Closed,Sofia Rossi,
INC0010137,L3 Team,2026-05-25T19:47:00,Open,,2 hr 13 mins
,L3 Team,2026-05-25T19:58:00,In progress,Hannah Lee,35 mins
,Trade Support L2,2026-05-25T20:54:00,Open,,15 mins
,Trade Support L2,2026-05-25T21:10:00,In progress,Maria Silva,15 mins
INC0010138,Payments L2 Support,2026-08-27T09:31:00,Open,,1 hr 15 mins
,Payments L2 Support,2026-08-27T09:41:00,In progress,Emily Carter,1 hr 0 mins
,Trade Support L2,2026-08-27T10:04:00,Open,,35 mins
,Trade Support L2,2026-08-27T10:16:00,In progress,James Cole,15 mins
INC0010139,L2 Team,2026-06-12T11:47:00,Open,,2 hr 13 mins
,L2 Team,2026-06-12T12:01:00,In progress,Chloe Martin,2 hr 5 mins
,L1 Service Desk,2026-06-12T12:55:00,Open,,2 hr 13 mins
,L1 Service Desk,2026-06-12T13:19:00,In progress,Nadia Rahman,2 hr 13 mins
,FI Team,2026-06-12T13:43:00,Open,,2 hr 5 mins
,FI Team,2026-06-12T14:07:00,In progress,Aisha Khan,15 mins
,FI Team,2026-06-12T14:30:00,Closed,James Cole,
INC0010140,L3 Team,2026-07-16T14:03:00,Open,,17 mins
,L3 Team,2026-07-16T14:21:00,In progress,Nadia Rahman,1 hr 30 mins
,L1 Service Desk,2026-07-16T15:14:00,Open,,2hr 05 mins
,L1 Service Desk,2026-07-16T15:24:00,In progress,Carlos Mendes,35mins
,SD Team,2026-07-16T16:17:00,Open,,1hr 00 mins
,SD Team,2026-07-16T16:47:00,In progress,Priya Sharma,35 mins
,SD Team,2026-07-16T17:26:00,Hold,James Cole,35 mins
INC0010141,Payments L2 Support,2026-06-01T11:38:00,Open,,45 mins
,Payments L2 Support,2026-06-01T11:52:00,In progress,Omar Siddiqui,2hr 05 mins
,ABAP Team,2026-06-01T12:30:00,Open,,17 mins
,ABAP Team,2026-06-01T12:42:00,In progress,Sofia Rossi,15 mins
,ABAP Team,2026-06-01T13:13:00,Hold,Sofia Rossi,10 mins
INC0010142,Core Banking L3,2026-08-21T11:14:00,Open,,1hr 00 mins
,Core Banking L3,2026-08-21T11:36:00,In progress,Emily Carter,2 hr 13 mins
,Access Management Team,2026-08-21T12:25:00,Open,,2 hr 5 mins
,Access Management Team,2026-08-21T12:43:00,In progress,Emily Carter,45 mins
,Risk & Compliance Ops,2026-08-21T13:30:00,Open,,17mins
,Risk & Compliance Ops,2026-08-21T13:50:00,In progress,Fatima Al-Sayed,2 hr 13 mins
,Risk & Compliance Ops,2026-08-21T14:48:00,Closed,Fatima Al-Sayed,
INC0010143,Core Banking L3,2026-08-18T01:59:00,Open,,35 mins
,Core Banking L3,2026-08-18T02:22:00,In progress,Emily Carter,1 hr 15 mins
,L2 Team,2026-08-18T03:15:00,Open,,10 mins
,L2 Team,2026-08-18T03:30:00,In progress,Emily Carter,10mins
,ABAP Team,2026-08-18T03:53:00,Open,,17 mins
,ABAP Team,2026-08-18T04:14:00,In progress,Wei Zhang,45 mins
,ABAP Team,2026-08-18T04:52:00,Closed,Wei Zhang,
INC0010144,Access Management Team,2026-06-08T03:29:00,Open,,45 mins
,Access Management Team,2026-06-08T03:47:00,In progress,Hannah Lee,2 hr 5 mins
,ABAP Team,2026-06-08T04:06:00,Open,,1hr 30 mins
,ABAP Team,2026-06-08T04:17:00,In progress,Maria Silva,2 hr 5 mins
INC0010145,L3 Team,2026-06-16T15:33:00,Open,,2 hr 5 mins
,L3 Team,2026-06-16T15:46:00,In progress,Nadia Rahman,1 hr 30 mins
,ABAP Team,2026-06-16T16:03:00,Open,,10 mins
,ABAP Team,2026-06-16T16:14:00,In progress,Aisha Khan,1 hr 0 mins
,ABAP Team,2026-06-16T16:40:00,Closed,Priya Sharma,
INC0010146,L2 Team,2026-06-29T05:24:00,Open,,1 hr 0 mins
,L2 Team,2026-06-29T05:44:00,In progress,Emily Carter,2hr 05 mins
,L3 Team,2026-06-29T06:06:00,Open,,1 hr 30 mins
,L3 Team,2026-06-29T06:17:00,In progress,Mei Tan,1 hr 30 mins
,FI Team,2026-06-29T06:57:00,Open,,1hr 15 mins
,FI Team,2026-06-29T07:16:00,In progress,Sofia Rossi,15mins
INC0010147,L3 Team,2026-08-08T12:38:00,Open,,45mins
,L3 Team,2026-08-08T12:57:00,In progress,Nadia Rahman,1hr 15 mins
,FI Team,2026-08-08T13:49:00,Open,,35mins
,FI Team,2026-08-08T14:16:00,In progress,Aisha Khan,17 mins
,FI Team,2026-08-08T14:57:00,Closed,Priya Sharma,
INC0010148,Core Banking L3,2026-06-30T14:44:00,Open,,45 mins
,Core Banking L3,2026-06-30T15:06:00,In progress,Carlos Mendes,15 mins
,Access Management Team,2026-06-30T15:54:00,Open,,35 mins
,Access Management Team,2026-06-30T16:19:00,In progress,Arjun Mehta,17mins
,ABAP Team,2026-06-30T16:51:00,Open,,35mins
,ABAP Team,2026-06-30T17:14:00,In progress,Kenji Watanabe,1 hr 15 mins
INC0010149,Payments L2 Support,2026-08-16T18:41:00,Open,,2hr 13 mins
,Payments L2 Support,2026-08-16T18:53:00,In progress,Arjun Mehta,1 hr 0 mins
,FI Team,2026-08-16T19:16:00,Open,,45 mins
,FI Team,2026-08-16T19:38:00,In progress,Sofia Rossi,45 mins
INC0010150,L1 Team,2026-06-18T16:51:00,Open,,17mins
,L1 Team,2026-06-18T17:04:00,In progress,Omar Siddiqui,17 mins
,FI Team,2026-06-18T17:48:00,Open,,15mins
,FI Team,2026-06-18T18:09:00,In progress,Aisha Khan,1hr 15 mins
INC0010151,Access Management Team,2026-08-13T09:47:00,Open,,17mins
,Access Management Team,2026-08-13T10:06:00,In progress,Arjun Mehta,35 mins
,L1 Team,2026-08-13T10:30:00,Open,,15mins
,L1 Team,2026-08-13T10:47:00,In progress,Chloe Martin,1 hr 30 mins
,ABAP Team,2026-08-13T11:45:00,Open,,17 mins
,ABAP Team,2026-08-13T12:07:00,In progress,Maria Silva,1 hr 30 mins
INC0010152,L1 Team,2026-08-11T02:35:00,Open,,15 mins
,L1 Team,2026-08-11T02:48:00,In progress,Arjun Mehta,10 mins
,MM Team,2026-08-11T03:11:00,Open,,1hr 00 mins
,MM Team,2026-08-11T03:41:00,In progress,James Cole,2 hr 5 mins
INC0010153,L1 Team,2026-08-15T23:32:00,Open,,35mins
,L1 Team,2026-08-15T23:56:00,In progress,Emily Carter,45 mins
,ABAP Team,2026-08-16T00:13:00,Open,,10 mins
,ABAP Team,2026-08-16T00:41:00,In progress,Kenji Watanabe,1hr 00 mins
,ABAP Team,2026-08-16T00:57:00,Closed,Kenji Watanabe,
INC0010154,L3 Team,2026-06-24T15:23:00,Open,,17 mins
,L3 Team,2026-06-24T15:41:00,In progress,Nadia Rahman,10mins
,FI Team,2026-06-24T16:35:00,Open,,2hr 13 mins
,FI Team,2026-06-24T17:00:00,In progress,Kenji Watanabe,1hr 30 mins
,FI Team,2026-06-24T17:18:00,Hold,James Cole,45 mins
INC0010155,L2 Team,2026-08-16T02:07:00,Open,,35mins
,L2 Team,2026-08-16T02:34:00,In progress,Arjun Mehta,1 hr 0 mins
,Core Banking L3,2026-08-16T03:11:00,Open,,1 hr 15 mins
,Core Banking L3,2026-08-16T03:36:00,In progress,Hannah Lee,2 hr 5 mins
,Risk & Compliance Ops,2026-08-16T04:11:00,Open,,17 mins
,Risk & Compliance Ops,2026-08-16T04:31:00,In progress,Priya Sharma,10 mins
INC0010156,Payments L2 Support,2026-05-28T02:46:00,Open,,35 mins
,Payments L2 Support,2026-05-28T02:59:00,In progress,Nadia Rahman,2 hr 13 mins
,L3 Team,2026-05-28T03:31:00,Open,,1 hr 30 mins
,L3 Team,2026-05-28T03:42:00,In progress,Nadia Rahman,2hr 05 mins
,Risk & Compliance Ops,2026-05-28T04:19:00,Open,,17 mins
,Risk & Compliance Ops,2026-05-28T04:36:00,In progress,Aisha Khan,45mins
,Risk & Compliance Ops,2026-05-28T04:52:00,Closed,Kenji Watanabe,
INC0010157,Payments L2 Support,2026-07-03T03:10:00,Open,,1 hr 15 mins
,Payments L2 Support,2026-07-03T03:29:00,In progress,Emily Carter,10 mins
,FI Team,2026-07-03T03:47:00,Open,,35 mins
,FI Team,2026-07-03T04:13:00,In progress,Maria Silva,10 mins
INC0010158,Access Management Team,2026-08-16T01:01:00,Open,,45mins
,Access Management Team,2026-08-16T01:16:00,In progress,Hannah Lee,10 mins
,FI Team,2026-08-16T01:40:00,Open,,17 mins
,FI Team,2026-08-16T02:06:00,In progress,James Cole,45mins
,FI Team,2026-08-16T03:03:00,Hold,Kenji Watanabe,15 mins
INC0010159,L2 Team,2026-06-08T03:51:00,Open,,1 hr 0 mins
,L2 Team,2026-06-08T04:16:00,In progress,Noah Williams,1 hr 30 mins
,Access Management Team,2026-06-08T05:10:00,Open,,45 mins
,Access Management Team,2026-06-08T05:38:00,In progress,Chloe Martin,45mins
,Trade Support L2,2026-06-08T06:37:00,Open,,17mins
,Trade Support L2,2026-06-08T06:47:00,In progress,Fatima Al-Sayed,1 hr 0 mins
INC0010160,Payments L2 Support,2026-08-26T18:23:00,Open,,2 hr 5 mins
,Payments L2 Support,2026-08-26T18:53:00,In progress,Mei Tan,15 mins
,SD Team,2026-08-26T19:17:00,Open,,15 mins
,SD Team,2026-08-26T19:38:00,In progress,Aisha Khan,2 hr 13 mins
INC0010161,L1 Service Desk,2026-06-06T13:22:00,Open,,35 mins
,L1 Service Desk,2026-06-06T13:34:00,In progress,Emily Carter,10 mins
,L1 Team,2026-06-06T14:13:00,Open,,1 hr 15 mins
,L1 Team,2026-06-06T14:36:00,In progress,Chloe Martin,1hr 15 mins
,SD Team,2026-06-06T15:13:00,Open,,15 mins
,SD Team,2026-06-06T15:41:00,In progress,Aisha Khan,17 mins
,SD Team,2026-06-06T16:00:00,Hold,Priya Sharma,45 mins
INC0010162,L1 Team,2026-07-07T18:14:00,Open,,17 mins
,L1 Team,2026-07-07T18:29:00,In progress,Mei Tan,15 mins
,Access Management Team,2026-07-07T19:22:00,Open,,2hr 05 mins
,Access Management Team,2026-07-07T19:32:00,In progress,Nadia Rahman,2hr 05 mins
,SD Team,2026-07-07T19:57:00,Open,,45 mins
,SD Team,2026-07-07T20:13:00,In progress,Kenji Watanabe,1 hr 30 mins
INC0010163,Core Banking L3,2026-07-21T19:15:00,Open,,35 mins
,Core Banking L3,2026-07-21T19:26:00,In progress,Omar Siddiqui,2 hr 5 mins
,L3 Team,2026-07-21T20:12:00,Open,,17 mins
,L3 Team,2026-07-21T20:33:00,In progress,Arjun Mehta,1 hr 0 mins
,SD Team,2026-07-21T21:06:00,Open,,2 hr 13 mins
,SD Team,2026-07-21T21:31:00,In progress,James Cole,10 mins
,SD Team,2026-07-21T21:56:00,Closed,James Cole,
INC0010164,Access Management Team,2026-07-13T21:10:00,Open,,1hr 00 mins
,Access Management Team,2026-07-13T21:35:00,In progress,Carlos Mendes,15mins
,L1 Team,2026-07-13T22:24:00,Open,,1 hr 0 mins
,L1 Team,2026-07-13T22:45:00,In progress,Omar Siddiqui,45 mins
,SD Team,2026-07-13T23:28:00,Open,,1hr 15 mins
,SD Team,2026-07-13T23:46:00,In progress,Liam O'Connor,45mins
INC0010165,Access Management Team,2026-05-11T02:38:00,Open,,2 hr 13 mins
,Access Management Team,2026-05-11T02:50:00,In progress,Ethan Brooks,1 hr 0 mins
,Trade Support L2,2026-05-11T03:19:00,Open,,1 hr 0 mins
,Trade Support L2,2026-05-11T03:42:00,In progress,Daniel Cho,2hr 13 mins
,Trade Support L2,2026-05-11T04:33:00,Hold,Aisha Khan,1hr 15 mins
INC0010166,Access Management Team,2026-08-26T22:45:00,Open,,1 hr 30 mins
,Access Management Team,2026-08-26T23:11:00,In progress,Noah Williams,15 mins
,Core Banking L3,2026-08-26T23:37:00,Open,,17 mins
,Core Banking L3,2026-08-26T23:53:00,In progress,Omar Siddiqui,1 hr 0 mins
,ABAP Team,2026-08-27T00:51:00,Open,,2 hr 13 mins
,ABAP Team,2026-08-27T01:20:00,In progress,Liam O'Connor,45mins
INC0010167,L1 Service Desk,2026-08-23T09:09:00,Open,,1 hr 0 mins
,L1 Service Desk,2026-08-23T09:29:00,In progress,Mei Tan,1 hr 15 mins
,Risk & Compliance Ops,2026-08-23T10:28:00,Open,,1hr 30 mins
,Risk & Compliance Ops,2026-08-23T10:41:00,In progress,Kenji Watanabe,17 mins
,Risk & Compliance Ops,2026-08-23T11:32:00,Hold,Fatima Al-Sayed,2 hr 5 mins
INC0010168,Access Management Team,2026-08-27T07:09:00,Open,,1hr 30 mins
,Access Management Team,2026-08-27T07:32:00,In progress,Ethan Brooks,2 hr 5 mins
,SD Team,2026-08-27T08:17:00,Open,,45 mins
,SD Team,2026-08-27T08:31:00,In progress,Fatima Al-Sayed,2 hr 5 mins
INC0010169,L1 Service Desk,2026-06-19T13:59:00,Open,,35 mins
,L1 Service Desk,2026-06-19T14:24:00,In progress,Carlos Mendes,45 mins
,SD Team,2026-06-19T15:00:00,Open,,45 mins
,SD Team,2026-06-19T15:18:00,In progress,James Cole,35 mins
,SD Team,2026-06-19T15:52:00,Closed,Daniel Cho,
INC0010170,Core Banking L3,2026-06-06T20:03:00,Open,,2 hr 13 mins
,Core Banking L3,2026-06-06T20:19:00,In progress,Chloe Martin,1 hr 15 mins
,L1 Service Desk,2026-06-06T20:57:00,Open,,10mins
,L1 Service Desk,2026-06-06T21:12:00,In progress,Arjun Mehta,1hr 30 mins
,Risk & Compliance Ops,2026-06-06T21:35:00,Open,,1 hr 30 mins
,Risk & Compliance Ops,2026-06-06T21:45:00,In progress,Wei Zhang,35 mins
,Risk & Compliance Ops,2026-06-06T22:03:00,Closed,Aisha Khan,
INC0010171,L1 Team,2026-08-13T16:34:00,Open,,35 mins
,L1 Team,2026-08-13T16:55:00,In progress,Mei Tan,1 hr 0 mins
,L3 Team,2026-08-13T17:17:00,Open,,2 hr 13 mins
,L3 Team,2026-08-13T17:34:00,In progress,Ethan Brooks,17 mins
,Trade Support L2,2026-08-13T18:26:00,Open,,45 mins
,Trade Support L2,2026-08-13T18:44:00,In progress,James Cole,45 mins
,Trade Support L2,2026-08-13T19:23:00,Hold,Priya Sharma,17mins
INC0010172,Core Banking L3,2026-08-13T00:36:00,Open,,2 hr 13 mins
,Core Banking L3,2026-08-13T00:54:00,In progress,Mei Tan,10mins
,FI Team,2026-08-13T01:09:00,Open,,17mins
,FI Team,2026-08-13T01:24:00,In progress,Fatima Al-Sayed,10 mins
INC0010173,Core Banking L3,2026-06-16T08:24:00,Open,,45 mins
,Core Banking L3,2026-06-16T08:46:00,In progress,Chloe Martin,45 mins
,Access Management Team,2026-06-16T09:30:00,Open,,45mins
,Access Management Team,2026-06-16T09:56:00,In progress,Omar Siddiqui,2 hr 5 mins
,Trade Support L2,2026-06-16T10:11:00,Open,,2hr 13 mins
,Trade Support L2,2026-06-16T10:38:00,In progress,Fatima Al-Sayed,2hr 05 mins
,Trade Support L2,2026-06-16T11:12:00,Hold,James Cole,1 hr 15 mins
INC0010174,Core Banking L3,2026-08-16T04:29:00,Open,,45mins
,Core Banking L3,2026-08-16T04:59:00,In progress,Noah Williams,1 hr 30 mins
,L3 Team,2026-08-16T05:17:00,Open,,2hr 05 mins
,L3 Team,2026-08-16T05:37:00,In progress,Arjun Mehta,2hr 13 mins
,SD Team,2026-08-16T06:10:00,Open,,1hr 00 mins
,SD Team,2026-08-16T06:32:00,In progress,Priya Sharma,2 hr 5 mins
INC0010175,L3 Team,2026-07-13T01:23:00,Open,,35mins
,L3 Team,2026-07-13T01:50:00,In progress,Ethan Brooks,2hr 13 mins
,Trade Support L2,2026-07-13T02:37:00,Open,,17mins
,Trade Support L2,2026-07-13T03:04:00,In progress,Wei Zhang,45 mins
INC0010176,Core Banking L3,2026-08-24T20:51:00,Open,,1 hr 30 mins
,Core Banking L3,2026-08-24T21:11:00,In progress,Emily Carter,35 mins
,SD Team,2026-08-24T21:40:00,Open,,45 mins
,SD Team,2026-08-24T22:00:00,In progress,James Cole,2hr 05 mins
,SD Team,2026-08-24T22:44:00,Closed,Daniel Cho,
INC0010177,L1 Service Desk,2026-07-24T09:47:00,Open,,1 hr 30 mins
,L1 Service Desk,2026-07-24T10:09:00,In progress,Ethan Brooks,45 mins
,FI Team,2026-07-24T10:27:00,Open,,17 mins
,FI Team,2026-07-24T10:43:00,In progress,Daniel Cho,2hr 05 mins
,FI Team,2026-07-24T11:07:00,Closed,Daniel Cho,
INC0010178,L1 Service Desk,2026-06-22T21:41:00,Open,,2 hr 13 mins
,L1 Service Desk,2026-06-22T22:01:00,In progress,Arjun Mehta,1hr 15 mins
,SD Team,2026-06-22T22:29:00,Open,,17mins
,SD Team,2026-06-22T22:44:00,In progress,Maria Silva,15 mins
,SD Team,2026-06-22T23:38:00,Closed,Kenji Watanabe,
INC0010179,L1 Service Desk,2026-08-27T14:25:00,Open,,1 hr 0 mins
,L1 Service Desk,2026-08-27T14:36:00,In progress,Omar Siddiqui,10 mins
,Access Management Team,2026-08-27T15:24:00,Open,,35 mins
,Access Management Team,2026-08-27T15:34:00,In progress,Carlos Mendes,35mins
,MM Team,2026-08-27T16:11:00,Open,,15 mins
,MM Team,2026-08-27T16:37:00,In progress,Fatima Al-Sayed,45 mins
INC0010180,L3 Team,2026-08-09T05:16:00,Open,,1 hr 15 mins
,L3 Team,2026-08-09T05:42:00,In progress,Omar Siddiqui,1 hr 0 mins
,SD Team,2026-08-09T06:05:00,Open,,1hr 15 mins
,SD Team,2026-08-09T06:21:00,In progress,Wei Zhang,1 hr 0 mins
INC0010181,Core Banking L3,2026-05-22T13:23:00,Open,,35mins
,Core Banking L3,2026-05-22T13:33:00,In progress,Noah Williams,15 mins
,FI Team,2026-05-22T14:33:00,Open,,10 mins
,FI Team,2026-05-22T15:03:00,In progress,Liam O'Connor,1 hr 30 mins
,FI Team,2026-05-22T15:21:00,Hold,Fatima Al-Sayed,10mins
INC0010182,L1 Team,2026-07-14T19:46:00,Open,,15 mins
,L1 Team,2026-07-14T20:10:00,In progress,Omar Siddiqui,15mins
,Trade Support L2,2026-07-14T20:41:00,Open,,17 mins
,Trade Support L2,2026-07-14T21:11:00,In progress,Kenji Watanabe,1 hr 0 mins
INC0010183,Payments L2 Support,2026-07-15T20:55:00,Open,,17 mins
,Payments L2 Support,2026-07-15T21:08:00,In progress,Ethan Brooks,2 hr 5 mins
,Access Management Team,2026-07-15T21:41:00,Open,,15 mins
,Access Management Team,2026-07-15T22:06:00,In progress,Nadia Rahman,2 hr 5 mins
,Trade Support L2,2026-07-15T22:37:00,Open,,35 mins
,Trade Support L2,2026-07-15T23:00:00,In progress,Wei Zhang,10mins
,Trade Support L2,2026-07-15T23:46:00,Closed,Daniel Cho,
INC0010184,L1 Team,2026-08-27T18:43:00,Open,,2 hr 13 mins
,L1 Team,2026-08-27T18:56:00,In progress,Ethan Brooks,17 mins
,ABAP Team,2026-08-27T19:43:00,Open,,15 mins
,ABAP Team,2026-08-27T20:13:00,In progress,Aisha Khan,1hr 15 mins
INC0010185,L1 Team,2026-08-17T21:23:00,Open,,10 mins
,L1 Team,2026-08-17T21:44:00,In progress,Omar Siddiqui,1 hr 0 mins
,Access Management Team,2026-08-17T22:06:00,Open,,15 mins
,Access Management Team,2026-08-17T22:16:00,In progress,Noah Williams,45 mins
,FI Team,2026-08-17T22:59:00,Open,,45mins
,FI Team,2026-08-17T23:11:00,In progress,Sofia Rossi,45 mins
,FI Team,2026-08-17T23:33:00,Closed,Kenji Watanabe,
INC0010186,L3 Team,2026-07-15T19:29:00,Open,,1hr 15 mins
,L3 Team,2026-07-15T19:59:00,In progress,Noah Williams,15 mins
,L1 Service Desk,2026-07-15T20:58:00,Open,,10 mins
,L1 Service Desk,2026-07-15T21:11:00,In progress,Chloe Martin,2 hr 5 mins
,Trade Support L2,2026-07-15T21:54:00,Open,,1hr 00 mins
,Trade Support L2,2026-07-15T22:23:00,In progress,Priya Sharma,2 hr 13 mins
INC0010187,L1 Service Desk,2026-05-27T13:47:00,Open,,1 hr 15 mins
,L1 Service Desk,2026-05-27T13:59:00,In progress,Hannah Lee,10mins
,L1 Team,2026-05-27T14:57:00,Open,,1 hr 30 mins
,L1 Team,2026-05-27T15:25:00,In progress,Nadia Rahman,2hr 13 mins
,MM Team,2026-05-27T16:13:00,Open,,2 hr 5 mins
,MM Team,2026-05-27T16:36:00,In progress,Aisha Khan,1hr 15 mins
,MM Team,2026-05-27T17:33:00,Hold,Kenji Watanabe,17mins
INC0010188,L1 Team,2026-08-23T04:40:00,Open,,17mins
,L1 Team,2026-08-23T05:05:00,In progress,Chloe Martin,17 mins
,Trade Support L2,2026-08-23T05:51:00,Open,,45 mins
,Trade Support L2,2026-08-23T06:02:00,In progress,Daniel Cho,1 hr 30 mins
INC0010189,Access Management Team,2026-07-12T19:49:00,Open,,1hr 15 mins
,Access Management Team,2026-07-12T20:17:00,In progress,Chloe Martin,1hr 15 mins
,L2 Team,2026-07-12T20:39:00,Open,,1 hr 15 mins
,L2 Team,2026-07-12T21:09:00,In progress,Mei Tan,1hr 00 mins
,ABAP Team,2026-07-12T21:26:00,Open,,10 mins
,ABAP Team,2026-07-12T21:55:00,In progress,Fatima Al-Sayed,2hr 13 mins
,ABAP Team,2026-07-12T22:42:00,Hold,Daniel Cho,35mins
INC0010190,L3 Team,2026-05-10T19:33:00,Open,,35 mins
,L3 Team,2026-05-10T19:53:00,In progress,Ethan Brooks,2hr 13 mins
,Access Management Team,2026-05-10T20:53:00,Open,,1 hr 15 mins
,Access Management Team,2026-05-10T21:06:00,In progress,Nadia Rahman,10 mins
,ABAP Team,2026-05-10T21:43:00,Open,,45mins
,ABAP Team,2026-05-10T22:09:00,In progress,Sofia Rossi,15 mins
,ABAP Team,2026-05-10T22:34:00,Closed,Maria Silva,
INC0010191,L1 Team,2026-07-07T02:03:00,Open,,35 mins
,L1 Team,2026-07-07T02:16:00,In progress,Omar Siddiqui,35 mins
,L3 Team,2026-07-07T02:43:00,Open,,45 mins
,L3 Team,2026-07-07T03:06:00,In progress,Arjun Mehta,2 hr 13 mins
,Risk & Compliance Ops,2026-07-07T03:58:00,Open,,1hr 15 mins
,Risk & Compliance Ops,2026-07-07T04:26:00,In progress,Wei Zhang,1 hr 15 mins
INC0010192,Payments L2 Support,2026-06-06T16:29:00,Open,,2hr 05 mins
,Payments L2 Support,2026-06-06T16:55:00,In progress,Noah Williams,2 hr 5 mins
,MM Team,2026-06-06T17:18:00,Open,,2 hr 13 mins
,MM Team,2026-06-06T17:47:00,In progress,Sofia Rossi,1hr 30 mins
INC0010193,L3 Team,2026-07-01T17:57:00,Open,,45 mins
,L3 Team,2026-07-01T18:21:00,In progress,Noah Williams,1 hr 0 mins
,MM Team,2026-07-01T19:20:00,Open,,1hr 30 mins
,MM Team,2026-07-01T19:47:00,In progress,Sofia Rossi,1 hr 30 mins
,MM Team,2026-07-01T20:15:00,Closed,Aisha Khan,
INC0010194,Core Banking L3,2026-08-16T20:19:00,Open,,17mins
,Core Banking L3,2026-08-16T20:49:00,In progress,Noah Williams,1 hr 30 mins
,L3 Team,2026-08-16T21:48:00,Open,,2hr 13 mins
,L3 Team,2026-08-16T22:01:00,In progress,Hannah Lee,1hr 30 mins
,Trade Support L2,2026-08-16T22:53:00,Open,,2 hr 13 mins
,Trade Support L2,2026-08-16T23:16:00,In progress,Kenji Watanabe,1hr 30 mins
,Trade Support L2,2026-08-16T23:58:00,Hold,Fatima Al-Sayed,15 mins
INC0010195,L1 Team,2026-08-26T23:21:00,Open,,10 mins
,L1 Team,2026-08-26T23:39:00,In progress,Noah Williams,45mins
,Trade Support L2,2026-08-27T00:10:00,Open,,10mins
,Trade Support L2,2026-08-27T00:29:00,In progress,James Cole,1 hr 30 mins
INC0010196,L1 Team,2026-08-10T19:46:00,Open,,1 hr 30 mins
,L1 Team,2026-08-10T20:16:00,In progress,Ethan Brooks,1 hr 0 mins
,Payments L2 Support,2026-08-10T21:03:00,Open,,45mins
,Payments L2 Support,2026-08-10T21:14:00,In progress,Omar Siddiqui,1hr 00 mins
,Trade Support L2,2026-08-10T22:12:00,Open,,1 hr 30 mins
,Trade Support L2,2026-08-10T22:22:00,In progress,Liam O'Connor,2hr 05 mins
INC0010197,Access Management Team,2026-08-27T17:37:00,Open,,2 hr 5 mins
,Access Management Team,2026-08-27T17:53:00,In progress,Carlos Mendes,1 hr 15 mins
,Payments L2 Support,2026-08-27T18:51:00,Open,,15 mins
,Payments L2 Support,2026-08-27T19:06:00,In progress,Ethan Brooks,15 mins
,Risk & Compliance Ops,2026-08-27T19:23:00,Open,,1hr 30 mins
,Risk & Compliance Ops,2026-08-27T19:37:00,In progress,Daniel Cho,45 mins
INC0010198,Core Banking L3,2026-05-28T15:58:00,Open,,17 mins
,Core Banking L3,2026-05-28T16:27:00,In progress,Arjun Mehta,2 hr 13 mins
,L2 Team,2026-05-28T17:24:00,Open,,45 mins
,L2 Team,2026-05-28T17:52:00,In progress,Ethan Brooks,45 mins
,ABAP Team,2026-05-28T18:52:00,Open,,35 mins
,ABAP Team,2026-05-28T19:18:00,In progress,Wei Zhang,1 hr 30 mins
INC0010199,L1 Team,2026-07-28T17:52:00,Open,,35mins
,L1 Team,2026-07-28T18:12:00,In progress,Hannah Lee,35mins
,L3 Team,2026-07-28T19:00:00,Open,,1 hr 15 mins
,L3 Team,2026-07-28T19:30:00,In progress,Arjun Mehta,2hr 13 mins
,FI Team,2026-07-28T20:13:00,Open,,2 hr 13 mins
,FI Team,2026-07-28T20:42:00,In progress,Aisha Khan,10mins
INC0010200,Access Management Team,2026-06-28T08:01:00,Open,,45mins
,Access Management Team,2026-06-28T08:20:00,In progress,Omar Siddiqui,1hr 30 mins
,L1 Team,2026-06-28T09:07:00,Open,,1hr 30 mins
,L1 Team,2026-06-28T09:32:00,In progress,Omar Siddiqui,2 hr 13 mins
,MM Team,2026-06-28T10:07:00,Open,,15 mins
,MM Team,2026-06-28T10:34:00,In progress,Daniel Cho,10mins
,MM Team,2026-06-28T10:53:00,Hold,Aisha Khan,2 hr 13 mins
INC0010201,Access Management Team,2026-07-25T08:14:00,Open,,1 hr 30 mins
,Access Management Team,2026-07-25T08:37:00,In progress,Emily Carter,2 hr 13 mins
,L1 Team,2026-07-25T08:53:00,Open,,1 hr 15 mins
,L1 Team,2026-07-25T09:13:00,In progress,Arjun Mehta,15 mins
,FI Team,2026-07-25T09:31:00,Open,,45mins
,FI Team,2026-07-25T09:43:00,In progress,Aisha Khan,35 mins
INC0010202,L1 Service Desk,2026-06-07T03:38:00,Open,,1hr 00 mins
,L1 Service Desk,2026-06-07T03:48:00,In progress,Emily Carter,1 hr 30 mins
,Core Banking L3,2026-06-07T04:44:00,Open,,2 hr 5 mins
,Core Banking L3,2026-06-07T05:12:00,In progress,Omar Siddiqui,15 mins
,MM Team,2026-06-07T05:59:00,Open,,2hr 13 mins
,MM Team,2026-06-07T06:28:00,In progress,James Cole,45 mins
INC0010203,Access Management Team,2026-07-23T12:11:00,Open,,1 hr 15 mins
,Access Management Team,2026-07-23T12:38:00,In progress,Chloe Martin,1 hr 0 mins
,Core Banking L3,2026-07-23T13:11:00,Open,,2 hr 13 mins
,Core Banking L3,2026-07-23T13:30:00,In progress,Hannah Lee,10mins
,ABAP Team,2026-07-23T14:20:00,Open,,10 mins
,ABAP Team,2026-07-23T14:48:00,In progress,Fatima Al-Sayed,1 hr 0 mins
INC0010204,L3 Team,2026-05-17T12:35:00,Open,,45 mins
,L3 Team,2026-05-17T12:58:00,In progress,Ethan Brooks,17 mins
,FI Team,2026-05-17T13:24:00,Open,,45 mins
,FI Team,2026-05-17T13:37:00,In progress,Wei Zhang,2 hr 13 mins
INC0010205,Core Banking L3,2026-08-24T21:35:00,Open,,45mins
,Core Banking L3,2026-08-24T21:47:00,In progress,Carlos Mendes,15 mins
,Payments L2 Support,2026-08-24T22:39:00,Open,,1hr 15 mins
,Payments L2 Support,2026-08-24T23:00:00,In progress,Noah Williams,2 hr 13 mins
,ABAP Team,2026-08-24T23:30:00,Open,,2 hr 5 mins
,ABAP Team,2026-08-24T23:46:00,In progress,Liam O'Connor,1hr 15 mins
INC0010206,Core Banking L3,2026-07-26T13:44:00,Open,,2 hr 5 mins
,Core Banking L3,2026-07-26T14:05:00,In progress,Hannah Lee,1 hr 0 mins
,Payments L2 Support,2026-07-26T14:20:00,Open,,45 mins
,Payments L2 Support,2026-07-26T14:37:00,In progress,Omar Siddiqui,45 mins
,FI Team,2026-07-26T15:00:00,Open,,45 mins
,FI Team,2026-07-26T15:24:00,In progress,Aisha Khan,45 mins
,FI Team,2026-07-26T16:14:00,Hold,Aisha Khan,2 hr 13 mins
INC0010207,Access Management Team,2026-06-06T23:45:00,Open,,35 mins
,Access Management Team,2026-06-07T00:15:00,In progress,Emily Carter,15 mins
,L2 Team,2026-06-07T01:02:00,Open,,2 hr 13 mins
,L2 Team,2026-06-07T01:30:00,In progress,Mei Tan,1 hr 0 mins
,Risk & Compliance Ops,2026-06-07T01:58:00,Open,,1hr 30 mins
,Risk & Compliance Ops,2026-06-07T02:25:00,In progress,Fatima Al-Sayed,1 hr 15 mins
,Risk & Compliance Ops,2026-06-07T02:49:00,Closed,Kenji Watanabe,
INC0010208,L2 Team,2026-08-22T02:51:00,Open,,1 hr 30 mins
,L2 Team,2026-08-22T03:13:00,In progress,Hannah Lee,1 hr 30 mins
,L1 Service Desk,2026-08-22T04:10:00,Open,,35mins
,L1 Service Desk,2026-08-22T04:25:00,In progress,Ethan Brooks,17 mins
,Risk & Compliance Ops,2026-08-22T04:50:00,Open,,2 hr 5 mins
,Risk & Compliance Ops,2026-08-22T05:04:00,In progress,Daniel Cho,45 mins
INC0010209,L2 Team,2026-08-26T01:48:00,Open,,45 mins
,L2 Team,2026-08-26T01:59:00,In progress,Mei Tan,45 mins
,L1 Team,2026-08-26T02:44:00,Open,,1 hr 15 mins
,L1 Team,2026-08-26T02:55:00,In progress,Hannah Lee,15mins
,SD Team,2026-08-26T03:43:00,Open,,45mins
,SD Team,2026-08-26T04:01:00,In progress,Fatima Al-Sayed,1 hr 30 mins
,SD Team,2026-08-26T04:27:00,Hold,Kenji Watanabe,2hr 13 mins
INC0010210,Payments L2 Support,2026-08-27T18:53:00,Open,,1 hr 0 mins
,Payments L2 Support,2026-08-27T19:19:00,In progress,Omar Siddiqui,1hr 15 mins
,SD Team,2026-08-27T20:12:00,Open,,17 mins
,SD Team,2026-08-27T20:27:00,In progress,Aisha Khan,15mins
INC0010211,L2 Team,2026-05-10T07:47:00,Open,,17 mins
,L2 Team,2026-05-10T08:16:00,In progress,Emily Carter,2 hr 13 mins
,Access Management Team,2026-05-10T08:57:00,Open,,45mins
,Access Management Team,2026-05-10T09:10:00,In progress,Chloe Martin,1 hr 15 mins
,FI Team,2026-05-10T10:02:00,Open,,1 hr 0 mins
,FI Team,2026-05-10T10:19:00,In progress,Priya Sharma,17mins
INC0010212,L2 Team,2026-08-21T01:36:00,Open,,1 hr 30 mins
,L2 Team,2026-08-21T02:04:00,In progress,Noah Williams,10 mins
,Trade Support L2,2026-08-21T02:35:00,Open,,1hr 30 mins
,Trade Support L2,2026-08-21T03:04:00,In progress,Priya Sharma,2hr 13 mins
,Trade Support L2,2026-08-21T03:24:00,Closed,Sofia Rossi,
INC0010213,Access Management Team,2026-08-01T18:55:00,Open,,35 mins
,Access Management Team,2026-08-01T19:24:00,In progress,Arjun Mehta,2 hr 5 mins
,L1 Service Desk,2026-08-01T20:18:00,Open,,2 hr 13 mins
,L1 Service Desk,2026-08-01T20:36:00,In progress,Arjun Mehta,2hr 13 mins
,FI Team,2026-08-01T21:20:00,Open,,15 mins
,FI Team,2026-08-01T21:42:00,In progress,Kenji Watanabe,17 mins
,FI Team,2026-08-01T21:58:00,Hold,Aisha Khan,1 hr 30 mins
INC0010214,Payments L2 Support,2026-08-21T08:28:00,Open,,17 mins
,Payments L2 Support,2026-08-21T08:57:00,In progress,Mei Tan,1 hr 30 mins
,ABAP Team,2026-08-21T09:17:00,Open,,17mins
,ABAP Team,2026-08-21T09:44:00,In progress,Priya Sharma,2 hr 13 mins
INC0010215,L3 Team,2026-07-21T16:41:00,Open,,1hr 30 mins
,L3 Team,2026-07-21T16:58:00,In progress,Chloe Martin,1hr 00 mins
,L1 Team,2026-07-21T17:50:00,Open,,2 hr 5 mins
,L1 Team,2026-07-21T18:13:00,In progress,Noah Williams,45 mins
,Trade Support L2,2026-07-21T18:42:00,Open,,15 mins
,Trade Support L2,2026-07-21T19:11:00,In progress,Maria Silva,45 mins
,Trade Support L2,2026-07-21T19:26:00,Closed,Priya Sharma,
INC0010216,Payments L2 Support,2026-06-05T07:10:00,Open,,1 hr 0 mins
,Payments L2 Support,2026-06-05T07:26:00,In progress,Hannah Lee,1hr 00 mins
,ABAP Team,2026-06-05T07:47:00,Open,,2 hr 13 mins
,ABAP Team,2026-06-05T08:05:00,In progress,Wei Zhang,1hr 30 mins
INC0010217,Payments L2 Support,2026-06-21T22:35:00,Open,,1 hr 0 mins
,Payments L2 Support,2026-06-21T22:58:00,In progress,Mei Tan,1 hr 15 mins
,L3 Team,2026-06-21T23:36:00,Open,,1 hr 30 mins
,L3 Team,2026-06-22T00:01:00,In progress,Hannah Lee,2hr 05 mins
,Trade Support L2,2026-06-22T01:01:00,Open,,17mins
,Trade Support L2,2026-06-22T01:14:00,In progress,Aisha Khan,1 hr 15 mins
INC0010218,L2 Team,2026-07-29T05:02:00,Open,,1hr 00 mins
,L2 Team,2026-07-29T05:29:00,In progress,Emily Carter,17 mins
,Risk & Compliance Ops,2026-07-29T06:24:00,Open,,15 mins
,Risk & Compliance Ops,2026-07-29T06:49:00,In progress,Fatima Al-Sayed,1 hr 0 mins
INC0010219,L2 Team,2026-08-05T19:59:00,Open,,2 hr 5 mins
,L2 Team,2026-08-05T20:21:00,In progress,Omar Siddiqui,2 hr 5 mins
,L3 Team,2026-08-05T21:09:00,Open,,45mins
,L3 Team,2026-08-05T21:38:00,In progress,Arjun Mehta,17mins
,ABAP Team,2026-08-05T22:24:00,Open,,35mins
,ABAP Team,2026-08-05T22:50:00,In progress,Maria Silva,10mins
INC0010220,Payments L2 Support,2026-08-26T11:10:00,Open,,2 hr 13 mins
,Payments L2 Support,2026-08-26T11:31:00,In progress,Hannah Lee,10 mins
,FI Team,2026-08-26T11:51:00,Open,,1hr 00 mins
,FI Team,2026-08-26T12:13:00,In progress,Kenji Watanabe,2 hr 5 mins
,FI Team,2026-08-26T13:01:00,Closed,Priya Sharma,
INC0010221,Payments L2 Support,2026-08-26T20:40:00,Open,,1 hr 30 mins
,Payments L2 Support,2026-08-26T21:01:00,In progress,Carlos Mendes,35mins
,SD Team,2026-08-26T21:28:00,Open,,1 hr 0 mins
,SD Team,2026-08-26T21:38:00,In progress,Liam O'Connor,17 mins
INC0010222,Payments L2 Support,2026-08-23T16:59:00,Open,,1hr 30 mins
,Payments L2 Support,2026-08-23T17:19:00,In progress,Emily Carter,1hr 30 mins
,ABAP Team,2026-08-23T18:08:00,Open,,2hr 05 mins
,ABAP Team,2026-08-23T18:32:00,In progress,Daniel Cho,35 mins
,ABAP Team,2026-08-23T19:16:00,Closed,Aisha Khan,
INC0010223,L1 Service Desk,2026-07-04T12:17:00,Open,,45 mins
,L1 Service Desk,2026-07-04T12:39:00,In progress,Nadia Rahman,2 hr 13 mins
,ABAP Team,2026-07-04T13:08:00,Open,,1hr 00 mins
,ABAP Team,2026-07-04T13:34:00,In progress,Daniel Cho,10mins
,ABAP Team,2026-07-04T14:05:00,Closed,Aisha Khan,
INC0010224,L1 Service Desk,2026-08-26T14:56:00,Open,,45 mins
,L1 Service Desk,2026-08-26T15:23:00,In progress,Noah Williams,1hr 15 mins
,Trade Support L2,2026-08-26T16:00:00,Open,,2hr 05 mins
,Trade Support L2,2026-08-26T16:15:00,In progress,Aisha Khan,1 hr 15 mins
INC0010225,Core Banking L3,2026-08-10T17:54:00,Open,,45 mins
,Core Banking L3,2026-08-10T18:11:00,In progress,Emily Carter,35mins
,FI Team,2026-08-10T18:48:00,Open,,15 mins
,FI Team,2026-08-10T19:00:00,In progress,Maria Silva,2 hr 5 mins
INC0010226,Access Management Team,2026-08-25T06:40:00,Open,,45mins
,Access Management Team,2026-08-25T07:00:00,In progress,Carlos Mendes,1 hr 15 mins
,MM Team,2026-08-25T07:47:00,Open,,35mins
,MM Team,2026-08-25T08:01:00,In progress,Priya Sharma,1hr 30 mins
INC0010227,Payments L2 Support,2026-06-05T04:35:00,Open,,1 hr 0 mins
,Payments L2 Support,2026-06-05T04:50:00,In progress,Emily Carter,1hr 30 mins
,SD Team,2026-06-05T05:25:00,Open,,10mins
,SD Team,2026-06-05T05:41:00,In progress,Kenji Watanabe,2 hr 5 mins
,SD Team,2026-06-05T06:16:00,Hold,Sofia Rossi,2hr 05 mins
INC0010228,L2 Team,2026-08-16T16:23:00,Open,,2hr 05 mins
,L2 Team,2026-08-16T16:44:00,In progress,Noah Williams,1hr 15 mins
,L3 Team,2026-08-16T17:12:00,Open,,1 hr 0 mins
,L3 Team,2026-08-16T17:33:00,In progress,Hannah Lee,1hr 00 mins
,MM Team,2026-08-16T18:16:00,Open,,17mins
,MM Team,2026-08-16T18:33:00,In progress,Sofia Rossi,35mins
INC0010229,L2 Team,2026-07-31T22:14:00,Open,,17 mins
,L2 Team,2026-07-31T22:24:00,In progress,Noah Williams,1hr 00 mins
,Access Management Team,2026-07-31T22:47:00,Open,,2 hr 13 mins
,Access Management Team,2026-07-31T23:14:00,In progress,Hannah Lee,1hr 15 mins
,Trade Support L2,2026-07-31T23:45:00,Open,,2 hr 5 mins
,Trade Support L2,2026-08-01T00:07:00,In progress,Priya Sharma,17 mins
,Trade Support L2,2026-08-01T00:35:00,Hold,Daniel Cho,2 hr 13 mins
INC0010230,L3 Team,2026-08-22T11:46:00,Open,,1 hr 30 mins
,L3 Team,2026-08-22T12:04:00,In progress,Chloe Martin,15 mins
,Access Management Team,2026-08-22T13:02:00,Open,,2 hr 5 mins
,Access Management Team,2026-08-22T13:30:00,In progress,Mei Tan,17 mins
,SD Team,2026-08-22T14:07:00,Open,,1hr 30 mins
,SD Team,2026-08-22T14:31:00,In progress,James Cole,1 hr 0 mins
INC0010231,Core Banking L3,2026-08-07T11:44:00,Open,,2hr 13 mins
,Core Banking L3,2026-08-07T12:07:00,In progress,Chloe Martin,15 mins
,L2 Team,2026-08-07T12:32:00,Open,,45 mins
,L2 Team,2026-08-07T12:52:00,In progress,Hannah Lee,45mins
,FI Team,2026-08-07T13:48:00,Open,,1hr 15 mins
,FI Team,2026-08-07T14:16:00,In progress,Daniel Cho,1hr 15 mins
INC0010232,Access Management Team,2026-07-02T15:44:00,Open,,17mins
,Access Management Team,2026-07-02T16:01:00,In progress,Emily Carter,35 mins
,ABAP Team,2026-07-02T16:41:00,Open,,15 mins
,ABAP Team,2026-07-02T17:08:00,In progress,Priya Sharma,10 mins
INC0010233,L1 Team,2026-06-23T20:02:00,Open,,2 hr 5 mins
,L1 Team,2026-06-23T20:14:00,In progress,Omar Siddiqui,45 mins
,SD Team,2026-06-23T20:44:00,Open,,1 hr 15 mins
,SD Team,2026-06-23T20:58:00,In progress,Priya Sharma,17 mins
,SD Team,2026-06-23T21:15:00,Closed,Priya Sharma,
INC0010234,L1 Service Desk,2026-05-22T17:04:00,Open,,1hr 30 mins
,L1 Service Desk,2026-05-22T17:18:00,In progress,Ethan Brooks,17mins
,Payments L2 Support,2026-05-22T18:11:00,Open,,1 hr 15 mins
,Payments L2 Support,2026-05-22T18:41:00,In progress,Mei Tan,1 hr 0 mins
,SD Team,2026-05-22T19:36:00,Open,,45 mins
,SD Team,2026-05-22T20:01:00,In progress,Daniel Cho,15 mins
,SD Team,2026-05-22T20:35:00,Hold,Daniel Cho,45 mins
INC0010235,L1 Team,2026-06-25T22:29:00,Open,,17 mins
,L1 Team,2026-06-25T22:48:00,In progress,Arjun Mehta,1hr 15 mins
,Risk & Compliance Ops,2026-06-25T23:22:00,Open,,1hr 00 mins
,Risk & Compliance Ops,2026-06-25T23:51:00,In progress,Aisha Khan,10mins
INC0010236,L1 Service Desk,2026-05-31T19:11:00,Open,,1hr 00 mins
,L1 Service Desk,2026-05-31T19:28:00,In progress,Mei Tan,2hr 13 mins
,Risk & Compliance Ops,2026-05-31T20:07:00,Open,,15 mins
,Risk & Compliance Ops,2026-05-31T20:37:00,In progress,Aisha Khan,1 hr 30 mins
INC0010237,Core Banking L3,2026-08-08T09:43:00,Open,,45 mins
,Core Banking L3,2026-08-08T09:59:00,In progress,Nadia Rahman,17 mins
,Access Management Team,2026-08-08T10:21:00,Open,,2hr 13 mins
,Access Management Team,2026-08-08T10:50:00,In progress,Ethan Brooks,35 mins
,Risk & Compliance Ops,2026-08-08T11:06:00,Open,,1 hr 30 mins
,Risk & Compliance Ops,2026-08-08T11:21:00,In progress,James Cole,45 mins
INC0010238,Core Banking L3,2026-07-22T03:50:00,Open,,15 mins
,Core Banking L3,2026-07-22T04:00:00,In progress,Omar Siddiqui,1hr 00 mins
,L1 Team,2026-07-22T04:46:00,Open,,45 mins
,L1 Team,2026-07-22T04:57:00,In progress,Nadia Rahman,10 mins
,FI Team,2026-07-22T05:37:00,Open,,1 hr 15 mins
,FI Team,2026-07-22T05:53:00,In progress,Liam O'Connor,1 hr 0 mins
INC0010239,L1 Service Desk,2026-05-13T10:03:00,Open,,35mins
,L1 Service Desk,2026-05-13T10:14:00,In progress,Noah Williams,15mins
,MM Team,2026-05-13T11:11:00,Open,,1hr 15 mins
,MM Team,2026-05-13T11:30:00,In progress,Sofia Rossi,17mins
,MM Team,2026-05-13T11:47:00,Closed,Daniel Cho,
INC0010240,L3 Team,2026-08-23T07:00:00,Open,,2hr 13 mins
,L3 Team,2026-08-23T07:16:00,In progress,Hannah Lee,10mins
,MM Team,2026-08-23T07:44:00,Open,,35mins
,MM Team,2026-08-23T08:07:00,In progress,Liam O'Connor,17 mins
,MM Team,2026-08-23T08:59:00,Closed,Liam O'Connor,
INC0010241,L1 Team,2026-08-19T02:22:00,Open,,1 hr 15 mins
,L1 Team,2026-08-19T02:51:00,In progress,Nadia Rahman,15 mins
,Risk & Compliance Ops,2026-08-19T03:16:00,Open,,2 hr 13 mins
,Risk & Compliance Ops,2026-08-19T03:36:00,In progress,Priya Sharma,10 mins
INC0010242,Core Banking L3,2026-05-21T05:25:00,Open,,15 mins
,Core Banking L3,2026-05-21T05:50:00,In progress,Carlos Mendes,1 hr 30 mins
,Risk & Compliance Ops,2026-05-21T06:27:00,Open,,1 hr 15 mins
,Risk & Compliance Ops,2026-05-21T06:43:00,In progress,Priya Sharma,1hr 00 mins
,Risk & Compliance Ops,2026-05-21T07:06:00,Closed,Liam O'Connor,
INC0010243,Core Banking L3,2026-08-10T09:29:00,Open,,45mins
,Core Banking L3,2026-08-10T09:54:00,In progress,Nadia Rahman,2 hr 5 mins
,L1 Service Desk,2026-08-10T10:43:00,Open,,45 mins
,L1 Service Desk,2026-08-10T11:07:00,In progress,Carlos Mendes,2 hr 5 mins
,Risk & Compliance Ops,2026-08-10T11:32:00,Open,,17 mins
,Risk & Compliance Ops,2026-08-10T11:51:00,In progress,Fatima Al-Sayed,45 mins
INC0010244,Core Banking L3,2026-08-10T17:23:00,Open,,2hr 05 mins
,Core Banking L3,2026-08-10T17:52:00,In progress,Nadia Rahman,45mins
,L2 Team,2026-08-10T18:11:00,Open,,2 hr 13 mins
,L2 Team,2026-08-10T18:33:00,In progress,Nadia Rahman,1 hr 30 mins
,ABAP Team,2026-08-10T19:19:00,Open,,17mins
,ABAP Team,2026-08-10T19:38:00,In progress,Priya Sharma,2hr 13 mins
,ABAP Team,2026-08-10T20:00:00,Closed,Priya Sharma,
INC0010245,L1 Team,2026-06-23T06:39:00,Open,,17 mins
,L1 Team,2026-06-23T06:55:00,In progress,Hannah Lee,35 mins
,FI Team,2026-06-23T07:12:00,Open,,1 hr 0 mins
,FI Team,2026-06-23T07:37:00,In progress,Daniel Cho,2 hr 5 mins
,FI Team,2026-06-23T08:29:00,Hold,Liam O'Connor,10 mins
INC0010246,L1 Team,2026-08-13T11:59:00,Open,,2hr 13 mins
,L1 Team,2026-08-13T12:11:00,In progress,Arjun Mehta,45mins
,FI Team,2026-08-13T12:52:00,Open,,10mins
,FI Team,2026-08-13T13:10:00,In progress,Daniel Cho,10mins
,FI Team,2026-08-13T13:29:00,Closed,Liam O'Connor,
INC0010247,Payments L2 Support,2026-05-25T00:11:00,Open,,15mins
,Payments L2 Support,2026-05-25T00:28:00,In progress,Ethan Brooks,1 hr 0 mins
,ABAP Team,2026-05-25T00:55:00,Open,,35mins
,ABAP Team,2026-05-25T01:25:00,In progress,Fatima Al-Sayed,1hr 30 mins
,ABAP Team,2026-05-25T01:46:00,Hold,Kenji Watanabe,2hr 13 mins
INC0010248,L1 Team,2026-08-16T11:09:00,Open,,1hr 30 mins
,L1 Team,2026-08-16T11:35:00,In progress,Noah Williams,1 hr 30 mins
,L2 Team,2026-08-16T12:18:00,Open,,45 mins
,L2 Team,2026-08-16T12:45:00,In progress,Hannah Lee,45 mins
,FI Team,2026-08-16T13:40:00,Open,,45mins
,FI Team,2026-08-16T13:57:00,In progress,Fatima Al-Sayed,1 hr 30 mins
INC0010249,L3 Team,2026-08-11T20:56:00,Open,,1 hr 0 mins
,L3 Team,2026-08-11T21:07:00,In progress,Arjun Mehta,1 hr 30 mins
,L1 Service Desk,2026-08-11T21:41:00,Open,,10 mins
,L1 Service Desk,2026-08-11T21:58:00,In progress,Hannah Lee,45 mins
,MM Team,2026-08-11T22:57:00,Open,,1 hr 30 mins
,MM Team,2026-08-11T23:24:00,In progress,Fatima Al-Sayed,2 hr 5 mins
,MM Team,2026-08-11T23:45:00,Closed,Priya Sharma,
INC0010250,L2 Team,2026-08-09T07:15:00,Open,,45mins
,L2 Team,2026-08-09T07:32:00,In progress,Emily Carter,45 mins
,Access Management Team,2026-08-09T08:23:00,Open,,1 hr 0 mins
,Access Management Team,2026-08-09T08:39:00,In progress,Omar Siddiqui,1 hr 15 mins
,SD Team,2026-08-09T09:25:00,Open,,2 hr 5 mins
,SD Team,2026-08-09T09:54:00,In progress,Liam O'Connor,10mins
,SD Team,2026-08-09T10:45:00,Closed,Kenji Watanabe,
INC0010251,Access Management Team,2026-08-01T23:36:00,Open,,45 mins
,Access Management Team,2026-08-01T23:59:00,In progress,Noah Williams,35mins
,SD Team,2026-08-02T00:55:00,Open,,10mins
,SD Team,2026-08-02T01:25:00,In progress,Kenji Watanabe,10 mins
,SD Team,2026-08-02T02:13:00,Closed,Priya Sharma,
INC0010252,L3 Team,2026-05-09T02:06:00,Open,,35 mins
,L3 Team,2026-05-09T02:17:00,In progress,Omar Siddiqui,1 hr 15 mins
,Risk & Compliance Ops,2026-05-09T03:08:00,Open,,35 mins
,Risk & Compliance Ops,2026-05-09T03:27:00,In progress,Aisha Khan,17 mins
,Risk & Compliance Ops,2026-05-09T03:47:00,Hold,Wei Zhang,10mins
INC0010253,L1 Team,2026-06-07T00:45:00,Open,,1 hr 0 mins
,L1 Team,2026-06-07T00:59:00,In progress,Ethan Brooks,1 hr 30 mins
,L1 Service Desk,2026-06-07T01:45:00,Open,,1 hr 0 mins
,L1 Service Desk,2026-06-07T02:13:00,In progress,Arjun Mehta,2 hr 5 mins
,Risk & Compliance Ops,2026-06-07T03:01:00,Open,,15 mins
,Risk & Compliance Ops,2026-06-07T03:24:00,In progress,Sofia Rossi,2 hr 13 mins
INC0010254,Core Banking L3,2026-08-14T01:46:00,Open,,1hr 00 mins
,Core Banking L3,2026-08-14T02:07:00,In progress,Nadia Rahman,45 mins
,MM Team,2026-08-14T03:00:00,Open,,45 mins
,MM Team,2026-08-14T03:21:00,In progress,Wei Zhang,1 hr 15 mins
,MM Team,2026-08-14T03:45:00,Hold,Wei Zhang,35 mins
INC0010255,Access Management Team,2026-06-12T07:24:00,Open,,15 mins
,Access Management Team,2026-06-12T07:35:00,In progress,Chloe Martin,2 hr 5 mins
,Trade Support L2,2026-06-12T08:08:00,Open,,15 mins
,Trade Support L2,2026-06-12T08:32:00,In progress,Maria Silva,10 mins
INC0010256,L2 Team,2026-08-01T02:40:00,Open,,1hr 30 mins
,L2 Team,2026-08-01T03:07:00,In progress,Chloe Martin,2 hr 5 mins
,Risk & Compliance Ops,2026-08-01T03:31:00,Open,,2 hr 13 mins
,Risk & Compliance Ops,2026-08-01T03:53:00,In progress,Daniel Cho,2 hr 13 mins
,Risk & Compliance Ops,2026-08-01T04:10:00,Hold,Daniel Cho,10 mins
INC0010257,L1 Team,2026-06-25T04:30:00,Open,,10 mins
,L1 Team,2026-06-25T04:52:00,In progress,Omar Siddiqui,15 mins
,L1 Service Desk,2026-06-25T05:25:00,Open,,2hr 13 mins
,L1 Service Desk,2026-06-25T05:42:00,In progress,Mei Tan,15 mins
,Trade Support L2,2026-06-25T06:28:00,Open,,1 hr 30 mins
,Trade Support L2,2026-06-25T06:43:00,In progress,Aisha Khan,1hr 30 mins
,Trade Support L2,2026-06-25T07:33:00,Closed,Priya Sharma,
INC0010258,Payments L2 Support,2026-08-25T22:53:00,Open,,45 mins
,Payments L2 Support,2026-08-25T23:15:00,In progress,Emily Carter,45mins
,SD Team,2026-08-25T23:52:00,Open,,45 mins
,SD Team,2026-08-26T00:18:00,In progress,Liam O'Connor,10mins
INC0010259,Access Management Team,2026-07-14T23:53:00,Open,,45 mins
,Access Management Team,2026-07-15T00:07:00,In progress,Omar Siddiqui,2 hr 13 mins
,L1 Team,2026-07-15T00:27:00,Open,,1 hr 0 mins
,L1 Team,2026-07-15T00:56:00,In progress,Nadia Rahman,1 hr 0 mins
,Risk & Compliance Ops,2026-07-15T01:47:00,Open,,45mins
,Risk & Compliance Ops,2026-07-15T02:07:00,In progress,Maria Silva,1 hr 30 mins
INC0010260,Payments L2 Support,2026-08-16T14:07:00,Open,,2 hr 13 mins
,Payments L2 Support,2026-08-16T14:21:00,In progress,Mei Tan,17 mins
,Risk & Compliance Ops,2026-08-16T14:45:00,Open,,2 hr 5 mins
,Risk & Compliance Ops,2026-08-16T15:05:00,In progress,James Cole,1 hr 30 mins
,Risk & Compliance Ops,2026-08-16T15:27:00,Hold,Wei Zhang,45 mins
INC0010261,L1 Service Desk,2026-08-11T22:03:00,Open,,1 hr 15 mins
,L1 Service Desk,2026-08-11T22:33:00,In progress,Carlos Mendes,17 mins
,Access Management Team,2026-08-11T22:54:00,Open,,17 mins
,Access Management Team,2026-08-11T23:04:00,In progress,Carlos Mendes,2 hr 5 mins
,SD Team,2026-08-11T23:58:00,Open,,35 mins
,SD Team,2026-08-12T00:08:00,In progress,Sofia Rossi,15mins
INC0010262,Payments L2 Support,2026-08-05T05:14:00,Open,,1 hr 15 mins
,Payments L2 Support,2026-08-05T05:44:00,In progress,Chloe Martin,1hr 15 mins
,Risk & Compliance Ops,2026-08-05T06:07:00,Open,,35 mins
,Risk & Compliance Ops,2026-08-05T06:30:00,In progress,Priya Sharma,45 mins
INC0010263,Access Management Team,2026-05-31T11:50:00,Open,,15 mins
,Access Management Team,2026-05-31T12:14:00,In progress,Mei Tan,1 hr 15 mins
,FI Team,2026-05-31T12:49:00,Open,,35 mins
,FI Team,2026-05-31T13:11:00,In progress,Maria Silva,45 mins
,FI Team,2026-05-31T14:05:00,Closed,Fatima Al-Sayed,
INC0010264,Payments L2 Support,2026-05-30T02:37:00,Open,,1hr 15 mins
,Payments L2 Support,2026-05-30T02:48:00,In progress,Nadia Rahman,1 hr 30 mins
,ABAP Team,2026-05-30T03:28:00,Open,,10mins
,ABAP Team,2026-05-30T03:50:00,In progress,Daniel Cho,2 hr 13 mins
,ABAP Team,2026-05-30T04:17:00,Closed,Liam O'Connor,
INC0010265,L3 Team,2026-08-18T22:27:00,Open,,17 mins
,L3 Team,2026-08-18T22:46:00,In progress,Emily Carter,1 hr 30 mins
,Access Management Team,2026-08-18T23:30:00,Open,,2hr 13 mins
,Access Management Team,2026-08-18T23:42:00,In progress,Noah Williams,17mins
,MM Team,2026-08-19T00:41:00,Open,,1hr 00 mins
,MM Team,2026-08-19T01:01:00,In progress,Maria Silva,10 mins
,MM Team,2026-08-19T01:45:00,Hold,Fatima Al-Sayed,35 mins
INC0010266,L3 Team,2026-07-24T18:53:00,Open,,17mins
,L3 Team,2026-07-24T19:06:00,In progress,Emily Carter,15mins
,Core Banking L3,2026-07-24T19:49:00,Open,,2hr 13 mins
,Core Banking L3,2026-07-24T20:01:00,In progress,Ethan Brooks,1 hr 0 mins
,Trade Support L2,2026-07-24T20:48:00,Open,,17 mins
,Trade Support L2,2026-07-24T21:15:00,In progress,Wei Zhang,17 mins
,Trade Support L2,2026-07-24T22:06:00,Hold,Aisha Khan,17 mins
INC0010267,L1 Service Desk,2026-08-26T16:15:00,Open,,45mins
,L1 Service Desk,2026-08-26T16:39:00,In progress,Noah Williams,15 mins
,SD Team,2026-08-26T17:06:00,Open,,45 mins
,SD Team,2026-08-26T17:30:00,In progress,Maria Silva,1 hr 15 mins
INC0010268,L2 Team,2026-08-13T20:12:00,Open,,2hr 13 mins
,L2 Team,2026-08-13T20:36:00,In progress,Emily Carter,2 hr 5 mins
,Access Management Team,2026-08-13T20:51:00,Open,,35mins
,Access Management Team,2026-08-13T21:09:00,In progress,Mei Tan,35 mins
,Risk & Compliance Ops,2026-08-13T21:35:00,Open,,2hr 13 mins
,Risk & Compliance Ops,2026-08-13T21:46:00,In progress,Wei Zhang,10mins
INC0010269,L3 Team,2026-07-28T14:19:00,Open,,15 mins
,L3 Team,2026-07-28T14:34:00,In progress,Chloe Martin,45mins
,L1 Team,2026-07-28T15:31:00,Open,,2 hr 5 mins
,L1 Team,2026-07-28T15:58:00,In progress,Chloe Martin,1 hr 15 mins
,ABAP Team,2026-07-28T16:50:00,Open,,10 mins
,ABAP Team,2026-07-28T17:09:00,In progress,Sofia Rossi,45 mins
INC0010270,Access Management Team,2026-07-18T17:43:00,Open,,45 mins
,Access Management Team,2026-07-18T17:57:00,In progress,Emily Carter,45 mins
,Payments L2 Support,2026-07-18T18:45:00,Open,,1 hr 0 mins
,Payments L2 Support,2026-07-18T19:01:00,In progress,Nadia Rahman,2 hr 5 mins
,ABAP Team,2026-07-18T19:22:00,Open,,2 hr 13 mins
,ABAP Team,2026-07-18T19:34:00,In progress,Maria Silva,2 hr 5 mins
,ABAP Team,2026-07-18T20:07:00,Hold,Maria Silva,45 mins
INC0010271,L2 Team,2026-06-28T09:32:00,Open,,1 hr 15 mins
,L2 Team,2026-06-28T10:02:00,In progress,Noah Williams,2 hr 5 mins
,Payments L2 Support,2026-06-28T11:02:00,Open,,45 mins
,Payments L2 Support,2026-06-28T11:12:00,In progress,Ethan Brooks,1 hr 15 mins
,Risk & Compliance Ops,2026-06-28T11:34:00,Open,,35mins
,Risk & Compliance Ops,2026-06-28T11:57:00,In progress,Kenji Watanabe,10 mins
,Risk & Compliance Ops,2026-06-28T12:34:00,Closed,Daniel Cho,
INC0010272,L1 Team,2026-08-17T02:00:00,Open,,35mins
,L1 Team,2026-08-17T02:19:00,In progress,Emily Carter,45 mins
,Trade Support L2,2026-08-17T03:06:00,Open,,10 mins
,Trade Support L2,2026-08-17T03:26:00,In progress,Sofia Rossi,1 hr 0 mins
,Trade Support L2,2026-08-17T04:17:00,Hold,Fatima Al-Sayed,10 mins
INC0010273,Access Management Team,2026-08-21T14:18:00,Open,,1hr 15 mins
,Access Management Team,2026-08-21T14:29:00,In progress,Noah Williams,1 hr 15 mins
,L3 Team,2026-08-21T15:24:00,Open,,1 hr 15 mins
,L3 Team,2026-08-21T15:44:00,In progress,Chloe Martin,1 hr 0 mins
,Trade Support L2,2026-08-21T16:02:00,Open,,45mins
,Trade Support L2,2026-08-21T16:22:00,In progress,Aisha Khan,10 mins
,Trade Support L2,2026-08-21T17:13:00,Closed,Aisha Khan,
INC0010274,L2 Team,2026-05-24T08:43:00,Open,,10 mins
,L2 Team,2026-05-24T09:05:00,In progress,Noah Williams,2 hr 5 mins
,SD Team,2026-05-24T09:44:00,Open,,15 mins
,SD Team,2026-05-24T10:04:00,In progress,Priya Sharma,45 mins
INC0010275,L2 Team,2026-08-25T18:37:00,Open,,45 mins
,L2 Team,2026-08-25T19:03:00,In progress,Emily Carter,45 mins
,L3 Team,2026-08-25T19:30:00,Open,,15 mins
,L3 Team,2026-08-25T19:56:00,In progress,Mei Tan,1 hr 15 mins
,MM Team,2026-08-25T20:20:00,Open,,1 hr 15 mins
,MM Team,2026-08-25T20:46:00,In progress,Liam O'Connor,45 mins
INC0010276,L2 Team,2026-08-08T19:20:00,Open,,10 mins
,L2 Team,2026-08-08T19:42:00,In progress,Mei Tan,15 mins
,Trade Support L2,2026-08-08T20:16:00,Open,,2 hr 13 mins
,Trade Support L2,2026-08-08T20:28:00,In progress,Sofia Rossi,1 hr 15 mins
,Trade Support L2,2026-08-08T20:49:00,Closed,Daniel Cho,
INC0010277,L1 Team,2026-07-24T02:39:00,Open,,2 hr 13 mins
,L1 Team,2026-07-24T02:59:00,In progress,Nadia Rahman,35 mins
,Payments L2 Support,2026-07-24T03:31:00,Open,,1hr 30 mins
,Payments L2 Support,2026-07-24T03:55:00,In progress,Emily Carter,45 mins
,SD Team,2026-07-24T04:20:00,Open,,10mins
,SD Team,2026-07-24T04:47:00,In progress,James Cole,35mins
INC0010278,L3 Team,2026-06-23T06:18:00,Open,,45mins
,L3 Team,2026-06-23T06:35:00,In progress,Noah Williams,15 mins
,L2 Team,2026-06-23T07:29:00,Open,,45mins
,L2 Team,2026-06-23T07:53:00,In progress,Arjun Mehta,17 mins
,Trade Support L2,2026-06-23T08:38:00,Open,,10 mins
,Trade Support L2,2026-06-23T09:00:00,In progress,Fatima Al-Sayed,1hr 00 mins
,Trade Support L2,2026-06-23T09:26:00,Closed,Maria Silva,
INC0010279,L3 Team,2026-06-06T17:33:00,Open,,2 hr 13 mins
,L3 Team,2026-06-06T17:45:00,In progress,Ethan Brooks,2 hr 5 mins
,Access Management Team,2026-06-06T18:05:00,Open,,1 hr 15 mins
,Access Management Team,2026-06-06T18:29:00,In progress,Ethan Brooks,1 hr 15 mins
,FI Team,2026-06-06T18:58:00,Open,,2hr 05 mins
,FI Team,2026-06-06T19:19:00,In progress,Kenji Watanabe,17mins
INC0010280,Access Management Team,2026-06-06T19:37:00,Open,,1 hr 15 mins
,Access Management Team,2026-06-06T19:49:00,In progress,Chloe Martin,15 mins
,L3 Team,2026-06-06T20:34:00,Open,,1 hr 15 mins
,L3 Team,2026-06-06T20:53:00,In progress,Hannah Lee,2 hr 5 mins
,MM Team,2026-06-06T21:16:00,Open,,1 hr 0 mins
,MM Team,2026-06-06T21:29:00,In progress,James Cole,2 hr 13 mins
,MM Team,2026-06-06T22:03:00,Hold,James Cole,1 hr 0 mins
INC0010281,Payments L2 Support,2026-08-11T16:53:00,Open,,1 hr 30 mins
,Payments L2 Support,2026-08-11T17:18:00,In progress,Hannah Lee,35mins
,FI Team,2026-08-11T18:10:00,Open,,1 hr 0 mins
,FI Team,2026-08-11T18:30:00,In progress,Daniel Cho,35 mins
INC0010282,Core Banking L3,2026-07-03T14:54:00,Open,,2hr 05 mins
,Core Banking L3,2026-07-03T15:07:00,In progress,Ethan Brooks,45mins
,Trade Support L2,2026-07-03T15:28:00,Open,,17 mins
,Trade Support L2,2026-07-03T15:50:00,In progress,James Cole,2 hr 5 mins
,Trade Support L2,2026-07-03T16:48:00,Closed,Fatima Al-Sayed,
INC0010283,L1 Service Desk,2026-06-05T16:19:00,Open,,10 mins
,L1 Service Desk,2026-06-05T16:35:00,In progress,Noah Williams,2 hr 5 mins
,Core Banking L3,2026-06-05T16:50:00,Open,,17mins
,Core Banking L3,2026-06-05T17:04:00,In progress,Chloe Martin,1hr 30 mins
,Trade Support L2,2026-06-05T17:43:00,Open,,1 hr 15 mins
,Trade Support L2,2026-06-05T17:59:00,In progress,Priya Sharma,45 mins
,Trade Support L2,2026-06-05T18:50:00,Hold,Sofia Rossi,1 hr 0 mins
INC0010284,Payments L2 Support,2026-08-22T17:14:00,Open,,2 hr 5 mins
,Payments L2 Support,2026-08-22T17:36:00,In progress,Hannah Lee,10 mins
,ABAP Team,2026-08-22T18:26:00,Open,,10mins
,ABAP Team,2026-08-22T18:53:00,In progress,Sofia Rossi,15 mins
,ABAP Team,2026-08-22T19:09:00,Closed,Aisha Khan,
INC0010285,Core Banking L3,2026-05-24T08:41:00,Open,,1hr 00 mins
,Core Banking L3,2026-05-24T09:03:00,In progress,Carlos Mendes,2 hr 13 mins
,L3 Team,2026-05-24T09:48:00,Open,,17 mins
,L3 Team,2026-05-24T10:15:00,In progress,Omar Siddiqui,1 hr 0 mins
,Trade Support L2,2026-05-24T10:48:00,Open,,2 hr 13 mins
,Trade Support L2,2026-05-24T11:02:00,In progress,Priya Sharma,15mins
,Trade Support L2,2026-05-24T11:18:00,Closed,Wei Zhang,
INC0010286,L2 Team,2026-08-08T06:52:00,Open,,2hr 13 mins
,L2 Team,2026-08-08T07:16:00,In progress,Chloe Martin,2 hr 5 mins
,L1 Team,2026-08-08T08:00:00,Open,,1hr 30 mins
,L1 Team,2026-08-08T08:27:00,In progress,Chloe Martin,45 mins
,FI Team,2026-08-08T08:53:00,Open,,10mins
,FI Team,2026-08-08T09:18:00,In progress,Aisha Khan,1hr 30 mins
INC0010287,L1 Team,2026-05-17T09:43:00,Open,,1 hr 15 mins
,L1 Team,2026-05-17T10:04:00,In progress,Emily Carter,2hr 05 mins
,Access Management Team,2026-05-17T11:03:00,Open,,15 mins
,Access Management Team,2026-05-17T11:29:00,In progress,Carlos Mendes,1 hr 15 mins
,Risk & Compliance Ops,2026-05-17T11:49:00,Open,,2 hr 5 mins
,Risk & Compliance Ops,2026-05-17T12:06:00,In progress,Fatima Al-Sayed,2 hr 13 mins
,Risk & Compliance Ops,2026-05-17T12:25:00,Hold,Fatima Al-Sayed,1 hr 30 mins
INC0010288,L3 Team,2026-05-27T23:19:00,Open,,10 mins
,L3 Team,2026-05-27T23:43:00,In progress,Chloe Martin,2 hr 5 mins
,Risk & Compliance Ops,2026-05-28T00:19:00,Open,,45 mins
,Risk & Compliance Ops,2026-05-28T00:34:00,In progress,Priya Sharma,2 hr 5 mins
INC0010289,L1 Team,2026-08-17T01:34:00,Open,,2 hr 5 mins
,L1 Team,2026-08-17T02:02:00,In progress,Arjun Mehta,2hr 13 mins
,Core Banking L3,2026-08-17T02:56:00,Open,,10 mins
,Core Banking L3,2026-08-17T03:21:00,In progress,Emily Carter,17mins
,MM Team,2026-08-17T03:40:00,Open,,45 mins
,MM Team,2026-08-17T03:54:00,In progress,Sofia Rossi,45 mins
,MM Team,2026-08-17T04:09:00,Closed,Wei Zhang,
INC0010290,Core Banking L3,2026-08-07T17:27:00,Open,,45 mins
,Core Banking L3,2026-08-07T17:45:00,In progress,Nadia Rahman,1 hr 15 mins
,MM Team,2026-08-07T18:33:00,Open,,45 mins
,MM Team,2026-08-07T18:47:00,In progress,Fatima Al-Sayed,17 mins
,MM Team,2026-08-07T19:28:00,Closed,Kenji Watanabe,
INC0010291,Core Banking L3,2026-08-19T15:20:00,Open,,35mins
,Core Banking L3,2026-08-19T15:41:00,In progress,Chloe Martin,45 mins
,Access Management Team,2026-08-19T15:59:00,Open,,17 mins
,Access Management Team,2026-08-19T16:21:00,In progress,Ethan Brooks,1 hr 30 mins
,FI Team,2026-08-19T17:00:00,Open,,1hr 00 mins
,FI Team,2026-08-19T17:18:00,In progress,Wei Zhang,1hr 30 mins
,FI Team,2026-08-19T17:33:00,Hold,Liam O'Connor,1hr 15 mins
INC0010292,L1 Team,2026-08-26T07:13:00,Open,,2hr 13 mins
,L1 Team,2026-08-26T07:36:00,In progress,Mei Tan,2hr 13 mins
,Risk & Compliance Ops,2026-08-26T08:12:00,Open,,15 mins
,Risk & Compliance Ops,2026-08-26T08:42:00,In progress,Fatima Al-Sayed,1 hr 15 mins
INC0010293,Payments L2 Support,2026-08-23T14:13:00,Open,,2 hr 13 mins
,Payments L2 Support,2026-08-23T14:28:00,In progress,Arjun Mehta,2 hr 13 mins
,SD Team,2026-08-23T14:47:00,Open,,15mins
,SD Team,2026-08-23T15:00:00,In progress,Maria Silva,45 mins
INC0010294,L2 Team,2026-06-30T07:10:00,Open,,2 hr 5 mins
,L2 Team,2026-06-30T07:21:00,In progress,Nadia Rahman,2 hr 5 mins
,L1 Team,2026-06-30T07:43:00,Open,,15 mins
,L1 Team,2026-06-30T08:12:00,In progress,Omar Siddiqui,2 hr 13 mins
,ABAP Team,2026-06-30T09:03:00,Open,,17 mins
,ABAP Team,2026-06-30T09:18:00,In progress,Liam O'Connor,45 mins
,ABAP Team,2026-06-30T10:15:00,Closed,James Cole,
INC0010295,L3 Team,2026-05-15T08:41:00,Open,,2hr 13 mins
,L3 Team,2026-05-15T08:59:00,In progress,Noah Williams,15 mins
,L1 Service Desk,2026-05-15T09:17:00,Open,,1hr 00 mins
,L1 Service Desk,2026-05-15T09:37:00,In progress,Arjun Mehta,45 mins
,Trade Support L2,2026-05-15T10:03:00,Open,,1 hr 15 mins
,Trade Support L2,2026-05-15T10:32:00,In progress,Maria Silva,2hr 13 mins
INC0010296,Payments L2 Support,2026-06-15T12:54:00,Open,,35mins
,Payments L2 Support,2026-06-15T13:24:00,In progress,Nadia Rahman,1 hr 15 mins
,MM Team,2026-06-15T13:55:00,Open,,15 mins
,MM Team,2026-06-15T14:23:00,In progress,Liam O'Connor,1 hr 15 mins
INC0010297,Core Banking L3,2026-08-24T03:55:00,Open,,10 mins
,Core Banking L3,2026-08-24T04:17:00,In progress,Omar Siddiqui,1 hr 0 mins
,Trade Support L2,2026-08-24T04:32:00,Open,,1hr 15 mins
,Trade Support L2,2026-08-24T04:55:00,In progress,Kenji Watanabe,15mins
,Trade Support L2,2026-08-24T05:24:00,Hold,Priya Sharma,1 hr 0 mins
INC0010298,Payments L2 Support,2026-06-03T23:20:00,Open,,45 mins
,Payments L2 Support,2026-06-03T23:39:00,In progress,Emily Carter,45mins
,Risk & Compliance Ops,2026-06-04T00:15:00,Open,,1hr 15 mins
,Risk & Compliance Ops,2026-06-04T00:45:00,In progress,Aisha Khan,17mins
INC0010299,Core Banking L3,2026-08-17T22:49:00,Open,,1 hr 0 mins
,Core Banking L3,2026-08-17T23:19:00,In progress,Ethan Brooks,15mins
,L2 Team,2026-08-18T00:02:00,Open,,35 mins
,L2 Team,2026-08-18T00:13:00,In progress,Hannah Lee,2 hr 5 mins
,SD Team,2026-08-18T00:59:00,Open,,1 hr 30 mins
,SD Team,2026-08-18T01:18:00,In progress,Maria Silva,1hr 30 mins
INC0010300,L3 Team,2026-07-19T03:03:00,Open,,45mins
,L3 Team,2026-07-19T03:14:00,In progress,Nadia Rahman,2 hr 13 mins
,ABAP Team,2026-07-19T04:02:00,Open,,2 hr 13 mins
,ABAP Team,2026-07-19T04:16:00,In progress,Fatima Al-Sayed,35 mins
INC0010301,L1 Service Desk,2026-08-01T17:22:00,Open,,10 mins
,L1 Service Desk,2026-08-01T17:51:00,In progress,Emily Carter,2 hr 13 mins
,Trade Support L2,2026-08-01T18:06:00,Open,,10 mins
,Trade Support L2,2026-08-01T18:19:00,In progress,Maria Silva,2 hr 5 mins
INC0010302,Access Management Team,2026-08-18T08:06:00,Open,,15 mins
,Access Management Team,2026-08-18T08:35:00,In progress,Carlos Mendes,15 mins
,ABAP Team,2026-08-18T09:17:00,Open,,2hr 13 mins
,ABAP Team,2026-08-18T09:37:00,In progress,James Cole,2 hr 13 mins
INC0010303,L3 Team,2026-07-16T08:04:00,Open,,10mins
,L3 Team,2026-07-16T08:19:00,In progress,Hannah Lee,15 mins
,FI Team,2026-07-16T08:51:00,Open,,1 hr 0 mins
,FI Team,2026-07-16T09:12:00,In progress,Daniel Cho,1 hr 15 mins
INC0010304,L2 Team,2026-08-20T18:23:00,Open,,2 hr 13 mins
,L2 Team,2026-08-20T18:45:00,In progress,Arjun Mehta,1 hr 15 mins
,ABAP Team,2026-08-20T19:00:00,Open,,15mins
,ABAP Team,2026-08-20T19:30:00,In progress,Fatima Al-Sayed,45 mins
INC0010305,L2 Team,2026-08-19T17:15:00,Open,,2hr 13 mins
,L2 Team,2026-08-19T17:41:00,In progress,Chloe Martin,1 hr 0 mins
,FI Team,2026-08-19T18:07:00,Open,,10mins
,FI Team,2026-08-19T18:22:00,In progress,James Cole,2hr 13 mins
,FI Team,2026-08-19T18:59:00,Hold,Maria Silva,1 hr 30 mins
INC0010306,Payments L2 Support,2026-08-08T18:08:00,Open,,2hr 05 mins
,Payments L2 Support,2026-08-08T18:35:00,In progress,Ethan Brooks,35 mins
,ABAP Team,2026-08-08T19:30:00,Open,,45 mins
,ABAP Team,2026-08-08T19:46:00,In progress,James Cole,17mins
,ABAP Team,2026-08-08T20:31:00,Hold,James Cole,17mins
INC0010307,Core Banking L3,2026-05-18T06:03:00,Open,,45 mins
,Core Banking L3,2026-05-18T06:26:00,In progress,Ethan Brooks,10 mins
,SD Team,2026-05-18T06:44:00,Open,,17 mins
,SD Team,2026-05-18T06:54:00,In progress,Maria Silva,1 hr 30 mins
,SD Team,2026-05-18T07:13:00,Closed,Aisha Khan,
INC0010308,L1 Service Desk,2026-08-07T04:24:00,Open,,2hr 13 mins
,L1 Service Desk,2026-08-07T04:41:00,In progress,Omar Siddiqui,35 mins
,L2 Team,2026-08-07T05:11:00,Open,,1 hr 0 mins
,L2 Team,2026-08-07T05:33:00,In progress,Emily Carter,1 hr 15 mins
,Trade Support L2,2026-08-07T06:19:00,Open,,1 hr 0 mins
,Trade Support L2,2026-08-07T06:35:00,In progress,Fatima Al-Sayed,1 hr 15 mins
INC0010309,L2 Team,2026-08-11T18:00:00,Open,,35mins
,L2 Team,2026-08-11T18:21:00,In progress,Carlos Mendes,35 mins
,L1 Service Desk,2026-08-11T18:44:00,Open,,10mins
,L1 Service Desk,2026-08-11T19:12:00,In progress,Arjun Mehta,45 mins
,Trade Support L2,2026-08-11T19:34:00,Open,,1hr 15 mins
,Trade Support L2,2026-08-11T19:49:00,In progress,Liam O'Connor,45mins
,Trade Support L2,2026-08-11T20:14:00,Closed,Aisha Khan,
INC0010310,L1 Team,2026-05-29T02:01:00,Open,,1hr 30 mins
,L1 Team,2026-05-29T02:17:00,In progress,Ethan Brooks,45 mins
,MM Team,2026-05-29T02:59:00,Open,,35 mins
,MM Team,2026-05-29T03:19:00,In progress,Kenji Watanabe,2 hr 5 mins
,MM Team,2026-05-29T04:11:00,Closed,Wei Zhang,
INC0010311,L1 Service Desk,2026-05-24T01:54:00,Open,,10 mins
,L1 Service Desk,2026-05-24T02:20:00,In progress,Arjun Mehta,1 hr 0 mins
,ABAP Team,2026-05-24T03:00:00,Open,,15 mins
,ABAP Team,2026-05-24T03:25:00,In progress,Sofia Rossi,1 hr 30 mins
INC0010312,L2 Team,2026-08-24T05:13:00,Open,,45 mins
,L2 Team,2026-08-24T05:43:00,In progress,Arjun Mehta,1 hr 15 mins
,SD Team,2026-08-24T06:17:00,Open,,1 hr 15 mins
,SD Team,2026-08-24T06:45:00,In progress,Priya Sharma,1hr 15 mins
INC0010313,L2 Team,2026-05-10T15:57:00,Open,,1 hr 15 mins
,L2 Team,2026-05-10T16:27:00,In progress,Ethan Brooks,2 hr 13 mins
,L3 Team,2026-05-10T17:06:00,Open,,45mins
,L3 Team,2026-05-10T17:17:00,In progress,Carlos Mendes,2 hr 5 mins
,Trade Support L2,2026-05-10T18:08:00,Open,,2 hr 13 mins
,Trade Support L2,2026-05-10T18:37:00,In progress,Sofia Rossi,10mins
,Trade Support L2,2026-05-10T19:35:00,Closed,Sofia Rossi,
INC0010314,L1 Service Desk,2026-08-09T14:33:00,Open,,1 hr 15 mins
,L1 Service Desk,2026-08-09T14:44:00,In progress,Nadia Rahman,2 hr 13 mins
,SD Team,2026-08-09T15:44:00,Open,,35 mins
,SD Team,2026-08-09T16:04:00,In progress,Aisha Khan,1 hr 30 mins
INC0010315,Core Banking L3,2026-05-29T19:26:00,Open,,35mins
,Core Banking L3,2026-05-29T19:43:00,In progress,Hannah Lee,1 hr 30 mins
,Payments L2 Support,2026-05-29T20:25:00,Open,,45 mins
,Payments L2 Support,2026-05-29T20:37:00,In progress,Ethan Brooks,1 hr 15 mins
,Trade Support L2,2026-05-29T21:25:00,Open,,1 hr 15 mins
,Trade Support L2,2026-05-29T21:52:00,In progress,Daniel Cho,45 mins
,Trade Support L2,2026-05-29T22:46:00,Closed,Sofia Rossi,
INC0010316,L1 Service Desk,2026-06-02T17:26:00,Open,,15 mins
,L1 Service Desk,2026-06-02T17:41:00,In progress,Emily Carter,15 mins
,ABAP Team,2026-06-02T18:13:00,Open,,17 mins
,ABAP Team,2026-06-02T18:27:00,In progress,Aisha Khan,1 hr 30 mins
INC0010317,L1 Service Desk,2026-07-01T07:04:00,Open,,17 mins
,L1 Service Desk,2026-07-01T07:25:00,In progress,Omar Siddiqui,1 hr 15 mins
,Core Banking L3,2026-07-01T08:21:00,Open,,10 mins
,Core Banking L3,2026-07-01T08:37:00,In progress,Emily Carter,10 mins
,Risk & Compliance Ops,2026-07-01T09:25:00,Open,,1 hr 0 mins
,Risk & Compliance Ops,2026-07-01T09:45:00,In progress,Priya Sharma,45 mins
,Risk & Compliance Ops,2026-07-01T10:37:00,Hold,Priya Sharma,1 hr 30 mins
INC0010318,L3 Team,2026-08-15T18:53:00,Open,,45 mins
,L3 Team,2026-08-15T19:11:00,In progress,Nadia Rahman,1hr 15 mins
,Payments L2 Support,2026-08-15T19:44:00,Open,,10 mins
,Payments L2 Support,2026-08-15T20:05:00,In progress,Carlos Mendes,1 hr 15 mins
,FI Team,2026-08-15T20:59:00,Open,,1hr 30 mins
,FI Team,2026-08-15T21:14:00,In progress,Wei Zhang,17 mins
,FI Team,2026-08-15T21:36:00,Closed,Daniel Cho,
INC0010319,L1 Service Desk,2026-07-18T12:09:00,Open,,45 mins
,L1 Service Desk,2026-07-18T12:25:00,In progress,Arjun Mehta,2hr 13 mins
,SD Team,2026-07-18T13:02:00,Open,,1 hr 15 mins
,SD Team,2026-07-18T13:17:00,In progress,Daniel Cho,45 mins
INC0010320,L1 Service Desk,2026-08-25T07:45:00,Open,,45 mins
,L1 Service Desk,2026-08-25T07:55:00,In progress,Mei Tan,1hr 30 mins
,L2 Team,2026-08-25T08:51:00,Open,,45 mins
,L2 Team,2026-08-25T09:10:00,In progress,Noah Williams,2 hr 5 mins
,MM Team,2026-08-25T09:53:00,Open,,15mins
,MM Team,2026-08-25T10:18:00,In progress,Priya Sharma,17mins
INC0010321,L3 Team,2026-08-24T04:56:00,Open,,1 hr 0 mins
,L3 Team,2026-08-24T05:13:00,In progress,Chloe Martin,45 mins
,ABAP Team,2026-08-24T05:48:00,Open,,2 hr 13 mins
,ABAP Team,2026-08-24T06:16:00,In progress,Liam O'Connor,45 mins
INC0010322,Payments L2 Support,2026-08-16T16:45:00,Open,,2 hr 13 mins
,Payments L2 Support,2026-08-16T16:57:00,In progress,Ethan Brooks,1 hr 0 mins
,MM Team,2026-08-16T17:43:00,Open,,2 hr 5 mins
,MM Team,2026-08-16T17:54:00,In progress,Sofia Rossi,1 hr 0 mins
INC0010323,L1 Service Desk,2026-06-11T06:48:00,Open,,45 mins
,L1 Service Desk,2026-06-11T07:09:00,In progress,Ethan Brooks,1 hr 30 mins
,L3 Team,2026-06-11T07:37:00,Open,,1 hr 15 mins
,L3 Team,2026-06-11T08:00:00,In progress,Carlos Mendes,17mins
,ABAP Team,2026-06-11T08:42:00,Open,,1 hr 0 mins
,ABAP Team,2026-06-11T09:10:00,In progress,Fatima Al-Sayed,15 mins
,ABAP Team,2026-06-11T09:38:00,Closed,Liam O'Connor,
INC0010324,L1 Team,2026-05-28T21:55:00,Open,,15 mins
,L1 Team,2026-05-28T22:18:00,In progress,Carlos Mendes,1 hr 0 mins
,Payments L2 Support,2026-05-28T23:08:00,Open,,1 hr 15 mins
,Payments L2 Support,2026-05-28T23:36:00,In progress,Noah Williams,35 mins
,MM Team,2026-05-29T00:15:00,Open,,1 hr 15 mins
,MM Team,2026-05-29T00:34:00,In progress,Sofia Rossi,1 hr 15 mins
INC0010325,L1 Team,2026-07-26T15:42:00,Open,,17 mins
,L1 Team,2026-07-26T16:01:00,In progress,Ethan Brooks,15mins
,ABAP Team,2026-07-26T16:58:00,Open,,1 hr 0 mins
,ABAP Team,2026-07-26T17:23:00,In progress,Aisha Khan,10 mins
,ABAP Team,2026-07-26T17:55:00,Closed,Maria Silva,
INC0010326,Payments L2 Support,2026-08-13T07:57:00,Open,,1hr 00 mins
,Payments L2 Support,2026-08-13T08:27:00,In progress,Emily Carter,45mins
,L1 Service Desk,2026-08-13T09:18:00,Open,,10 mins
,L1 Service Desk,2026-08-13T09:33:00,In progress,Noah Williams,45 mins
,Risk & Compliance Ops,2026-08-13T10:32:00,Open,,17 mins
,Risk & Compliance Ops,2026-08-13T10:50:00,In progress,Sofia Rossi,1 hr 0 mins
INC0010327,L3 Team,2026-08-15T06:55:00,Open,,1 hr 30 mins
,L3 Team,2026-08-15T07:07:00,In progress,Noah Williams,15mins
,SD Team,2026-08-15T07:32:00,Open,,45mins
,SD Team,2026-08-15T07:51:00,In progress,Liam O'Connor,2 hr 13 mins
,SD Team,2026-08-15T08:50:00,Hold,Sofia Rossi,15mins
INC0010328,Access Management Team,2026-08-26T10:48:00,Open,,17mins
,Access Management Team,2026-08-26T11:07:00,In progress,Hannah Lee,1hr 15 mins
,L2 Team,2026-08-26T11:43:00,Open,,17 mins
,L2 Team,2026-08-26T11:59:00,In progress,Noah Williams,1 hr 30 mins
,ABAP Team,2026-08-26T12:26:00,Open,,1 hr 30 mins
,ABAP Team,2026-08-26T12:52:00,In progress,Fatima Al-Sayed,15 mins
,ABAP Team,2026-08-26T13:36:00,Closed,James Cole,
INC0010329,L1 Service Desk,2026-07-27T01:20:00,Open,,45mins
,L1 Service Desk,2026-07-27T01:41:00,In progress,Nadia Rahman,1 hr 15 mins
,SD Team,2026-07-27T02:29:00,Open,,45 mins
,SD Team,2026-07-27T02:48:00,In progress,Priya Sharma,15 mins
,SD Team,2026-07-27T03:11:00,Closed,Wei Zhang,
INC0010330,L2 Team,2026-06-02T05:25:00,Open,,15 mins
,L2 Team,2026-06-02T05:38:00,In progress,Omar Siddiqui,1hr 15 mins
,Access Management Team,2026-06-02T05:55:00,Open,,35 mins
,Access Management Team,2026-06-02T06:06:00,In progress,Mei Tan,2 hr 5 mins
,FI Team,2026-06-02T06:51:00,Open,,45 mins
,FI Team,2026-06-02T07:03:00,In progress,Liam O'Connor,2 hr 13 mins
INC0010331,Payments L2 Support,2026-08-26T17:56:00,Open,,2 hr 5 mins
,Payments L2 Support,2026-08-26T18:11:00,In progress,Arjun Mehta,15 mins
,FI Team,2026-08-26T18:43:00,Open,,45 mins
,FI Team,2026-08-26T18:58:00,In progress,Daniel Cho,2 hr 5 mins
,FI Team,2026-08-26T19:45:00,Closed,Fatima Al-Sayed,
INC0010332,Access Management Team,2026-07-04T19:56:00,Open,,10mins
,Access Management Team,2026-07-04T20:12:00,In progress,Hannah Lee,17mins
,Risk & Compliance Ops,2026-07-04T20:27:00,Open,,15 mins
,Risk & Compliance Ops,2026-07-04T20:53:00,In progress,Maria Silva,45mins
,Risk & Compliance Ops,2026-07-04T21:45:00,Closed,Wei Zhang,
INC0010333,L2 Team,2026-07-11T16:03:00,Open,,1hr 00 mins
,L2 Team,2026-07-11T16:19:00,In progress,Chloe Martin,15 mins
,SD Team,2026-07-11T16:41:00,Open,,1 hr 30 mins
,SD Team,2026-07-11T17:06:00,In progress,Sofia Rossi,45mins
INC0010334,L3 Team,2026-07-28T10:38:00,Open,,15 mins
,L3 Team,2026-07-28T10:57:00,In progress,Carlos Mendes,2hr 13 mins
,MM Team,2026-07-28T11:26:00,Open,,45 mins
,MM Team,2026-07-28T11:42:00,In progress,James Cole,1 hr 15 mins
,MM Team,2026-07-28T12:20:00,Hold,Wei Zhang,10mins
INC0010335,L1 Service Desk,2026-08-23T04:44:00,Open,,1 hr 30 mins
,L1 Service Desk,2026-08-23T04:56:00,In progress,Emily Carter,1hr 00 mins
,MM Team,2026-08-23T05:55:00,Open,,15mins
,MM Team,2026-08-23T06:10:00,In progress,James Cole,45 mins
,MM Team,2026-08-23T06:46:00,Hold,Aisha Khan,2hr 05 mins
INC0010336,Access Management Team,2026-08-14T12:57:00,Open,,1hr 15 mins
,Access Management Team,2026-08-14T13:25:00,In progress,Omar Siddiqui,45 mins
,MM Team,2026-08-14T14:22:00,Open,,1hr 00 mins
,MM Team,2026-08-14T14:48:00,In progress,Liam O'Connor,17 mins
,MM Team,2026-08-14T15:09:00,Hold,James Cole,45 mins
INC0010337,Core Banking L3,2026-08-21T08:19:00,Open,,10 mins
,Core Banking L3,2026-08-21T08:30:00,In progress,Ethan Brooks,2 hr 13 mins
,FI Team,2026-08-21T08:56:00,Open,,2hr 13 mins
,FI Team,2026-08-21T09:10:00,In progress,Liam O'Connor,2 hr 5 mins
INC0010338,Core Banking L3,2026-08-25T12:32:00,Open,,1hr 15 mins
,Core Banking L3,2026-08-25T12:48:00,In progress,Ethan Brooks,1 hr 15 mins
,Risk & Compliance Ops,2026-08-25T13:19:00,Open,,1 hr 30 mins
,Risk & Compliance Ops,2026-08-25T13:29:00,In progress,Priya Sharma,1 hr 0 mins
,Risk & Compliance Ops,2026-08-25T14:08:00,Hold,Maria Silva,45 mins
INC0010339,L1 Team,2026-06-08T21:13:00,Open,,1 hr 30 mins
,L1 Team,2026-06-08T21:32:00,In progress,Noah Williams,1hr 15 mins
,Access Management Team,2026-06-08T21:55:00,Open,,45mins
,Access Management Team,2026-06-08T22:17:00,In progress,Chloe Martin,15mins
,FI Team,2026-06-08T23:15:00,Open,,1 hr 30 mins
,FI Team,2026-06-08T23:42:00,In progress,Liam O'Connor,1 hr 15 mins
INC0010340,L1 Service Desk,2026-08-27T01:50:00,Open,,1 hr 15 mins
,L1 Service Desk,2026-08-27T02:12:00,In progress,Omar Siddiqui,45 mins
,SD Team,2026-08-27T02:30:00,Open,,10 mins
,SD Team,2026-08-27T02:51:00,In progress,Sofia Rossi,2 hr 5 mins
INC0010341,L1 Service Desk,2026-07-06T02:09:00,Open,,45 mins
,L1 Service Desk,2026-07-06T02:32:00,In progress,Hannah Lee,10mins
,L1 Team,2026-07-06T03:02:00,Open,,35 mins
,L1 Team,2026-07-06T03:32:00,In progress,Carlos Mendes,2 hr 5 mins
,MM Team,2026-07-06T04:31:00,Open,,45 mins
,MM Team,2026-07-06T04:51:00,In progress,Wei Zhang,1hr 30 mins
INC0010342,Core Banking L3,2026-06-03T16:45:00,Open,,1hr 30 mins
,Core Banking L3,2026-06-03T17:03:00,In progress,Emily Carter,1 hr 15 mins
,L1 Service Desk,2026-06-03T17:19:00,Open,,45 mins
,L1 Service Desk,2026-06-03T17:47:00,In progress,Noah Williams,1 hr 15 mins
,Risk & Compliance Ops,2026-06-03T18:46:00,Open,,45 mins
,Risk & Compliance Ops,2026-06-03T19:12:00,In progress,Sofia Rossi,17mins
,Risk & Compliance Ops,2026-06-03T19:46:00,Hold,Sofia Rossi,1 hr 0 mins
INC0010343,Access Management Team,2026-07-11T13:12:00,Open,,35 mins
,Access Management Team,2026-07-11T13:30:00,In progress,Mei Tan,2hr 05 mins
,Risk & Compliance Ops,2026-07-11T13:59:00,Open,,15mins
,Risk & Compliance Ops,2026-07-11T14:27:00,In progress,James Cole,2hr 05 mins
,Risk & Compliance Ops,2026-07-11T14:59:00,Hold,James Cole,2 hr 5 mins
INC0010344,L2 Team,2026-08-12T03:56:00,Open,,2hr 13 mins
,L2 Team,2026-08-12T04:22:00,In progress,Carlos Mendes,1 hr 0 mins
,L3 Team,2026-08-12T05:11:00,Open,,45 mins
,L3 Team,2026-08-12T05:34:00,In progress,Omar Siddiqui,45mins
,ABAP Team,2026-08-12T06:21:00,Open,,1 hr 30 mins
,ABAP Team,2026-08-12T06:31:00,In progress,Maria Silva,1 hr 30 mins
INC0010345,L2 Team,2026-07-31T01:26:00,Open,,1hr 15 mins
,L2 Team,2026-07-31T01:56:00,In progress,Chloe Martin,2 hr 5 mins
,Core Banking L3,2026-07-31T02:51:00,Open,,10mins
,Core Banking L3,2026-07-31T03:07:00,In progress,Nadia Rahman,35 mins
,Trade Support L2,2026-07-31T04:05:00,Open,,1hr 00 mins
,Trade Support L2,2026-07-31T04:25:00,In progress,James Cole,2 hr 13 mins
,Trade Support L2,2026-07-31T05:06:00,Closed,Liam O'Connor,
INC0010346,L3 Team,2026-07-06T22:50:00,Open,,2 hr 5 mins
,L3 Team,2026-07-06T23:12:00,In progress,Carlos Mendes,17 mins
,Trade Support L2,2026-07-06T23:28:00,Open,,45 mins
,Trade Support L2,2026-07-06T23:53:00,In progress,Daniel Cho,1hr 00 mins
INC0010347,L2 Team,2026-05-28T20:06:00,Open,,45 mins
,L2 Team,2026-05-28T20:16:00,In progress,Carlos Mendes,45mins
,FI Team,2026-05-28T21:06:00,Open,,10mins
,FI Team,2026-05-28T21:31:00,In progress,Priya Sharma,15 mins
INC0010348,Access Management Team,2026-08-21T11:31:00,Open,,45mins
,Access Management Team,2026-08-21T11:43:00,In progress,Omar Siddiqui,17 mins
,L1 Team,2026-08-21T12:05:00,Open,,2 hr 5 mins
,L1 Team,2026-08-21T12:31:00,In progress,Emily Carter,1 hr 30 mins
,MM Team,2026-08-21T13:23:00,Open,,1hr 30 mins
,MM Team,2026-08-21T13:48:00,In progress,Liam O'Connor,2 hr 5 mins
,MM Team,2026-08-21T14:23:00,Closed,James Cole,
INC0010349,Access Management Team,2026-08-25T21:07:00,Open,,35 mins
,Access Management Team,2026-08-25T21:23:00,In progress,Noah Williams,17 mins
,Core Banking L3,2026-08-25T21:55:00,Open,,1hr 15 mins
,Core Banking L3,2026-08-25T22:13:00,In progress,Arjun Mehta,1 hr 15 mins
,Trade Support L2,2026-08-25T22:51:00,Open,,15 mins
,Trade Support L2,2026-08-25T23:18:00,In progress,Kenji Watanabe,1 hr 15 mins
,Trade Support L2,2026-08-25T23:48:00,Hold,Liam O'Connor,17 mins
INC0010350,Access Management Team,2026-07-28T17:11:00,Open,,2 hr 13 mins
,Access Management Team,2026-07-28T17:22:00,In progress,Emily Carter,2 hr 13 mins
,L3 Team,2026-07-28T17:53:00,Open,,1hr 30 mins
,L3 Team,2026-07-28T18:12:00,In progress,Omar Siddiqui,2 hr 13 mins
,ABAP Team,2026-07-28T19:01:00,Open,,1hr 15 mins
,ABAP Team,2026-07-28T19:11:00,In progress,Kenji Watanabe,45 mins
,ABAP Team,2026-07-28T19:31:00,Closed,Aisha Khan,
INC0010351,Access Management Team,2026-07-12T23:22:00,Open,,1 hr 15 mins
,Access Management Team,2026-07-12T23:42:00,In progress,Omar Siddiqui,10 mins
,FI Team,2026-07-13T00:02:00,Open,,1hr 15 mins
,FI Team,2026-07-13T00:25:00,In progress,Kenji Watanabe,1 hr 0 mins
,FI Team,2026-07-13T00:50:00,Closed,Aisha Khan,
INC0010352,L3 Team,2026-06-27T10:45:00,Open,,2 hr 5 mins
,L3 Team,2026-06-27T11:12:00,In progress,Chloe Martin,10 mins
,MM Team,2026-06-27T12:08:00,Open,,2hr 13 mins
,MM Team,2026-06-27T12:38:00,In progress,Wei Zhang,10 mins
,MM Team,2026-06-27T13:05:00,Hold,Liam O'Connor,45mins
INC0010353,L2 Team,2026-07-19T08:56:00,Open,,1 hr 30 mins
,L2 Team,2026-07-19T09:26:00,In progress,Chloe Martin,45 mins
,FI Team,2026-07-19T10:11:00,Open,,17 mins
,FI Team,2026-07-19T10:26:00,In progress,Fatima Al-Sayed,45 mins
,FI Team,2026-07-19T10:53:00,Closed,James Cole,
INC0010354,L2 Team,2026-08-15T08:01:00,Open,,2 hr 5 mins
,L2 Team,2026-08-15T08:11:00,In progress,Arjun Mehta,1 hr 30 mins
,L1 Service Desk,2026-08-15T09:05:00,Open,,2 hr 13 mins
,L1 Service Desk,2026-08-15T09:17:00,In progress,Chloe Martin,35 mins
,MM Team,2026-08-15T10:16:00,Open,,10 mins
,MM Team,2026-08-15T10:45:00,In progress,Aisha Khan,45 mins
,MM Team,2026-08-15T11:05:00,Closed,Wei Zhang,
INC0010355,L1 Team,2026-06-20T04:33:00,Open,,1hr 30 mins
,L1 Team,2026-06-20T04:57:00,In progress,Ethan Brooks,15 mins
,Trade Support L2,2026-06-20T05:57:00,Open,,45 mins
,Trade Support L2,2026-06-20T06:22:00,In progress,Kenji Watanabe,17 mins
INC0010356,Access Management Team,2026-07-29T18:17:00,Open,,2 hr 13 mins
,Access Management Team,2026-07-29T18:40:00,In progress,Arjun Mehta,17 mins
,SD Team,2026-07-29T19:13:00,Open,,35mins
,SD Team,2026-07-29T19:37:00,In progress,Aisha Khan,45mins
,SD Team,2026-07-29T20:35:00,Closed,Maria Silva,
INC0010357,L1 Service Desk,2026-08-26T01:40:00,Open,,45mins
,L1 Service Desk,2026-08-26T02:02:00,In progress,Omar Siddiqui,1 hr 0 mins
,FI Team,2026-08-26T02:55:00,Open,,15mins
,FI Team,2026-08-26T03:06:00,In progress,Priya Sharma,45 mins
INC0010358,Payments L2 Support,2026-08-13T20:24:00,Open,,10 mins
,Payments L2 Support,2026-08-13T20:42:00,In progress,Ethan Brooks,2hr 05 mins
,Core Banking L3,2026-08-13T21:16:00,Open,,1 hr 0 mins
,Core Banking L3,2026-08-13T21:37:00,In progress,Noah Williams,1 hr 30 mins
,Risk & Compliance Ops,2026-08-13T22:29:00,Open,,17mins
,Risk & Compliance Ops,2026-08-13T22:54:00,In progress,Maria Silva,17 mins
INC0010359,L2 Team,2026-06-05T21:16:00,Open,,45 mins
,L2 Team,2026-06-05T21:30:00,In progress,Carlos Mendes,45 mins
,L3 Team,2026-06-05T22:03:00,Open,,45mins
,L3 Team,2026-06-05T22:21:00,In progress,Omar Siddiqui,17 mins
,ABAP Team,2026-06-05T23:07:00,Open,,17mins
,ABAP Team,2026-06-05T23:37:00,In progress,Maria Silva,10 mins
,ABAP Team,2026-06-06T00:01:00,Closed,Priya Sharma,
INC0010360,L1 Team,2026-06-30T06:55:00,Open,,45 mins
,L1 Team,2026-06-30T07:19:00,In progress,Chloe Martin,10 mins
,MM Team,2026-06-30T07:56:00,Open,,1hr 30 mins
,MM Team,2026-06-30T08:20:00,In progress,Maria Silva,15mins
,MM Team,2026-06-30T08:44:00,Closed,James Cole,
INC0010361,L2 Team,2026-05-25T21:30:00,Open,,17 mins
,L2 Team,2026-05-25T21:56:00,In progress,Carlos Mendes,2 hr 5 mins
,SD Team,2026-05-25T22:48:00,Open,,10mins
,SD Team,2026-05-25T23:16:00,In progress,Liam O'Connor,15 mins
INC0010362,L3 Team,2026-08-09T12:00:00,Open,,45mins
,L3 Team,2026-08-09T12:13:00,In progress,Emily Carter,45 mins
,ABAP Team,2026-08-09T12:29:00,Open,,2hr 13 mins
,ABAP Team,2026-08-09T12:53:00,In progress,Liam O'Connor,2 hr 5 mins
INC0010363,L1 Team,2026-07-11T09:09:00,Open,,1hr 15 mins
,L1 Team,2026-07-11T09:37:00,In progress,Noah Williams,35 mins
,Core Banking L3,2026-07-11T10:33:00,Open,,45 mins
,Core Banking L3,2026-07-11T10:44:00,In progress,Emily Carter,1 hr 30 mins
,Risk & Compliance Ops,2026-07-11T11:23:00,Open,,45 mins
,Risk & Compliance Ops,2026-07-11T11:40:00,In progress,Maria Silva,15 mins
INC0010364,L1 Service Desk,2026-08-22T08:35:00,Open,,45mins
,L1 Service Desk,2026-08-22T09:05:00,In progress,Nadia Rahman,45 mins
,MM Team,2026-08-22T09:47:00,Open,,45mins
,MM Team,2026-08-22T10:16:00,In progress,Wei Zhang,45mins
,MM Team,2026-08-22T10:37:00,Closed,Sofia Rossi,
INC0010365,L1 Service Desk,2026-08-14T23:51:00,Open,,1hr 00 mins
,L1 Service Desk,2026-08-15T00:09:00,In progress,Chloe Martin,15 mins
,MM Team,2026-08-15T00:47:00,Open,,1 hr 0 mins
,MM Team,2026-08-15T01:10:00,In progress,James Cole,10mins
,MM Team,2026-08-15T01:46:00,Hold,Maria Silva,2 hr 13 mins
INC0010366,L1 Service Desk,2026-06-02T02:36:00,Open,,2 hr 13 mins
,L1 Service Desk,2026-06-02T03:02:00,In progress,Omar Siddiqui,1hr 15 mins
,Risk & Compliance Ops,2026-06-02T03:22:00,Open,,1hr 15 mins
,Risk & Compliance Ops,2026-06-02T03:36:00,In progress,Wei Zhang,2hr 13 mins
,Risk & Compliance Ops,2026-06-02T04:06:00,Closed,Daniel Cho,
INC0010367,Payments L2 Support,2026-08-03T19:05:00,Open,,15 mins
,Payments L2 Support,2026-08-03T19:31:00,In progress,Ethan Brooks,1hr 00 mins
,L1 Team,2026-08-03T19:52:00,Open,,1 hr 15 mins
,L1 Team,2026-08-03T20:20:00,In progress,Hannah Lee,45mins
,Risk & Compliance Ops,2026-08-03T20:40:00,Open,,10 mins
,Risk & Compliance Ops,2026-08-03T21:04:00,In progress,Wei Zhang,17 mins
,Risk & Compliance Ops,2026-08-03T21:21:00,Closed,James Cole,
INC0010368,L3 Team,2026-06-08T00:56:00,Open,,1 hr 15 mins
,L3 Team,2026-06-08T01:20:00,In progress,Carlos Mendes,45 mins
,Payments L2 Support,2026-06-08T01:48:00,Open,,17 mins
,Payments L2 Support,2026-06-08T02:17:00,In progress,Emily Carter,1 hr 0 mins
,Trade Support L2,2026-06-08T02:33:00,Open,,15 mins
,Trade Support L2,2026-06-08T02:48:00,In progress,Maria Silva,1 hr 15 mins
INC0010369,L3 Team,2026-08-20T05:37:00,Open,,45mins
,L3 Team,2026-08-20T05:59:00,In progress,Emily Carter,17 mins
,Payments L2 Support,2026-08-20T06:14:00,Open,,35 mins
,Payments L2 Support,2026-08-20T06:24:00,In progress,Nadia Rahman,10 mins
,Risk & Compliance Ops,2026-08-20T07:09:00,Open,,2 hr 13 mins
,Risk & Compliance Ops,2026-08-20T07:32:00,In progress,Daniel Cho,35 mins
,Risk & Compliance Ops,2026-08-20T08:06:00,Hold,Maria Silva,17 mins
INC0010370,L1 Team,2026-07-06T20:47:00,Open,,17mins
,L1 Team,2026-07-06T21:11:00,In progress,Ethan Brooks,10 mins
,FI Team,2026-07-06T22:03:00,Open,,45mins
,FI Team,2026-07-06T22:25:00,In progress,Priya Sharma,45 mins
INC0010371,L1 Service Desk,2026-07-08T16:35:00,Open,,2 hr 5 mins
,L1 Service Desk,2026-07-08T17:02:00,In progress,Arjun Mehta,1hr 15 mins
,Access Management Team,2026-07-08T17:48:00,Open,,1 hr 30 mins
,Access Management Team,2026-07-08T18:17:00,In progress,Ethan Brooks,35mins
,Trade Support L2,2026-07-08T18:35:00,Open,,1 hr 0 mins
,Trade Support L2,2026-07-08T18:55:00,In progress,Daniel Cho,15 mins
,Trade Support L2,2026-07-08T19:51:00,Hold,Kenji Watanabe,1 hr 15 mins
INC0010372,L1 Service Desk,2026-06-29T05:47:00,Open,,10 mins
,L1 Service Desk,2026-06-29T06:06:00,In progress,Ethan Brooks,45 mins
,Core Banking L3,2026-06-29T06:35:00,Open,,1 hr 30 mins
,Core Banking L3,2026-06-29T07:03:00,In progress,Omar Siddiqui,2 hr 5 mins
,MM Team,2026-06-29T08:00:00,Open,,45mins
,MM Team,2026-06-29T08:22:00,In progress,Kenji Watanabe,2 hr 13 mins
INC0010373,Access Management Team,2026-06-07T00:28:00,Open,,35 mins
,Access Management Team,2026-06-07T00:40:00,In progress,Chloe Martin,17 mins
,L2 Team,2026-06-07T01:07:00,Open,,17mins
,L2 Team,2026-06-07T01:32:00,In progress,Emily Carter,1hr 00 mins
,Risk & Compliance Ops,2026-06-07T02:06:00,Open,,1 hr 30 mins
,Risk & Compliance Ops,2026-06-07T02:16:00,In progress,Priya Sharma,45 mins
INC0010374,Access Management Team,2026-08-27T14:42:00,Open,,10 mins
,Access Management Team,2026-08-27T15:02:00,In progress,Carlos Mendes,15mins
,Risk & Compliance Ops,2026-08-27T15:31:00,Open,,45 mins
,Risk & Compliance Ops,2026-08-27T15:42:00,In progress,Daniel Cho,45 mins
INC0010375,Core Banking L3,2026-08-12T08:17:00,Open,,1hr 15 mins
,Core Banking L3,2026-08-12T08:30:00,In progress,Emily Carter,2 hr 5 mins
,ABAP Team,2026-08-12T08:51:00,Open,,10mins
,ABAP Team,2026-08-12T09:04:00,In progress,James Cole,15 mins
,ABAP Team,2026-08-12T09:42:00,Closed,James Cole,
INC0010376,Access Management Team,2026-06-05T10:02:00,Open,,15 mins
,Access Management Team,2026-06-05T10:32:00,In progress,Hannah Lee,45 mins
,Payments L2 Support,2026-06-05T10:54:00,Open,,35 mins
,Payments L2 Support,2026-06-05T11:17:00,In progress,Arjun Mehta,35 mins
,MM Team,2026-06-05T11:53:00,Open,,17 mins
,MM Team,2026-06-05T12:11:00,In progress,Liam O'Connor,1hr 00 mins
INC0010377,L2 Team,2026-08-24T03:03:00,Open,,1 hr 0 mins
,L2 Team,2026-08-24T03:17:00,In progress,Omar Siddiqui,1hr 00 mins
,Risk & Compliance Ops,2026-08-24T04:01:00,Open,,1 hr 30 mins
,Risk & Compliance Ops,2026-08-24T04:22:00,In progress,Daniel Cho,17 mins
,Risk & Compliance Ops,2026-08-24T05:22:00,Closed,James Cole,
INC0010378,L3 Team,2026-08-27T19:19:00,Open,,1 hr 0 mins
,L3 Team,2026-08-27T19:41:00,In progress,Nadia Rahman,2 hr 5 mins
,L1 Service Desk,2026-08-27T20:36:00,Open,,2 hr 13 mins
,L1 Service Desk,2026-08-27T20:55:00,In progress,Mei Tan,45mins
,FI Team,2026-08-27T21:30:00,Open,,10 mins
,FI Team,2026-08-27T21:56:00,In progress,Fatima Al-Sayed,17mins
,FI Team,2026-08-27T22:36:00,Closed,Maria Silva,
INC0010379,Payments L2 Support,2026-08-21T06:16:00,Open,,2 hr 5 mins
,Payments L2 Support,2026-08-21T06:40:00,In progress,Chloe Martin,35 mins
,Risk & Compliance Ops,2026-08-21T07:00:00,Open,,45 mins
,Risk & Compliance Ops,2026-08-21T07:14:00,In progress,Daniel Cho,1hr 30 mins
INC0010380,Payments L2 Support,2026-06-02T08:50:00,Open,,45mins
,Payments L2 Support,2026-06-02T09:10:00,In progress,Noah Williams,10 mins
,Risk & Compliance Ops,2026-06-02T09:59:00,Open,,35 mins
,Risk & Compliance Ops,2026-06-02T10:22:00,In progress,Daniel Cho,15mins
,Risk & Compliance Ops,2026-06-02T10:40:00,Hold,Sofia Rossi,45mins
INC0010381,L1 Team,2026-08-11T08:27:00,Open,,15 mins
,L1 Team,2026-08-11T08:46:00,In progress,Arjun Mehta,1hr 15 mins
,Access Management Team,2026-08-11T09:16:00,Open,,2 hr 5 mins
,Access Management Team,2026-08-11T09:46:00,In progress,Carlos Mendes,45 mins
,Trade Support L2,2026-08-11T10:19:00,Open,,2 hr 5 mins
,Trade Support L2,2026-08-11T10:33:00,In progress,Kenji Watanabe,1 hr 30 mins
,Trade Support L2,2026-08-11T11:03:00,Hold,James Cole,45mins
INC0010382,Access Management Team,2026-08-11T07:55:00,Open,,1 hr 15 mins
,Access Management Team,2026-08-11T08:09:00,In progress,Chloe Martin,15 mins
,SD Team,2026-08-11T08:27:00,Open,,17 mins
,SD Team,2026-08-11T08:43:00,In progress,Maria Silva,15 mins
INC0010383,Payments L2 Support,2026-06-01T11:46:00,Open,,1hr 00 mins
,Payments L2 Support,2026-06-01T12:14:00,In progress,Chloe Martin,2hr 13 mins
,Access Management Team,2026-06-01T12:57:00,Open,,1 hr 15 mins
,Access Management Team,2026-06-01T13:20:00,In progress,Noah Williams,17mins
,Risk & Compliance Ops,2026-06-01T13:43:00,Open,,1 hr 15 mins
,Risk & Compliance Ops,2026-06-01T14:09:00,In progress,James Cole,35 mins
INC0010384,Core Banking L3,2026-08-11T14:06:00,Open,,1hr 30 mins
,Core Banking L3,2026-08-11T14:19:00,In progress,Chloe Martin,15 mins
,FI Team,2026-08-11T14:57:00,Open,,10mins
,FI Team,2026-08-11T15:11:00,In progress,James Cole,45 mins
,FI Team,2026-08-11T15:49:00,Hold,Liam O'Connor,45 mins
INC0010385,L2 Team,2026-08-04T06:02:00,Open,,1 hr 0 mins
,L2 Team,2026-08-04T06:21:00,In progress,Carlos Mendes,17mins
,Risk & Compliance Ops,2026-08-04T07:07:00,Open,,1hr 30 mins
,Risk & Compliance Ops,2026-08-04T07:19:00,In progress,Priya Sharma,1hr 00 mins
INC0010386,Payments L2 Support,2026-05-11T15:35:00,Open,,1hr 00 mins
,Payments L2 Support,2026-05-11T16:04:00,In progress,Omar Siddiqui,17mins
,L1 Service Desk,2026-05-11T16:59:00,Open,,1hr 15 mins
,L1 Service Desk,2026-05-11T17:23:00,In progress,Omar Siddiqui,45 mins
,SD Team,2026-05-11T18:17:00,Open,,1hr 00 mins
,SD Team,2026-05-11T18:34:00,In progress,Kenji Watanabe,45mins
,SD Team,2026-05-11T18:51:00,Hold,Maria Silva,45mins
INC0010387,Core Banking L3,2026-08-27T09:07:00,Open,,2 hr 5 mins
,Core Banking L3,2026-08-27T09:26:00,In progress,Ethan Brooks,2 hr 13 mins
,ABAP Team,2026-08-27T10:22:00,Open,,35mins
,ABAP Team,2026-08-27T10:49:00,In progress,Daniel Cho,10mins
,ABAP Team,2026-08-27T11:37:00,Hold,Daniel Cho,1 hr 15 mins
INC0010388,Core Banking L3,2026-05-30T08:08:00,Open,,17 mins
,Core Banking L3,2026-05-30T08:26:00,In progress,Nadia Rahman,35mins
,Risk & Compliance Ops,2026-05-30T09:18:00,Open,,1 hr 30 mins
,Risk & Compliance Ops,2026-05-30T09:38:00,In progress,Maria Silva,10 mins
INC0010389,L1 Service Desk,2026-08-25T07:37:00,Open,,10mins
,L1 Service Desk,2026-08-25T07:57:00,In progress,Emily Carter,15 mins
,L2 Team,2026-08-25T08:46:00,Open,,17 mins
,L2 Team,2026-08-25T09:00:00,In progress,Carlos Mendes,15 mins
,MM Team,2026-08-25T09:34:00,Open,,2 hr 13 mins
,MM Team,2026-08-25T09:45:00,In progress,Fatima Al-Sayed,45 mins
,MM Team,2026-08-25T10:01:00,Closed,Priya Sharma,
INC0010390,L1 Team,2026-08-08T18:28:00,Open,,1hr 00 mins
,L1 Team,2026-08-08T18:46:00,In progress,Emily Carter,10 mins
,L3 Team,2026-08-08T19:16:00,Open,,2 hr 5 mins
,L3 Team,2026-08-08T19:33:00,In progress,Mei Tan,1 hr 0 mins
,FI Team,2026-08-08T20:05:00,Open,,1 hr 15 mins
,FI Team,2026-08-08T20:28:00,In progress,James Cole,1 hr 15 mins
INC0010391,L1 Team,2026-08-05T23:22:00,Open,,1 hr 30 mins
,L1 Team,2026-08-05T23:35:00,In progress,Arjun Mehta,1 hr 30 mins
,SD Team,2026-08-05T23:58:00,Open,,1hr 00 mins
,SD Team,2026-08-06T00:10:00,In progress,Daniel Cho,35 mins
INC0010392,Access Management Team,2026-06-26T11:03:00,Open,,1hr 30 mins
,Access Management Team,2026-06-26T11:30:00,In progress,Chloe Martin,10 mins
,FI Team,2026-06-26T12:14:00,Open,,2hr 05 mins
,FI Team,2026-06-26T12:44:00,In progress,James Cole,10 mins
,FI Team,2026-06-26T13:16:00,Closed,Priya Sharma,
INC0010393,Access Management Team,2026-05-10T08:45:00,Open,,2 hr 5 mins
,Access Management Team,2026-05-10T09:04:00,In progress,Arjun Mehta,17mins
,Core Banking L3,2026-05-10T09:53:00,Open,,2 hr 5 mins
,Core Banking L3,2026-05-10T10:12:00,In progress,Emily Carter,1 hr 0 mins
,FI Team,2026-05-10T10:34:00,Open,,1hr 30 mins
,FI Team,2026-05-10T10:57:00,In progress,Kenji Watanabe,1hr 30 mins
,FI Team,2026-05-10T11:55:00,Closed,Liam O'Connor,
INC0010394,L2 Team,2026-07-07T03:32:00,Open,,45 mins
,L2 Team,2026-07-07T03:56:00,In progress,Mei Tan,45 mins
,Core Banking L3,2026-07-07T04:55:00,Open,,17mins
,Core Banking L3,2026-07-07T05:05:00,In progress,Mei Tan,1 hr 15 mins
,SD Team,2026-07-07T05:20:00,Open,,1 hr 0 mins
,SD Team,2026-07-07T05:45:00,In progress,Daniel Cho,15mins
,SD Team,2026-07-07T06:41:00,Hold,Fatima Al-Sayed,10mins
INC0010395,L3 Team,2026-08-09T10:13:00,Open,,2hr 05 mins
,L3 Team,2026-08-09T10:35:00,In progress,Mei Tan,10 mins
,MM Team,2026-08-09T11:19:00,Open,,35 mins
,MM Team,2026-08-09T11:29:00,In progress,Aisha Khan,10 mins
INC0010396,L1 Team,2026-08-09T04:40:00,Open,,2hr 13 mins
,L1 Team,2026-08-09T04:57:00,In progress,Carlos Mendes,1hr 15 mins
,Risk & Compliance Ops,2026-08-09T05:14:00,Open,,2 hr 5 mins
,Risk & Compliance Ops,2026-08-09T05:24:00,In progress,Aisha Khan,2hr 13 mins
INC0010397,Payments L2 Support,2026-07-30T00:10:00,Open,,17mins
,Payments L2 Support,2026-07-30T00:26:00,In progress,Noah Williams,15mins
,Access Management Team,2026-07-30T00:49:00,Open,,15 mins
,Access Management Team,2026-07-30T01:07:00,In progress,Nadia Rahman,1 hr 30 mins
,MM Team,2026-07-30T01:39:00,Open,,2 hr 13 mins
,MM Team,2026-07-30T02:06:00,In progress,Fatima Al-Sayed,45mins
INC0010398,L1 Team,2026-07-22T13:51:00,Open,,2 hr 13 mins
,L1 Team,2026-07-22T14:02:00,In progress,Hannah Lee,1hr 00 mins
,L1 Service Desk,2026-07-22T14:34:00,Open,,15mins
,L1 Service Desk,2026-07-22T15:00:00,In progress,Chloe Martin,1hr 15 mins
,Trade Support L2,2026-07-22T15:48:00,Open,,35 mins
,Trade Support L2,2026-07-22T16:06:00,In progress,Fatima Al-Sayed,1hr 15 mins
,Trade Support L2,2026-07-22T16:21:00,Closed,Priya Sharma,
INC0010399,Payments L2 Support,2026-06-19T02:21:00,Open,,35mins
,Payments L2 Support,2026-06-19T02:44:00,In progress,Emily Carter,35 mins
,ABAP Team,2026-06-19T03:09:00,Open,,15mins
,ABAP Team,2026-06-19T03:39:00,In progress,Wei Zhang,1hr 15 mins
INC0010400,Access Management Team,2026-05-13T12:51:00,Open,,15 mins
,Access Management Team,2026-05-13T13:08:00,In progress,Arjun Mehta,45mins
,L3 Team,2026-05-13T13:38:00,Open,,15mins
,L3 Team,2026-05-13T14:07:00,In progress,Emily Carter,2hr 13 mins
,FI Team,2026-05-13T14:59:00,Open,,10 mins
,FI Team,2026-05-13T15:21:00,In progress,Sofia Rossi,15 mins
INC0010401,L1 Team,2026-06-02T20:36:00,Open,,2hr 13 mins
,L1 Team,2026-06-02T20:48:00,In progress,Emily Carter,10mins
,L3 Team,2026-06-02T21:06:00,Open,,45 mins
,L3 Team,2026-06-02T21:28:00,In progress,Emily Carter,1 hr 0 mins
,Risk & Compliance Ops,2026-06-02T22:21:00,Open,,2 hr 5 mins
,Risk & Compliance Ops,2026-06-02T22:45:00,In progress,Kenji Watanabe,1hr 15 mins
,Risk & Compliance Ops,2026-06-02T23:39:00,Closed,Fatima Al-Sayed,
INC0010402,Core Banking L3,2026-08-25T23:48:00,Open,,1 hr 15 mins
,Core Banking L3,2026-08-26T00:08:00,In progress,Emily Carter,15 mins
,Access Management Team,2026-08-26T01:01:00,Open,,15mins
,Access Management Team,2026-08-26T01:17:00,In progress,Nadia Rahman,2 hr 13 mins
,ABAP Team,2026-08-26T01:48:00,Open,,1 hr 15 mins
,ABAP Team,2026-08-26T02:17:00,In progress,Maria Silva,17 mins
INC0010403,L1 Team,2026-07-03T01:36:00,Open,,45mins
,L1 Team,2026-07-03T01:59:00,In progress,Hannah Lee,45mins
,FI Team,2026-07-03T02:48:00,Open,,17 mins
,FI Team,2026-07-03T03:07:00,In progress,Fatima Al-Sayed,45 mins
,FI Team,2026-07-03T03:45:00,Closed,Priya Sharma,
INC0010404,L1 Team,2026-06-07T09:28:00,Open,,1 hr 30 mins
,L1 Team,2026-06-07T09:39:00,In progress,Nadia Rahman,35mins
,FI Team,2026-06-07T10:06:00,Open,,45 mins
,FI Team,2026-06-07T10:31:00,In progress,Maria Silva,2 hr 5 mins
,FI Team,2026-06-07T11:07:00,Closed,Fatima Al-Sayed,
INC0010405,Payments L2 Support,2026-08-07T08:26:00,Open,,45 mins
,Payments L2 Support,2026-08-07T08:39:00,In progress,Chloe Martin,10 mins
,L3 Team,2026-08-07T09:08:00,Open,,10mins
,L3 Team,2026-08-07T09:25:00,In progress,Nadia Rahman,1 hr 15 mins
,MM Team,2026-08-07T09:53:00,Open,,45mins
,MM Team,2026-08-07T10:15:00,In progress,Sofia Rossi,17 mins
INC0010406,L1 Team,2026-08-17T09:34:00,Open,,10mins
,L1 Team,2026-08-17T09:47:00,In progress,Mei Tan,1 hr 15 mins
,SD Team,2026-08-17T10:42:00,Open,,45 mins
,SD Team,2026-08-17T10:52:00,In progress,Aisha Khan,35 mins
,SD Team,2026-08-17T11:18:00,Hold,Aisha Khan,45mins
INC0010407,Access Management Team,2026-07-11T17:36:00,Open,,17 mins
,Access Management Team,2026-07-11T17:46:00,In progress,Nadia Rahman,45 mins
,Payments L2 Support,2026-07-11T18:02:00,Open,,2 hr 13 mins
,Payments L2 Support,2026-07-11T18:24:00,In progress,Emily Carter,45 mins
,FI Team,2026-07-11T18:58:00,Open,,45 mins
,FI Team,2026-07-11T19:13:00,In progress,Daniel Cho,2hr 05 mins
INC0010408,L2 Team,2026-06-30T03:22:00,Open,,35 mins
,L2 Team,2026-06-30T03:49:00,In progress,Omar Siddiqui,45mins
,FI Team,2026-06-30T04:31:00,Open,,35 mins
,FI Team,2026-06-30T05:00:00,In progress,Fatima Al-Sayed,35mins
,FI Team,2026-06-30T05:33:00,Closed,Wei Zhang,
INC0010409,L1 Team,2026-06-19T11:01:00,Open,,45 mins
,L1 Team,2026-06-19T11:27:00,In progress,Ethan Brooks,35mins
,Trade Support L2,2026-06-19T11:47:00,Open,,2 hr 13 mins
,Trade Support L2,2026-06-19T11:59:00,In progress,Wei Zhang,1hr 30 mins
,Trade Support L2,2026-06-19T12:55:00,Closed,Daniel Cho,
INC0010410,Payments L2 Support,2026-07-28T08:39:00,Open,,45mins
,Payments L2 Support,2026-07-28T09:00:00,In progress,Ethan Brooks,1 hr 15 mins
,L1 Service Desk,2026-07-28T09:46:00,Open,,1hr 15 mins
,L1 Service Desk,2026-07-28T10:14:00,In progress,Omar Siddiqui,2 hr 13 mins
,FI Team,2026-07-28T11:10:00,Open,,35 mins
,FI Team,2026-07-28T11:34:00,In progress,Kenji Watanabe,35 mins
INC0010411,Payments L2 Support,2026-08-17T04:08:00,Open,,45mins
,Payments L2 Support,2026-08-17T04:20:00,In progress,Arjun Mehta,15 mins
,L2 Team,2026-08-17T05:03:00,Open,,1hr 30 mins
,L2 Team,2026-08-17T05:20:00,In progress,Ethan Brooks,1 hr 30 mins
,SD Team,2026-08-17T05:56:00,Open,,1hr 15 mins
,SD Team,2026-08-17T06:19:00,In progress,Sofia Rossi,1hr 15 mins
INC0010412,L1 Team,2026-08-13T01:18:00,Open,,35 mins
,L1 Team,2026-08-13T01:48:00,In progress,Mei Tan,15 mins
,L2 Team,2026-08-13T02:35:00,Open,,1 hr 30 mins
,L2 Team,2026-08-13T03:05:00,In progress,Mei Tan,45 mins
,MM Team,2026-08-13T03:26:00,Open,,45 mins
,MM Team,2026-08-13T03:53:00,In progress,Aisha Khan,45 mins
INC0010413,L3 Team,2026-06-17T13:59:00,Open,,45 mins
,L3 Team,2026-06-17T14:28:00,In progress,Mei Tan,45 mins
,Core Banking L3,2026-06-17T15:02:00,Open,,45 mins
,Core Banking L3,2026-06-17T15:24:00,In progress,Emily Carter,1 hr 15 mins
,Trade Support L2,2026-06-17T16:11:00,Open,,17 mins
,Trade Support L2,2026-06-17T16:28:00,In progress,Aisha Khan,35 mins
,Trade Support L2,2026-06-17T16:57:00,Closed,Daniel Cho,
INC0010414,Core Banking L3,2026-05-27T04:34:00,Open,,15 mins
,Core Banking L3,2026-05-27T04:50:00,In progress,Omar Siddiqui,1 hr 0 mins
,L1 Service Desk,2026-05-27T05:33:00,Open,,1 hr 15 mins
,L1 Service Desk,2026-05-27T05:43:00,In progress,Hannah Lee,17mins
,SD Team,2026-05-27T06:06:00,Open,,10 mins
,SD Team,2026-05-27T06:27:00,In progress,Sofia Rossi,1hr 00 mins
INC0010415,L3 Team,2026-06-18T04:44:00,Open,,2 hr 5 mins
,L3 Team,2026-06-18T04:58:00,In progress,Noah Williams,45mins
,Payments L2 Support,2026-06-18T05:53:00,Open,,2 hr 5 mins
,Payments L2 Support,2026-06-18T06:21:00,In progress,Omar Siddiqui,1 hr 0 mins
,ABAP Team,2026-06-18T07:01:00,Open,,1 hr 0 mins
,ABAP Team,2026-06-18T07:26:00,In progress,Aisha Khan,2hr 05 mins
INC0010416,L1 Team,2026-08-04T01:04:00,Open,,2 hr 13 mins
,L1 Team,2026-08-04T01:19:00,In progress,Arjun Mehta,2hr 05 mins
,L2 Team,2026-08-04T01:35:00,Open,,17 mins
,L2 Team,2026-08-04T01:47:00,In progress,Omar Siddiqui,45 mins
,ABAP Team,2026-08-04T02:16:00,Open,,1 hr 30 mins
,ABAP Team,2026-08-04T02:40:00,In progress,Sofia Rossi,1 hr 30 mins
INC0010417,Access Management Team,2026-08-15T14:46:00,Open,,17 mins
,Access Management Team,2026-08-15T15:00:00,In progress,Ethan Brooks,1hr 00 mins
,L1 Service Desk,2026-08-15T15:19:00,Open,,1 hr 0 mins
,L1 Service Desk,2026-08-15T15:33:00,In progress,Nadia Rahman,45 mins
,MM Team,2026-08-15T16:33:00,Open,,17mins
,MM Team,2026-08-15T17:01:00,In progress,Aisha Khan,1 hr 30 mins
,MM Team,2026-08-15T17:59:00,Hold,Liam O'Connor,35 mins
INC0010418,L1 Team,2026-07-25T13:58:00,Open,,35mins
,L1 Team,2026-07-25T14:18:00,In progress,Ethan Brooks,1hr 15 mins
,L1 Service Desk,2026-07-25T15:09:00,Open,,10mins
,L1 Service Desk,2026-07-25T15:21:00,In progress,Ethan Brooks,45mins
,Risk & Compliance Ops,2026-07-25T16:21:00,Open,,1 hr 0 mins
,Risk & Compliance Ops,2026-07-25T16:36:00,In progress,Kenji Watanabe,35 mins
,Risk & Compliance Ops,2026-07-25T17:30:00,Closed,Kenji Watanabe,
INC0010419,Core Banking L3,2026-07-19T13:06:00,Open,,2 hr 5 mins
,Core Banking L3,2026-07-19T13:28:00,In progress,Emily Carter,35 mins
,L2 Team,2026-07-19T14:00:00,Open,,2 hr 13 mins
,L2 Team,2026-07-19T14:19:00,In progress,Noah Williams,35 mins
,Trade Support L2,2026-07-19T15:00:00,Open,,1 hr 30 mins
,Trade Support L2,2026-07-19T15:21:00,In progress,James Cole,15mins
,Trade Support L2,2026-07-19T15:56:00,Closed,Kenji Watanabe,
INC0010420,L3 Team,2026-08-24T16:39:00,Open,,1 hr 30 mins
,L3 Team,2026-08-24T17:03:00,In progress,Arjun Mehta,2 hr 13 mins
,FI Team,2026-08-24T18:01:00,Open,,1hr 00 mins
,FI Team,2026-08-24T18:23:00,In progress,Aisha Khan,1 hr 0 mins
,FI Team,2026-08-24T18:38:00,Closed,Liam O'Connor,
INC0010421,L3 Team,2026-07-04T07:25:00,Open,,1hr 15 mins
,L3 Team,2026-07-04T07:49:00,In progress,Emily Carter,1 hr 30 mins
,Trade Support L2,2026-07-04T08:19:00,Open,,1 hr 15 mins
,Trade Support L2,2026-07-04T08:44:00,In progress,Liam O'Connor,17 mins
,Trade Support L2,2026-07-04T09:00:00,Closed,Fatima Al-Sayed,
INC0010422,L3 Team,2026-08-21T05:05:00,Open,,1 hr 30 mins
,L3 Team,2026-08-21T05:27:00,In progress,Noah Williams,15mins
,ABAP Team,2026-08-21T05:42:00,Open,,17 mins
,ABAP Team,2026-08-21T06:03:00,In progress,James Cole,10mins
,ABAP Team,2026-08-21T06:52:00,Hold,James Cole,10mins
INC0010423,L1 Service Desk,2026-05-31T09:58:00,Open,,45 mins
,L1 Service Desk,2026-05-31T10:09:00,In progress,Arjun Mehta,1 hr 0 mins
,Trade Support L2,2026-05-31T10:39:00,Open,,35 mins
,Trade Support L2,2026-05-31T10:51:00,In progress,Priya Sharma,1 hr 0 mins
INC0010424,Access Management Team,2026-07-20T03:18:00,Open,,2 hr 13 mins
,Access Management Team,2026-07-20T03:35:00,In progress,Emily Carter,2 hr 13 mins
,L2 Team,2026-07-20T04:00:00,Open,,10 mins
,L2 Team,2026-07-20T04:26:00,In progress,Carlos Mendes,45 mins
,Trade Support L2,2026-07-20T05:16:00,Open,,2 hr 5 mins
,Trade Support L2,2026-07-20T05:43:00,In progress,Kenji Watanabe,1 hr 0 mins
,Trade Support L2,2026-07-20T06:12:00,Hold,Aisha Khan,15 mins
INC0010425,L1 Team,2026-08-19T03:17:00,Open,,2hr 13 mins
,L1 Team,2026-08-19T03:27:00,In progress,Chloe Martin,35 mins
,MM Team,2026-08-19T04:24:00,Open,,2 hr 13 mins
,MM Team,2026-08-19T04:45:00,In progress,Priya Sharma,15 mins
,MM Team,2026-08-19T05:26:00,Closed,Liam O'Connor,
INC0010426,L1 Team,2026-08-26T10:44:00,Open,,2 hr 5 mins
,L1 Team,2026-08-26T11:02:00,In progress,Omar Siddiqui,2 hr 13 mins
,Core Banking L3,2026-08-26T11:41:00,Open,,2 hr 13 mins
,Core Banking L3,2026-08-26T11:55:00,In progress,Omar Siddiqui,2hr 13 mins
,Risk & Compliance Ops,2026-08-26T12:14:00,Open,,2 hr 5 mins
,Risk & Compliance Ops,2026-08-26T12:38:00,In progress,Kenji Watanabe,1 hr 30 mins
INC0010427,L2 Team,2026-08-14T08:33:00,Open,,2 hr 5 mins
,L2 Team,2026-08-14T08:52:00,In progress,Chloe Martin,1 hr 0 mins
,ABAP Team,2026-08-14T09:46:00,Open,,17 mins
,ABAP Team,2026-08-14T10:11:00,In progress,Liam O'Connor,35 mins
INC0010428,Core Banking L3,2026-06-06T12:53:00,Open,,35mins
,Core Banking L3,2026-06-06T13:22:00,In progress,Chloe Martin,45 mins
,ABAP Team,2026-06-06T13:54:00,Open,,10mins
,ABAP Team,2026-06-06T14:17:00,In progress,Daniel Cho,45 mins
INC0010429,L3 Team,2026-08-23T21:12:00,Open,,1 hr 30 mins
,L3 Team,2026-08-23T21:29:00,In progress,Carlos Mendes,2hr 05 mins
,L2 Team,2026-08-23T22:17:00,Open,,45 mins
,L2 Team,2026-08-23T22:41:00,In progress,Emily Carter,1 hr 15 mins
,FI Team,2026-08-23T23:08:00,Open,,17 mins
,FI Team,2026-08-23T23:22:00,In progress,James Cole,17mins
INC0010430,L2 Team,2026-08-17T21:05:00,Open,,15 mins
,L2 Team,2026-08-17T21:29:00,In progress,Carlos Mendes,17mins
,Risk & Compliance Ops,2026-08-17T21:56:00,Open,,17mins
,Risk & Compliance Ops,2026-08-17T22:13:00,In progress,James Cole,2hr 05 mins
INC0010431,L3 Team,2026-07-05T06:59:00,Open,,15 mins
,L3 Team,2026-07-05T07:21:00,In progress,Omar Siddiqui,17 mins
,MM Team,2026-07-05T08:04:00,Open,,2 hr 5 mins
,MM Team,2026-07-05T08:27:00,In progress,Daniel Cho,10 mins
INC0010432,Access Management Team,2026-07-03T00:15:00,Open,,2 hr 5 mins
,Access Management Team,2026-07-03T00:29:00,In progress,Noah Williams,45 mins
,SD Team,2026-07-03T01:13:00,Open,,45 mins
,SD Team,2026-07-03T01:40:00,In progress,Fatima Al-Sayed,1 hr 15 mins
INC0010433,Core Banking L3,2026-07-28T03:08:00,Open,,35 mins
,Core Banking L3,2026-07-28T03:24:00,In progress,Arjun Mehta,10mins
,MM Team,2026-07-28T04:02:00,Open,,1hr 00 mins
,MM Team,2026-07-28T04:23:00,In progress,Maria Silva,45mins
INC0010434,L1 Service Desk,2026-08-24T03:19:00,Open,,15 mins
,L1 Service Desk,2026-08-24T03:47:00,In progress,Noah Williams,35 mins
,ABAP Team,2026-08-24T04:18:00,Open,,45mins
,ABAP Team,2026-08-24T04:43:00,In progress,Wei Zhang,45mins
,ABAP Team,2026-08-24T05:01:00,Closed,Wei Zhang,
INC0010435,L2 Team,2026-07-17T22:07:00,Open,,10 mins
,L2 Team,2026-07-17T22:37:00,In progress,Arjun Mehta,2 hr 13 mins
,MM Team,2026-07-17T23:01:00,Open,,1 hr 15 mins
,MM Team,2026-07-17T23:15:00,In progress,Liam O'Connor,35mins
INC0010436,L1 Team,2026-08-23T10:48:00,Open,,15mins
,L1 Team,2026-08-23T11:10:00,In progress,Emily Carter,1 hr 30 mins
,ABAP Team,2026-08-23T11:52:00,Open,,1hr 00 mins
,ABAP Team,2026-08-23T12:11:00,In progress,Daniel Cho,1 hr 30 mins
INC0010437,Core Banking L3,2026-06-11T18:52:00,Open,,15 mins
,Core Banking L3,2026-06-11T19:22:00,In progress,Omar Siddiqui,17 mins
,L1 Service Desk,2026-06-11T19:50:00,Open,,1 hr 0 mins
,L1 Service Desk,2026-06-11T20:09:00,In progress,Hannah Lee,17 mins
,Trade Support L2,2026-06-11T20:24:00,Open,,1 hr 0 mins
,Trade Support L2,2026-06-11T20:47:00,In progress,Liam O'Connor,1 hr 0 mins
INC0010438,L2 Team,2026-07-16T02:50:00,Open,,35 mins
,L2 Team,2026-07-16T03:05:00,In progress,Emily Carter,1 hr 15 mins
,Core Banking L3,2026-07-16T03:33:00,Open,,17 mins
,Core Banking L3,2026-07-16T03:44:00,In progress,Nadia Rahman,45 mins
,FI Team,2026-07-16T04:27:00,Open,,2 hr 5 mins
,FI Team,2026-07-16T04:57:00,In progress,Wei Zhang,15 mins
,FI Team,2026-07-16T05:17:00,Hold,Kenji Watanabe,15 mins
INC0010439,L1 Team,2026-05-24T10:38:00,Open,,1hr 15 mins
,L1 Team,2026-05-24T10:51:00,In progress,Emily Carter,45 mins
,Payments L2 Support,2026-05-24T11:48:00,Open,,2 hr 5 mins
,Payments L2 Support,2026-05-24T12:01:00,In progress,Emily Carter,10 mins
,FI Team,2026-05-24T12:54:00,Open,,45 mins
,FI Team,2026-05-24T13:19:00,In progress,Sofia Rossi,2hr 05 mins
,FI Team,2026-05-24T13:55:00,Hold,Sofia Rossi,2hr 13 mins
INC0010440,L3 Team,2026-08-27T00:11:00,Open,,1hr 00 mins
,L3 Team,2026-08-27T00:40:00,In progress,Ethan Brooks,45 mins
,Trade Support L2,2026-08-27T01:01:00,Open,,1 hr 0 mins
,Trade Support L2,2026-08-27T01:15:00,In progress,Priya Sharma,2 hr 5 mins
INC0010441,Core Banking L3,2026-07-26T21:23:00,Open,,1 hr 15 mins
,Core Banking L3,2026-07-26T21:48:00,In progress,Carlos Mendes,10mins
,L2 Team,2026-07-26T22:23:00,Open,,10mins
,L2 Team,2026-07-26T22:44:00,In progress,Omar Siddiqui,2hr 13 mins
,SD Team,2026-07-26T23:13:00,Open,,1 hr 0 mins
,SD Team,2026-07-26T23:42:00,In progress,James Cole,45 mins
,SD Team,2026-07-27T00:27:00,Hold,James Cole,1hr 00 mins
INC0010442,Core Banking L3,2026-08-22T22:19:00,Open,,1 hr 30 mins
,Core Banking L3,2026-08-22T22:45:00,In progress,Arjun Mehta,17 mins
,FI Team,2026-08-22T23:05:00,Open,,2 hr 13 mins
,FI Team,2026-08-22T23:29:00,In progress,Wei Zhang,1 hr 15 mins
INC0010443,L2 Team,2026-08-25T08:10:00,Open,,17mins
,L2 Team,2026-08-25T08:22:00,In progress,Ethan Brooks,10 mins
,FI Team,2026-08-25T08:57:00,Open,,45 mins
,FI Team,2026-08-25T09:15:00,In progress,Maria Silva,2 hr 13 mins
,FI Team,2026-08-25T10:12:00,Closed,Wei Zhang,
INC0010444,L1 Team,2026-08-26T20:30:00,Open,,35mins
,L1 Team,2026-08-26T20:59:00,In progress,Emily Carter,45 mins
,Core Banking L3,2026-08-26T21:59:00,Open,,1 hr 0 mins
,Core Banking L3,2026-08-26T22:29:00,In progress,Chloe Martin,35 mins
,SD Team,2026-08-26T23:00:00,Open,,15 mins
,SD Team,2026-08-26T23:12:00,In progress,Sofia Rossi,2 hr 5 mins
INC0010445,L2 Team,2026-08-04T19:36:00,Open,,2 hr 5 mins
,L2 Team,2026-08-04T19:46:00,In progress,Mei Tan,35 mins
,L3 Team,2026-08-04T20:28:00,Open,,45 mins
,L3 Team,2026-08-04T20:42:00,In progress,Nadia Rahman,15 mins
,MM Team,2026-08-04T20:57:00,Open,,1hr 15 mins
,MM Team,2026-08-04T21:11:00,In progress,Liam O'Connor,35 mins
,MM Team,2026-08-04T22:09:00,Hold,Maria Silva,17mins
INC0010446,Core Banking L3,2026-08-12T06:01:00,Open,,10mins
,Core Banking L3,2026-08-12T06:21:00,In progress,Emily Carter,45mins
,Trade Support L2,2026-08-12T07:12:00,Open,,35 mins
,Trade Support L2,2026-08-12T07:31:00,In progress,Kenji Watanabe,10 mins
INC0010447,Access Management Team,2026-08-24T12:38:00,Open,,35mins
,Access Management Team,2026-08-24T12:49:00,In progress,Nadia Rahman,1 hr 15 mins
,Trade Support L2,2026-08-24T13:29:00,Open,,2 hr 13 mins
,Trade Support L2,2026-08-24T13:39:00,In progress,Daniel Cho,1hr 00 mins
INC0010448,L3 Team,2026-05-22T07:00:00,Open,,15mins
,L3 Team,2026-05-22T07:19:00,In progress,Carlos Mendes,1hr 30 mins
,L1 Service Desk,2026-05-22T07:40:00,Open,,17 mins
,L1 Service Desk,2026-05-22T08:08:00,In progress,Arjun Mehta,45 mins
,MM Team,2026-05-22T09:04:00,Open,,17 mins
,MM Team,2026-05-22T09:29:00,In progress,Liam O'Connor,17 mins
INC0010449,Core Banking L3,2026-07-06T06:34:00,Open,,10 mins
,Core Banking L3,2026-07-06T07:02:00,In progress,Emily Carter,17 mins
,Trade Support L2,2026-07-06T07:44:00,Open,,17 mins
,Trade Support L2,2026-07-06T07:57:00,In progress,Sofia Rossi,1 hr 15 mins
,Trade Support L2,2026-07-06T08:15:00,Hold,James Cole,1 hr 30 mins
INC0010450,L2 Team,2026-08-08T11:50:00,Open,,1 hr 0 mins
,L2 Team,2026-08-08T12:01:00,In progress,Mei Tan,1hr 00 mins
,Core Banking L3,2026-08-08T12:35:00,Open,,2 hr 5 mins
,Core Banking L3,2026-08-08T13:05:00,In progress,Emily Carter,1 hr 15 mins
,Trade Support L2,2026-08-08T13:44:00,Open,,2hr 13 mins
,Trade Support L2,2026-08-08T14:05:00,In progress,Priya Sharma,15 mins
INC0010451,L1 Service Desk,2026-06-01T04:23:00,Open,,2 hr 13 mins
,L1 Service Desk,2026-06-01T04:40:00,In progress,Arjun Mehta,2 hr 5 mins
,Trade Support L2,2026-06-01T05:31:00,Open,,15mins
,Trade Support L2,2026-06-01T05:46:00,In progress,Sofia Rossi,2 hr 13 mins
INC0010452,Payments L2 Support,2026-08-24T22:38:00,Open,,45 mins
,Payments L2 Support,2026-08-24T23:05:00,In progress,Noah Williams,1 hr 0 mins
,L2 Team,2026-08-24T23:21:00,Open,,1 hr 0 mins
,L2 Team,2026-08-24T23:48:00,In progress,Ethan Brooks,1 hr 15 mins
,ABAP Team,2026-08-25T00:36:00,Open,,1 hr 30 mins
,ABAP Team,2026-08-25T01:06:00,In progress,James Cole,35mins
,ABAP Team,2026-08-25T01:28:00,Closed,James Cole,
INC0010453,L1 Team,2026-06-21T05:23:00,Open,,1hr 15 mins
,L1 Team,2026-06-21T05:36:00,In progress,Omar Siddiqui,2 hr 5 mins
,Risk & Compliance Ops,2026-06-21T06:32:00,Open,,1hr 30 mins
,Risk & Compliance Ops,2026-06-21T06:43:00,In progress,James Cole,15mins
INC0010454,Payments L2 Support,2026-08-27T12:02:00,Open,,2 hr 13 mins
,Payments L2 Support,2026-08-27T12:19:00,In progress,Mei Tan,45mins
,L2 Team,2026-08-27T13:08:00,Open,,1 hr 15 mins
,L2 Team,2026-08-27T13:36:00,In progress,Omar Siddiqui,1hr 30 mins
,MM Team,2026-08-27T14:29:00,Open,,35mins
,MM Team,2026-08-27T14:42:00,In progress,Priya Sharma,35 mins
,MM Team,2026-08-27T15:09:00,Hold,Wei Zhang,45 mins
INC0010455,Payments L2 Support,2026-08-15T09:19:00,Open,,45 mins
,Payments L2 Support,2026-08-15T09:48:00,In progress,Omar Siddiqui,15mins
,SD Team,2026-08-15T10:19:00,Open,,2 hr 13 mins
,SD Team,2026-08-15T10:41:00,In progress,Priya Sharma,45mins
INC0010456,Payments L2 Support,2026-05-23T20:41:00,Open,,15mins
,Payments L2 Support,2026-05-23T20:59:00,In progress,Nadia Rahman,45mins
,FI Team,2026-05-23T21:56:00,Open,,1 hr 30 mins
,FI Team,2026-05-23T22:11:00,In progress,Kenji Watanabe,17 mins
,FI Team,2026-05-23T22:53:00,Hold,Kenji Watanabe,10mins
INC0010457,L3 Team,2026-08-16T17:46:00,Open,,1 hr 30 mins
,L3 Team,2026-08-16T18:13:00,In progress,Omar Siddiqui,2 hr 13 mins
,ABAP Team,2026-08-16T18:51:00,Open,,45 mins
,ABAP Team,2026-08-16T19:08:00,In progress,Liam O'Connor,10 mins
,ABAP Team,2026-08-16T19:47:00,Closed,Aisha Khan,
INC0010458,Access Management Team,2026-08-27T13:03:00,Open,,17mins
,Access Management Team,2026-08-27T13:22:00,In progress,Ethan Brooks,15mins
,ABAP Team,2026-08-27T13:59:00,Open,,45mins
,ABAP Team,2026-08-27T14:17:00,In progress,Fatima Al-Sayed,15 mins
,ABAP Team,2026-08-27T14:42:00,Closed,Sofia Rossi,
INC0010459,L3 Team,2026-08-24T20:26:00,Open,,2 hr 13 mins
,L3 Team,2026-08-24T20:53:00,In progress,Mei Tan,1hr 00 mins
,Trade Support L2,2026-08-24T21:45:00,Open,,10mins
,Trade Support L2,2026-08-24T22:11:00,In progress,Wei Zhang,17 mins
INC0010460,L1 Team,2026-05-15T18:48:00,Open,,45mins
,L1 Team,2026-05-15T19:05:00,In progress,Chloe Martin,1 hr 15 mins
,Core Banking L3,2026-05-15T19:48:00,Open,,45 mins
,Core Banking L3,2026-05-15T20:14:00,In progress,Chloe Martin,1 hr 30 mins
,Trade Support L2,2026-05-15T20:43:00,Open,,15 mins
,Trade Support L2,2026-05-15T21:06:00,In progress,Sofia Rossi,15mins
INC0010461,Core Banking L3,2026-08-11T15:23:00,Open,,15 mins
,Core Banking L3,2026-08-11T15:51:00,In progress,Noah Williams,45mins
,FI Team,2026-08-11T16:37:00,Open,,10 mins
,FI Team,2026-08-11T17:03:00,In progress,Wei Zhang,1hr 15 mins
,FI Team,2026-08-11T17:50:00,Closed,Daniel Cho,
INC0010462,L1 Team,2026-08-13T16:57:00,Open,,10mins
,L1 Team,2026-08-13T17:20:00,In progress,Omar Siddiqui,35mins
,Payments L2 Support,2026-08-13T18:17:00,Open,,1 hr 30 mins
,Payments L2 Support,2026-08-13T18:46:00,In progress,Nadia Rahman,1 hr 15 mins
,FI Team,2026-08-13T19:44:00,Open,,1 hr 30 mins
,FI Team,2026-08-13T19:59:00,In progress,James Cole,45 mins
,FI Team,2026-08-13T20:46:00,Closed,Sofia Rossi,
INC0010463,L1 Service Desk,2026-06-28T01:37:00,Open,,45 mins
,L1 Service Desk,2026-06-28T01:57:00,In progress,Nadia Rahman,1 hr 30 mins
,Access Management Team,2026-06-28T02:30:00,Open,,45 mins
,Access Management Team,2026-06-28T02:49:00,In progress,Arjun Mehta,2 hr 13 mins
,FI Team,2026-06-28T03:29:00,Open,,45mins
,FI Team,2026-06-28T03:55:00,In progress,Priya Sharma,1 hr 15 mins
INC0010464,L3 Team,2026-08-24T09:13:00,Open,,2hr 05 mins
,L3 Team,2026-08-24T09:33:00,In progress,Emily Carter,10 mins
,ABAP Team,2026-08-24T09:59:00,Open,,10 mins
,ABAP Team,2026-08-24T10:22:00,In progress,Maria Silva,35 mins
INC0010465,L1 Service Desk,2026-07-28T17:20:00,Open,,1 hr 15 mins
,L1 Service Desk,2026-07-28T17:34:00,In progress,Carlos Mendes,35 mins
,ABAP Team,2026-07-28T18:14:00,Open,,45 mins
,ABAP Team,2026-07-28T18:29:00,In progress,Daniel Cho,45 mins
INC0010466,L2 Team,2026-06-03T10:37:00,Open,,1 hr 0 mins
,L2 Team,2026-06-03T10:58:00,In progress,Nadia Rahman,15 mins
,Access Management Team,2026-06-03T11:31:00,Open,,10 mins
,Access Management Team,2026-06-03T11:53:00,In progress,Hannah Lee,10 mins
,SD Team,2026-06-03T12:50:00,Open,,1 hr 15 mins
,SD Team,2026-06-03T13:08:00,In progress,James Cole,1hr 00 mins
INC0010467,Access Management Team,2026-06-19T16:39:00,Open,,17 mins
,Access Management Team,2026-06-19T17:01:00,In progress,Omar Siddiqui,17 mins
,Core Banking L3,2026-06-19T17:22:00,Open,,10 mins
,Core Banking L3,2026-06-19T17:36:00,In progress,Arjun Mehta,2 hr 13 mins
,Trade Support L2,2026-06-19T17:54:00,Open,,45 mins
,Trade Support L2,2026-06-19T18:23:00,In progress,Priya Sharma,1hr 00 mins
,Trade Support L2,2026-06-19T18:56:00,Hold,Liam O'Connor,1 hr 15 mins
INC0010468,Payments L2 Support,2026-08-25T03:48:00,Open,,1 hr 30 mins
,Payments L2 Support,2026-08-25T04:05:00,In progress,Carlos Mendes,15 mins
,FI Team,2026-08-25T05:04:00,Open,,1 hr 0 mins
,FI Team,2026-08-25T05:29:00,In progress,James Cole,1 hr 30 mins
INC0010469,Access Management Team,2026-07-15T00:00:00,Open,,2 hr 13 mins
,Access Management Team,2026-07-15T00:14:00,In progress,Ethan Brooks,17 mins
,Risk & Compliance Ops,2026-07-15T00:31:00,Open,,35 mins
,Risk & Compliance Ops,2026-07-15T00:54:00,In progress,Priya Sharma,2 hr 5 mins
INC0010470,L1 Service Desk,2026-07-28T10:58:00,Open,,1hr 30 mins
,L1 Service Desk,2026-07-28T11:28:00,In progress,Nadia Rahman,45 mins
,MM Team,2026-07-28T12:13:00,Open,,1 hr 0 mins
,MM Team,2026-07-28T12:24:00,In progress,Liam O'Connor,15 mins
INC0010471,L3 Team,2026-07-15T11:32:00,Open,,35 mins
,L3 Team,2026-07-15T11:43:00,In progress,Noah Williams,10 mins
,Core Banking L3,2026-07-15T12:01:00,Open,,2 hr 13 mins
,Core Banking L3,2026-07-15T12:21:00,In progress,Nadia Rahman,45 mins
,MM Team,2026-07-15T12:53:00,Open,,15 mins
,MM Team,2026-07-15T13:08:00,In progress,Wei Zhang,1hr 15 mins
,MM Team,2026-07-15T13:44:00,Closed,Wei Zhang,
INC0010472,Core Banking L3,2026-07-29T14:51:00,Open,,17 mins
,Core Banking L3,2026-07-29T15:12:00,In progress,Hannah Lee,2 hr 5 mins
,Risk & Compliance Ops,2026-07-29T16:05:00,Open,,2hr 13 mins
,Risk & Compliance Ops,2026-07-29T16:21:00,In progress,Fatima Al-Sayed,1 hr 0 mins
INC0010473,Core Banking L3,2026-08-01T22:08:00,Open,,2 hr 5 mins
,Core Banking L3,2026-08-01T22:19:00,In progress,Mei Tan,2 hr 13 mins
,Trade Support L2,2026-08-01T22:46:00,Open,,15 mins
,Trade Support L2,2026-08-01T23:13:00,In progress,Aisha Khan,45mins
,Trade Support L2,2026-08-01T23:58:00,Closed,Liam O'Connor,
INC0010474,L1 Team,2026-08-19T08:20:00,Open,,35 mins
,L1 Team,2026-08-19T08:47:00,In progress,Mei Tan,45 mins
,FI Team,2026-08-19T09:30:00,Open,,15 mins
,FI Team,2026-08-19T09:42:00,In progress,Maria Silva,1 hr 0 mins
,FI Team,2026-08-19T10:29:00,Hold,Priya Sharma,17mins
INC0010475,L3 Team,2026-05-25T02:36:00,Open,,2 hr 5 mins
,L3 Team,2026-05-25T02:52:00,In progress,Omar Siddiqui,1 hr 15 mins
,ABAP Team,2026-05-25T03:41:00,Open,,15 mins
,ABAP Team,2026-05-25T04:05:00,In progress,Daniel Cho,1 hr 0 mins
,ABAP Team,2026-05-25T04:44:00,Closed,Kenji Watanabe,
INC0010476,L2 Team,2026-08-19T13:38:00,Open,,17mins
,L2 Team,2026-08-19T13:54:00,In progress,Emily Carter,1hr 30 mins
,Access Management Team,2026-08-19T14:41:00,Open,,1hr 30 mins
,Access Management Team,2026-08-19T15:00:00,In progress,Hannah Lee,45mins
,ABAP Team,2026-08-19T15:22:00,Open,,10mins
,ABAP Team,2026-08-19T15:39:00,In progress,Liam O'Connor,10mins
INC0010477,L2 Team,2026-08-10T20:27:00,Open,,2 hr 13 mins
,L2 Team,2026-08-10T20:43:00,In progress,Emily Carter,2hr 13 mins
,L3 Team,2026-08-10T21:38:00,Open,,2hr 05 mins
,L3 Team,2026-08-10T21:58:00,In progress,Arjun Mehta,1hr 30 mins
,ABAP Team,2026-08-10T22:21:00,Open,,2hr 05 mins
,ABAP Team,2026-08-10T22:41:00,In progress,Priya Sharma,2 hr 13 mins
INC0010478,Core Banking L3,2026-07-20T21:30:00,Open,,17 mins
,Core Banking L3,2026-07-20T21:40:00,In progress,Emily Carter,1 hr 0 mins
,SD Team,2026-07-20T22:11:00,Open,,2 hr 13 mins
,SD Team,2026-07-20T22:38:00,In progress,Aisha Khan,1 hr 15 mins
,SD Team,2026-07-20T23:13:00,Closed,Liam O'Connor,
INC0010479,L2 Team,2026-06-21T18:57:00,Open,,1hr 00 mins
,L2 Team,2026-06-21T19:11:00,In progress,Emily Carter,1 hr 15 mins
,L1 Service Desk,2026-06-21T19:55:00,Open,,17 mins
,L1 Service Desk,2026-06-21T20:11:00,In progress,Nadia Rahman,2hr 13 mins
,FI Team,2026-06-21T20:27:00,Open,,17 mins
,FI Team,2026-06-21T20:56:00,In progress,Aisha Khan,15 mins
INC0010480,L2 Team,2026-07-18T03:08:00,Open,,1 hr 0 mins
,L2 Team,2026-07-18T03:34:00,In progress,Mei Tan,10mins
,L1 Service Desk,2026-07-18T03:55:00,Open,,1hr 00 mins
,L1 Service Desk,2026-07-18T04:05:00,In progress,Mei Tan,10mins
,Trade Support L2,2026-07-18T04:22:00,Open,,15 mins
,Trade Support L2,2026-07-18T04:36:00,In progress,Fatima Al-Sayed,10 mins
INC0010481,Access Management Team,2026-07-11T00:29:00,Open,,35 mins
,Access Management Team,2026-07-11T00:54:00,In progress,Mei Tan,1 hr 15 mins
,Core Banking L3,2026-07-11T01:28:00,Open,,45 mins
,Core Banking L3,2026-07-11T01:42:00,In progress,Nadia Rahman,10mins
,ABAP Team,2026-07-11T02:41:00,Open,,1 hr 30 mins
,ABAP Team,2026-07-11T02:51:00,In progress,James Cole,1hr 30 mins
INC0010482,L2 Team,2026-07-03T08:40:00,Open,,10 mins
,L2 Team,2026-07-03T09:03:00,In progress,Omar Siddiqui,17 mins
,L1 Team,2026-07-03T09:59:00,Open,,45 mins
,L1 Team,2026-07-03T10:21:00,In progress,Emily Carter,1 hr 15 mins
,FI Team,2026-07-03T10:43:00,Open,,45 mins
,FI Team,2026-07-03T10:55:00,In progress,Liam O'Connor,15 mins
INC0010483,Payments L2 Support,2026-08-07T05:58:00,Open,,17 mins
,Payments L2 Support,2026-08-07T06:24:00,In progress,Hannah Lee,2 hr 5 mins
,FI Team,2026-08-07T07:22:00,Open,,2 hr 13 mins
,FI Team,2026-08-07T07:41:00,In progress,James Cole,45 mins
INC0010484,L1 Service Desk,2026-08-16T12:36:00,Open,,45mins
,L1 Service Desk,2026-08-16T12:48:00,In progress,Noah Williams,2 hr 13 mins
,Core Banking L3,2026-08-16T13:23:00,Open,,17 mins
,Core Banking L3,2026-08-16T13:47:00,In progress,Ethan Brooks,15 mins
,SD Team,2026-08-16T14:38:00,Open,,45 mins
,SD Team,2026-08-16T14:50:00,In progress,Sofia Rossi,17 mins
INC0010485,L3 Team,2026-06-14T05:57:00,Open,,1 hr 15 mins
,L3 Team,2026-06-14T06:20:00,In progress,Omar Siddiqui,17mins
,L1 Service Desk,2026-06-14T06:50:00,Open,,1hr 00 mins
,L1 Service Desk,2026-06-14T07:17:00,In progress,Mei Tan,1 hr 15 mins
,MM Team,2026-06-14T08:06:00,Open,,1 hr 0 mins
,MM Team,2026-06-14T08:34:00,In progress,Kenji Watanabe,1 hr 30 mins
,MM Team,2026-06-14T09:33:00,Closed,Aisha Khan,
INC0010486,L3 Team,2026-07-11T17:35:00,Open,,35 mins
,L3 Team,2026-07-11T17:56:00,In progress,Ethan Brooks,1 hr 15 mins
,ABAP Team,2026-07-11T18:18:00,Open,,45 mins
,ABAP Team,2026-07-11T18:32:00,In progress,Liam O'Connor,17mins
INC0010487,L2 Team,2026-07-13T08:42:00,Open,,10mins
,L2 Team,2026-07-13T08:56:00,In progress,Carlos Mendes,17 mins
,FI Team,2026-07-13T09:12:00,Open,,1hr 00 mins
,FI Team,2026-07-13T09:23:00,In progress,James Cole,2 hr 13 mins
,FI Team,2026-07-13T09:42:00,Hold,Maria Silva,2 hr 5 mins
INC0010488,L3 Team,2026-08-14T11:28:00,Open,,15 mins
,L3 Team,2026-08-14T11:40:00,In progress,Arjun Mehta,2hr 05 mins
,FI Team,2026-08-14T12:04:00,Open,,1 hr 15 mins
,FI Team,2026-08-14T12:18:00,In progress,Sofia Rossi,1hr 15 mins
,FI Team,2026-08-14T12:54:00,Closed,Liam O'Connor,
INC0010489,L3 Team,2026-06-30T20:33:00,Open,,17 mins
,L3 Team,2026-06-30T21:03:00,In progress,Arjun Mehta,2 hr 5 mins
,ABAP Team,2026-06-30T21:50:00,Open,,1hr 00 mins
,ABAP Team,2026-06-30T22:14:00,In progress,Sofia Rossi,45mins
INC0010490,Core Banking L3,2026-08-13T20:30:00,Open,,17 mins
,Core Banking L3,2026-08-13T20:42:00,In progress,Ethan Brooks,1 hr 0 mins
,L2 Team,2026-08-13T21:10:00,Open,,1 hr 0 mins
,L2 Team,2026-08-13T21:21:00,In progress,Nadia Rahman,1 hr 0 mins
,MM Team,2026-08-13T22:11:00,Open,,15mins
,MM Team,2026-08-13T22:35:00,In progress,Wei Zhang,2 hr 13 mins
,MM Team,2026-08-13T23:15:00,Hold,Aisha Khan,10 mins
INC0010491,L2 Team,2026-08-15T22:15:00,Open,,15 mins
,L2 Team,2026-08-15T22:36:00,In progress,Omar Siddiqui,10 mins
,L3 Team,2026-08-15T23:09:00,Open,,17mins
,L3 Team,2026-08-15T23:22:00,In progress,Emily Carter,2 hr 5 mins
,ABAP Team,2026-08-15T23:56:00,Open,,35mins
,ABAP Team,2026-08-16T00:07:00,In progress,Aisha Khan,45 mins
INC0010492,Payments L2 Support,2026-08-26T07:21:00,Open,,10 mins
,Payments L2 Support,2026-08-26T07:41:00,In progress,Emily Carter,45 mins
,MM Team,2026-08-26T08:18:00,Open,,1 hr 0 mins
,MM Team,2026-08-26T08:34:00,In progress,Fatima Al-Sayed,1 hr 0 mins
,MM Team,2026-08-26T09:11:00,Closed,James Cole,
INC0010493,Core Banking L3,2026-08-07T07:20:00,Open,,1 hr 30 mins
,Core Banking L3,2026-08-07T07:30:00,In progress,Chloe Martin,1 hr 15 mins
,Payments L2 Support,2026-08-07T07:47:00,Open,,45 mins
,Payments L2 Support,2026-08-07T08:01:00,In progress,Noah Williams,2 hr 13 mins
,ABAP Team,2026-08-07T09:01:00,Open,,35mins
,ABAP Team,2026-08-07T09:31:00,In progress,Wei Zhang,17mins
INC0010494,L1 Service Desk,2026-05-10T02:47:00,Open,,45 mins
,L1 Service Desk,2026-05-10T03:16:00,In progress,Omar Siddiqui,10mins
,L2 Team,2026-05-10T04:14:00,Open,,1 hr 0 mins
,L2 Team,2026-05-10T04:30:00,In progress,Emily Carter,17mins
,SD Team,2026-05-10T05:25:00,Open,,15 mins
,SD Team,2026-05-10T05:39:00,In progress,Liam O'Connor,1 hr 30 mins
,SD Team,2026-05-10T06:25:00,Closed,James Cole,
INC0010495,L2 Team,2026-08-23T21:33:00,Open,,15 mins
,L2 Team,2026-08-23T22:01:00,In progress,Noah Williams,15 mins
,L3 Team,2026-08-23T23:01:00,Open,,1hr 15 mins
,L3 Team,2026-08-23T23:26:00,In progress,Ethan Brooks,2 hr 13 mins
,FI Team,2026-08-23T23:48:00,Open,,1 hr 15 mins
,FI Team,2026-08-24T00:09:00,In progress,Liam O'Connor,1hr 00 mins
,FI Team,2026-08-24T01:03:00,Closed,Wei Zhang,
INC0010496,Payments L2 Support,2026-08-24T23:14:00,Open,,45 mins
,Payments L2 Support,2026-08-24T23:37:00,In progress,Ethan Brooks,1hr 15 mins
,Access Management Team,2026-08-25T00:35:00,Open,,10mins
,Access Management Team,2026-08-25T01:05:00,In progress,Arjun Mehta,35mins
,SD Team,2026-08-25T01:55:00,Open,,15 mins
,SD Team,2026-08-25T02:17:00,In progress,Fatima Al-Sayed,1 hr 0 mins
INC0010497,Access Management Team,2026-08-10T04:38:00,Open,,15 mins
,Access Management Team,2026-08-10T05:02:00,In progress,Mei Tan,1 hr 15 mins
,L1 Service Desk,2026-08-10T05:22:00,Open,,17mins
,L1 Service Desk,2026-08-10T05:35:00,In progress,Chloe Martin,1 hr 0 mins
,Trade Support L2,2026-08-10T06:15:00,Open,,45 mins
,Trade Support L2,2026-08-10T06:44:00,In progress,Maria Silva,35mins
INC0010498,L3 Team,2026-08-18T03:18:00,Open,,10mins
,L3 Team,2026-08-18T03:32:00,In progress,Nadia Rahman,2 hr 13 mins
,MM Team,2026-08-18T04:07:00,Open,,2hr 05 mins
,MM Team,2026-08-18T04:18:00,In progress,Sofia Rossi,1hr 00 mins
,MM Team,2026-08-18T04:46:00,Hold,Priya Sharma,35 mins
INC0010499,L3 Team,2026-08-16T16:45:00,Open,,15 mins
,L3 Team,2026-08-16T16:57:00,In progress,Emily Carter,45mins
,Core Banking L3,2026-08-16T17:40:00,Open,,1 hr 0 mins
,Core Banking L3,2026-08-16T17:56:00,In progress,Carlos Mendes,17 mins
,FI Team,2026-08-16T18:16:00,Open,,1hr 00 mins
,FI Team,2026-08-16T18:35:00,In progress,Wei Zhang,35 mins
,FI Team,2026-08-16T19:16:00,Closed,Maria Silva,
INC0010500,Core Banking L3,2026-07-05T09:40:00,Open,,45mins
,Core Banking L3,2026-07-05T10:08:00,In progress,Omar Siddiqui,10mins
,MM Team,2026-07-05T11:01:00,Open,,2 hr 13 mins
,MM Team,2026-07-05T11:30:00,In progress,Priya Sharma,2 hr 13 mins
INC0010501,L2 Team,2026-08-22T21:56:00,Open,,17 mins
,L2 Team,2026-08-22T22:16:00,In progress,Omar Siddiqui,2hr 13 mins
,MM Team,2026-08-22T22:47:00,Open,,10 mins
,MM Team,2026-08-22T23:01:00,In progress,Maria Silva,2 hr 13 mins
,MM Team,2026-08-22T23:22:00,Hold,Priya Sharma,35mins
INC0010502,Core Banking L3,2026-06-02T21:31:00,Open,,2hr 05 mins
,Core Banking L3,2026-06-02T21:47:00,In progress,Carlos Mendes,2 hr 13 mins
,Payments L2 Support,2026-06-02T22:02:00,Open,,45 mins
,Payments L2 Support,2026-06-02T22:12:00,In progress,Hannah Lee,1 hr 30 mins
,FI Team,2026-06-02T23:11:00,Open,,1hr 15 mins
,FI Team,2026-06-02T23:34:00,In progress,Sofia Rossi,45mins
INC0010503,L1 Team,2026-05-20T05:07:00,Open,,1hr 00 mins
,L1 Team,2026-05-20T05:22:00,In progress,Noah Williams,1hr 30 mins
,L2 Team,2026-05-20T06:01:00,Open,,45mins
,L2 Team,2026-05-20T06:24:00,In progress,Emily Carter,15 mins
,MM Team,2026-05-20T06:44:00,Open,,2hr 05 mins
,MM Team,2026-05-20T06:57:00,In progress,Maria Silva,2 hr 5 mins
,MM Team,2026-05-20T07:18:00,Hold,Maria Silva,1 hr 30 mins
INC0010504,Access Management Team,2026-08-17T13:00:00,Open,,35 mins
,Access Management Team,2026-08-17T13:27:00,In progress,Carlos Mendes,1 hr 15 mins
,L1 Service Desk,2026-08-17T14:04:00,Open,,1hr 15 mins
,L1 Service Desk,2026-08-17T14:34:00,In progress,Chloe Martin,10 mins
,FI Team,2026-08-17T15:03:00,Open,,45mins
,FI Team,2026-08-17T15:21:00,In progress,Liam O'Connor,1 hr 0 mins
,FI Team,2026-08-17T15:51:00,Hold,Priya Sharma,1 hr 0 mins
INC0010505,L2 Team,2026-08-07T18:24:00,Open,,1 hr 30 mins
,L2 Team,2026-08-07T18:53:00,In progress,Hannah Lee,45 mins
,SD Team,2026-08-07T19:44:00,Open,,35mins
,SD Team,2026-08-07T20:06:00,In progress,James Cole,2hr 13 mins
,SD Team,2026-08-07T20:24:00,Closed,Maria Silva,
INC0010506,Core Banking L3,2026-08-21T01:18:00,Open,,45mins
,Core Banking L3,2026-08-21T01:33:00,In progress,Emily Carter,17mins
,L2 Team,2026-08-21T01:55:00,Open,,2 hr 13 mins
,L2 Team,2026-08-21T02:17:00,In progress,Carlos Mendes,1 hr 30 mins
,MM Team,2026-08-21T02:52:00,Open,,15 mins
,MM Team,2026-08-21T03:15:00,In progress,Priya Sharma,2 hr 13 mins
INC0010507,Payments L2 Support,2026-08-11T11:25:00,Open,,1 hr 30 mins
,Payments L2 Support,2026-08-11T11:53:00,In progress,Omar Siddiqui,10mins
,Trade Support L2,2026-08-11T12:16:00,Open,,2 hr 13 mins
,Trade Support L2,2026-08-11T12:37:00,In progress,Priya Sharma,2 hr 13 mins
,Trade Support L2,2026-08-11T13:11:00,Closed,Priya Sharma,
INC0010508,Access Management Team,2026-05-25T03:55:00,Open,,10 mins
,Access Management Team,2026-05-25T04:07:00,In progress,Arjun Mehta,2 hr 13 mins
,L3 Team,2026-05-25T04:28:00,Open,,15 mins
,L3 Team,2026-05-25T04:57:00,In progress,Carlos Mendes,17 mins
,Trade Support L2,2026-05-25T05:28:00,Open,,15 mins
,Trade Support L2,2026-05-25T05:53:00,In progress,Sofia Rossi,35 mins
,Trade Support L2,2026-05-25T06:14:00,Closed,Maria Silva,
INC0010509,L1 Team,2026-08-25T21:00:00,Open,,15 mins
,L1 Team,2026-08-25T21:23:00,In progress,Omar Siddiqui,45mins
,L1 Service Desk,2026-08-25T22:06:00,Open,,17 mins
,L1 Service Desk,2026-08-25T22:25:00,In progress,Arjun Mehta,17mins
,Trade Support L2,2026-08-25T23:16:00,Open,,10 mins
,Trade Support L2,2026-08-25T23:36:00,In progress,Daniel Cho,2 hr 5 mins
,Trade Support L2,2026-08-26T00:25:00,Hold,Priya Sharma,1 hr 30 mins
INC0010510,L2 Team,2026-08-14T20:51:00,Open,,10mins
,L2 Team,2026-08-14T21:01:00,In progress,Ethan Brooks,1 hr 30 mins
,Risk & Compliance Ops,2026-08-14T21:29:00,Open,,15 mins
,Risk & Compliance Ops,2026-08-14T21:39:00,In progress,James Cole,35 mins
,Risk & Compliance Ops,2026-08-14T22:38:00,Closed,Sofia Rossi,
INC0010511,L2 Team,2026-07-11T07:26:00,Open,,1 hr 30 mins
,L2 Team,2026-07-11T07:45:00,In progress,Ethan Brooks,1 hr 0 mins
,L1 Team,2026-07-11T08:25:00,Open,,35 mins
,L1 Team,2026-07-11T08:40:00,In progress,Nadia Rahman,45 mins
,SD Team,2026-07-11T09:01:00,Open,,2hr 05 mins
,SD Team,2026-07-11T09:16:00,In progress,Aisha Khan,1hr 15 mins
,SD Team,2026-07-11T09:59:00,Hold,Kenji Watanabe,2 hr 5 mins
INC0010512,Payments L2 Support,2026-08-20T13:40:00,Open,,1hr 00 mins
,Payments L2 Support,2026-08-20T13:56:00,In progress,Omar Siddiqui,2 hr 13 mins
,L1 Team,2026-08-20T14:39:00,Open,,17 mins
,L1 Team,2026-08-20T15:05:00,In progress,Chloe Martin,45mins
,Risk & Compliance Ops,2026-08-20T16:01:00,Open,,1hr 30 mins
,Risk & Compliance Ops,2026-08-20T16:23:00,In progress,Priya Sharma,15 mins
,Risk & Compliance Ops,2026-08-20T16:58:00,Closed,Kenji Watanabe,
INC0010513,L2 Team,2026-07-21T08:30:00,Open,,2hr 13 mins
,L2 Team,2026-07-21T08:51:00,In progress,Emily Carter,45 mins
,L1 Team,2026-07-21T09:06:00,Open,,45mins
,L1 Team,2026-07-21T09:16:00,In progress,Carlos Mendes,1 hr 15 mins
,FI Team,2026-07-21T09:51:00,Open,,1 hr 30 mins
,FI Team,2026-07-21T10:13:00,In progress,Liam O'Connor,2 hr 5 mins
,FI Team,2026-07-21T11:01:00,Closed,Aisha Khan,
INC0010514,Core Banking L3,2026-06-27T19:41:00,Open,,15mins
,Core Banking L3,2026-06-27T20:11:00,In progress,Chloe Martin,45 mins
,Payments L2 Support,2026-06-27T20:38:00,Open,,35 mins
,Payments L2 Support,2026-06-27T21:03:00,In progress,Carlos Mendes,1 hr 0 mins
,Trade Support L2,2026-06-27T21:25:00,Open,,2hr 05 mins
,Trade Support L2,2026-06-27T21:53:00,In progress,Kenji Watanabe,35mins
INC0010515,L1 Team,2026-05-28T10:23:00,Open,,10 mins
,L1 Team,2026-05-28T10:42:00,In progress,Arjun Mehta,1 hr 0 mins
,Core Banking L3,2026-05-28T11:31:00,Open,,1 hr 30 mins
,Core Banking L3,2026-05-28T11:51:00,In progress,Noah Williams,1 hr 15 mins
,Risk & Compliance Ops,2026-05-28T12:32:00,Open,,45 mins
,Risk & Compliance Ops,2026-05-28T12:53:00,In progress,Kenji Watanabe,15mins
,Risk & Compliance Ops,2026-05-28T13:28:00,Closed,Maria Silva,
INC0010516,L1 Service Desk,2026-07-03T18:39:00,Open,,1hr 15 mins
,L1 Service Desk,2026-07-03T19:09:00,In progress,Emily Carter,45mins
,SD Team,2026-07-03T19:30:00,Open,,10 mins
,SD Team,2026-07-03T19:44:00,In progress,James Cole,45mins
INC0010517,L2 Team,2026-08-22T05:25:00,Open,,35mins
,L2 Team,2026-08-22T05:46:00,In progress,Mei Tan,10mins
,ABAP Team,2026-08-22T06:04:00,Open,,10 mins
,ABAP Team,2026-08-22T06:15:00,In progress,Liam O'Connor,15 mins
INC0010518,L3 Team,2026-06-19T09:36:00,Open,,17mins
,L3 Team,2026-06-19T10:00:00,In progress,Emily Carter,45 mins
,Core Banking L3,2026-06-19T10:52:00,Open,,1 hr 0 mins
,Core Banking L3,2026-06-19T11:16:00,In progress,Mei Tan,1 hr 30 mins
,FI Team,2026-06-19T12:07:00,Open,,1hr 15 mins
,FI Team,2026-06-19T12:27:00,In progress,Maria Silva,35 mins
INC0010519,Core Banking L3,2026-08-11T16:51:00,Open,,1 hr 30 mins
,Core Banking L3,2026-08-11T17:21:00,In progress,Nadia Rahman,15 mins
,L1 Team,2026-08-11T18:07:00,Open,,10 mins
,L1 Team,2026-08-11T18:17:00,In progress,Ethan Brooks,1 hr 0 mins
,SD Team,2026-08-11T19:03:00,Open,,35mins
,SD Team,2026-08-11T19:29:00,In progress,Daniel Cho,45 mins
INC0010520,Access Management Team,2026-06-25T16:27:00,Open,,15 mins
,Access Management Team,2026-06-25T16:44:00,In progress,Hannah Lee,1hr 00 mins
,Risk & Compliance Ops,2026-06-25T17:38:00,Open,,1 hr 0 mins
,Risk & Compliance Ops,2026-06-25T17:50:00,In progress,Fatima Al-Sayed,17mins
,Risk & Compliance Ops,2026-06-25T18:24:00,Hold,James Cole,17 mins
INC0010521,L2 Team,2026-05-15T03:41:00,Open,,1 hr 15 mins
,L2 Team,2026-05-15T03:59:00,In progress,Nadia Rahman,2 hr 13 mins
,ABAP Team,2026-05-15T04:42:00,Open,,15mins
,ABAP Team,2026-05-15T04:54:00,In progress,Sofia Rossi,1 hr 0 mins
INC0010522,Payments L2 Support,2026-07-08T01:25:00,Open,,45 mins
,Payments L2 Support,2026-07-08T01:49:00,In progress,Carlos Mendes,45 mins
,L1 Service Desk,2026-07-08T02:07:00,Open,,2hr 13 mins
,L1 Service Desk,2026-07-08T02:30:00,In progress,Nadia Rahman,45 mins
,Risk & Compliance Ops,2026-07-08T03:10:00,Open,,45mins
,Risk & Compliance Ops,2026-07-08T03:39:00,In progress,Priya Sharma,1 hr 0 mins
INC0010523,L1 Team,2026-08-09T23:53:00,Open,,15 mins
,L1 Team,2026-08-10T00:04:00,In progress,Mei Tan,45 mins
,FI Team,2026-08-10T00:23:00,Open,,45 mins
,FI Team,2026-08-10T00:52:00,In progress,Priya Sharma,1hr 00 mins
,FI Team,2026-08-10T01:32:00,Hold,Priya Sharma,45 mins
INC0010524,Access Management Team,2026-05-10T22:54:00,Open,,45mins
,Access Management Team,2026-05-10T23:13:00,In progress,Mei Tan,45mins
,FI Team,2026-05-10T23:28:00,Open,,1 hr 30 mins
,FI Team,2026-05-10T23:57:00,In progress,James Cole,45mins
INC0010525,L3 Team,2026-06-15T14:42:00,Open,,15 mins
,L3 Team,2026-06-15T14:57:00,In progress,Hannah Lee,1 hr 15 mins
,Trade Support L2,2026-06-15T15:12:00,Open,,1hr 00 mins
,Trade Support L2,2026-06-15T15:22:00,In progress,Fatima Al-Sayed,45 mins
,Trade Support L2,2026-06-15T15:47:00,Hold,Fatima Al-Sayed,10mins
INC0010526,Payments L2 Support,2026-05-17T05:57:00,Open,,35 mins
,Payments L2 Support,2026-05-17T06:10:00,In progress,Ethan Brooks,10mins
,L1 Team,2026-05-17T07:08:00,Open,,45 mins
,L1 Team,2026-05-17T07:34:00,In progress,Noah Williams,15 mins
,MM Team,2026-05-17T08:08:00,Open,,45 mins
,MM Team,2026-05-17T08:33:00,In progress,Sofia Rossi,1hr 30 mins
,MM Team,2026-05-17T09:30:00,Closed,Maria Silva,
INC0010527,L1 Service Desk,2026-08-14T05:12:00,Open,,45mins
,L1 Service Desk,2026-08-14T05:32:00,In progress,Chloe Martin,15 mins
,L1 Team,2026-08-14T06:30:00,Open,,1 hr 30 mins
,L1 Team,2026-08-14T07:00:00,In progress,Ethan Brooks,1 hr 0 mins
,SD Team,2026-08-14T07:57:00,Open,,45 mins
,SD Team,2026-08-14T08:07:00,In progress,Aisha Khan,2 hr 5 mins
,SD Team,2026-08-14T09:06:00,Closed,Kenji Watanabe,
INC0010528,Core Banking L3,2026-08-15T05:22:00,Open,,35 mins
,Core Banking L3,2026-08-15T05:52:00,In progress,Mei Tan,45mins
,ABAP Team,2026-08-15T06:50:00,Open,,1 hr 15 mins
,ABAP Team,2026-08-15T07:05:00,In progress,Liam O'Connor,2hr 13 mins
,ABAP Team,2026-08-15T07:41:00,Hold,Kenji Watanabe,2hr 05 mins
INC0010529,L2 Team,2026-07-28T09:50:00,Open,,1 hr 30 mins
,L2 Team,2026-07-28T10:10:00,In progress,Mei Tan,15 mins
,L1 Team,2026-07-28T10:54:00,Open,,2hr 05 mins
,L1 Team,2026-07-28T11:13:00,In progress,Emily Carter,10 mins
,Risk & Compliance Ops,2026-07-28T12:11:00,Open,,2 hr 13 mins
,Risk & Compliance Ops,2026-07-28T12:37:00,In progress,Fatima Al-Sayed,2 hr 13 mins
INC0010530,L3 Team,2026-05-19T07:01:00,Open,,10 mins
,L3 Team,2026-05-19T07:12:00,In progress,Emily Carter,2 hr 5 mins
,L1 Team,2026-05-19T07:30:00,Open,,1hr 15 mins
,L1 Team,2026-05-19T07:40:00,In progress,Arjun Mehta,10 mins
,SD Team,2026-05-19T08:03:00,Open,,45mins
,SD Team,2026-05-19T08:30:00,In progress,Wei Zhang,15mins
INC0010531,Core Banking L3,2026-08-03T09:40:00,Open,,1 hr 0 mins
,Core Banking L3,2026-08-03T09:52:00,In progress,Arjun Mehta,1hr 15 mins
,FI Team,2026-08-03T10:22:00,Open,,2hr 13 mins
,FI Team,2026-08-03T10:45:00,In progress,Kenji Watanabe,15 mins
,FI Team,2026-08-03T11:19:00,Closed,Fatima Al-Sayed,
INC0010532,Payments L2 Support,2026-08-26T21:47:00,Open,,2hr 13 mins
,Payments L2 Support,2026-08-26T22:15:00,In progress,Carlos Mendes,35 mins
,MM Team,2026-08-26T22:38:00,Open,,35 mins
,MM Team,2026-08-26T22:57:00,In progress,James Cole,45mins
INC0010533,Payments L2 Support,2026-06-03T20:51:00,Open,,1 hr 0 mins
,Payments L2 Support,2026-06-03T21:05:00,In progress,Omar Siddiqui,1 hr 30 mins
,L2 Team,2026-06-03T22:05:00,Open,,45 mins
,L2 Team,2026-06-03T22:26:00,In progress,Chloe Martin,1hr 00 mins
,MM Team,2026-06-03T22:42:00,Open,,10 mins
,MM Team,2026-06-03T22:54:00,In progress,Wei Zhang,2hr 05 mins
,MM Team,2026-06-03T23:24:00,Closed,Fatima Al-Sayed,
INC0010534,L2 Team,2026-08-24T18:24:00,Open,,2hr 05 mins
,L2 Team,2026-08-24T18:35:00,In progress,Omar Siddiqui,17 mins
,Payments L2 Support,2026-08-24T19:32:00,Open,,10 mins
,Payments L2 Support,2026-08-24T19:58:00,In progress,Arjun Mehta,15 mins
,Risk & Compliance Ops,2026-08-24T20:30:00,Open,,2 hr 13 mins
,Risk & Compliance Ops,2026-08-24T20:50:00,In progress,Fatima Al-Sayed,15 mins
,Risk & Compliance Ops,2026-08-24T21:41:00,Closed,Maria Silva,
INC0010535,L1 Team,2026-06-21T19:13:00,Open,,2 hr 5 mins
,L1 Team,2026-06-21T19:39:00,In progress,Arjun Mehta,35mins
,Trade Support L2,2026-06-21T20:03:00,Open,,1 hr 15 mins
,Trade Support L2,2026-06-21T20:20:00,In progress,Wei Zhang,45mins
,Trade Support L2,2026-06-21T20:54:00,Hold,Priya Sharma,1 hr 15 mins
INC0010536,L1 Team,2026-05-30T11:29:00,Open,,17mins
,L1 Team,2026-05-30T11:42:00,In progress,Carlos Mendes,35 mins
,ABAP Team,2026-05-30T12:27:00,Open,,1hr 30 mins
,ABAP Team,2026-05-30T12:49:00,In progress,Priya Sharma,15 mins
INC0010537,L2 Team,2026-08-18T08:23:00,Open,,45mins
,L2 Team,2026-08-18T08:47:00,In progress,Emily Carter,1 hr 0 mins
,Access Management Team,2026-08-18T09:42:00,Open,,10 mins
,Access Management Team,2026-08-18T09:56:00,In progress,Nadia Rahman,17mins
,Risk & Compliance Ops,2026-08-18T10:55:00,Open,,1hr 15 mins
,Risk & Compliance Ops,2026-08-18T11:14:00,In progress,Liam O'Connor,2 hr 13 mins
,Risk & Compliance Ops,2026-08-18T12:06:00,Hold,Maria Silva,45mins
INC0010538,L1 Service Desk,2026-05-12T20:31:00,Open,,1hr 15 mins
,L1 Service Desk,2026-05-12T20:54:00,In progress,Carlos Mendes,45 mins
,Core Banking L3,2026-05-12T21:16:00,Open,,2hr 05 mins
,Core Banking L3,2026-05-12T21:26:00,In progress,Arjun Mehta,2 hr 13 mins
,ABAP Team,2026-05-12T22:23:00,Open,,10 mins
,ABAP Team,2026-05-12T22:37:00,In progress,Maria Silva,1hr 15 mins
,ABAP Team,2026-05-12T22:52:00,Hold,Wei Zhang,45mins
INC0010539,L3 Team,2026-08-18T16:30:00,Open,,1hr 30 mins
,L3 Team,2026-08-18T16:56:00,In progress,Chloe Martin,2 hr 13 mins
,Trade Support L2,2026-08-18T17:33:00,Open,,2hr 05 mins
,Trade Support L2,2026-08-18T17:57:00,In progress,Wei Zhang,45mins
,Trade Support L2,2026-08-18T18:31:00,Hold,Kenji Watanabe,15mins
INC0010540,L1 Service Desk,2026-08-22T13:58:00,Open,,17mins
,L1 Service Desk,2026-08-22T14:24:00,In progress,Mei Tan,45 mins
,Payments L2 Support,2026-08-22T15:23:00,Open,,45mins
,Payments L2 Support,2026-08-22T15:51:00,In progress,Chloe Martin,15 mins
,Trade Support L2,2026-08-22T16:07:00,Open,,17 mins
,Trade Support L2,2026-08-22T16:20:00,In progress,James Cole,1 hr 15 mins
,Trade Support L2,2026-08-22T17:05:00,Closed,Sofia Rossi,
INC0010541,L1 Team,2026-08-25T15:41:00,Open,,1hr 00 mins
,L1 Team,2026-08-25T15:53:00,In progress,Carlos Mendes,45 mins
,FI Team,2026-08-25T16:10:00,Open,,15 mins
,FI Team,2026-08-25T16:31:00,In progress,Fatima Al-Sayed,2 hr 13 mins
,FI Team,2026-08-25T16:57:00,Closed,Sofia Rossi,
INC0010542,L1 Service Desk,2026-08-27T00:38:00,Open,,2 hr 5 mins
,L1 Service Desk,2026-08-27T00:54:00,In progress,Emily Carter,1hr 15 mins
,L2 Team,2026-08-27T01:52:00,Open,,45 mins
,L2 Team,2026-08-27T02:08:00,In progress,Chloe Martin,1 hr 30 mins
,Trade Support L2,2026-08-27T02:28:00,Open,,2 hr 13 mins
,Trade Support L2,2026-08-27T02:41:00,In progress,Aisha Khan,10 mins
,Trade Support L2,2026-08-27T02:56:00,Hold,Sofia Rossi,1 hr 0 mins
INC0010543,L3 Team,2026-07-15T17:42:00,Open,,2 hr 13 mins
,L3 Team,2026-07-15T18:12:00,In progress,Ethan Brooks,1 hr 15 mins
,FI Team,2026-07-15T18:40:00,Open,,1 hr 15 mins
,FI Team,2026-07-15T19:01:00,In progress,Wei Zhang,1 hr 30 mins
,FI Team,2026-07-15T19:20:00,Hold,Wei Zhang,2hr 13 mins
INC0010544,L2 Team,2026-08-17T06:14:00,Open,,45 mins
,L2 Team,2026-08-17T06:27:00,In progress,Chloe Martin,35 mins
,Risk & Compliance Ops,2026-08-17T07:20:00,Open,,10 mins
,Risk & Compliance Ops,2026-08-17T07:39:00,In progress,Liam O'Connor,1 hr 0 mins
,Risk & Compliance Ops,2026-08-17T08:16:00,Hold,Daniel Cho,17 mins
INC0010545,Access Management Team,2026-06-13T06:56:00,Open,,2 hr 5 mins
,Access Management Team,2026-06-13T07:15:00,In progress,Arjun Mehta,1 hr 30 mins
,Risk & Compliance Ops,2026-06-13T07:37:00,Open,,45mins
,Risk & Compliance Ops,2026-06-13T07:47:00,In progress,Priya Sharma,45 mins
,Risk & Compliance Ops,2026-06-13T08:18:00,Hold,Aisha Khan,45 mins
INC0010546,Payments L2 Support,2026-07-02T14:40:00,Open,,45mins
,Payments L2 Support,2026-07-02T14:51:00,In progress,Ethan Brooks,15mins
,Trade Support L2,2026-07-02T15:45:00,Open,,10 mins
,Trade Support L2,2026-07-02T15:57:00,In progress,Kenji Watanabe,2 hr 5 mins
,Trade Support L2,2026-07-02T16:51:00,Closed,James Cole,
INC0010547,L2 Team,2026-08-27T05:35:00,Open,,10 mins
,L2 Team,2026-08-27T05:46:00,In progress,Chloe Martin,1 hr 30 mins
,L3 Team,2026-08-27T06:42:00,Open,,45 mins
,L3 Team,2026-08-27T07:07:00,In progress,Carlos Mendes,35 mins
,Trade Support L2,2026-08-27T07:25:00,Open,,35mins
,Trade Support L2,2026-08-27T07:54:00,In progress,Priya Sharma,1hr 30 mins
INC0010548,Access Management Team,2026-07-07T21:17:00,Open,,17 mins
,Access Management Team,2026-07-07T21:40:00,In progress,Emily Carter,1 hr 15 mins
,L1 Service Desk,2026-07-07T22:34:00,Open,,45 mins
,L1 Service Desk,2026-07-07T22:50:00,In progress,Arjun Mehta,35 mins
,Trade Support L2,2026-07-07T23:10:00,Open,,35 mins
,Trade Support L2,2026-07-07T23:37:00,In progress,Fatima Al-Sayed,10 mins
,Trade Support L2,2026-07-08T00:07:00,Hold,Priya Sharma,15 mins
INC0010549,L2 Team,2026-07-09T03:16:00,Open,,45 mins
,L2 Team,2026-07-09T03:45:00,In progress,Nadia Rahman,45 mins
,L3 Team,2026-07-09T04:38:00,Open,,1hr 00 mins
,L3 Team,2026-07-09T04:51:00,In progress,Emily Carter,45mins
,ABAP Team,2026-07-09T05:19:00,Open,,45 mins
,ABAP Team,2026-07-09T05:43:00,In progress,Liam O'Connor,45mins
INC0010550,Payments L2 Support,2026-06-04T01:09:00,Open,,45mins
,Payments L2 Support,2026-06-04T01:36:00,In progress,Ethan Brooks,15 mins
,SD Team,2026-06-04T02:13:00,Open,,2hr 05 mins
,SD Team,2026-06-04T02:31:00,In progress,Fatima Al-Sayed,17mins
,SD Team,2026-06-04T03:00:00,Closed,Fatima Al-Sayed,
INC0010551,L1 Team,2026-08-19T11:31:00,Open,,17 mins
,L1 Team,2026-08-19T11:48:00,In progress,Ethan Brooks,15 mins
,SD Team,2026-08-19T12:34:00,Open,,45 mins
,SD Team,2026-08-19T13:02:00,In progress,Kenji Watanabe,45 mins
,SD Team,2026-08-19T13:20:00,Closed,Liam O'Connor,
INC0010552,L1 Service Desk,2026-08-17T02:50:00,Open,,1hr 00 mins
,L1 Service Desk,2026-08-17T03:01:00,In progress,Nadia Rahman,35 mins
,L1 Team,2026-08-17T03:27:00,Open,,2hr 13 mins
,L1 Team,2026-08-17T03:54:00,In progress,Arjun Mehta,2hr 13 mins
,MM Team,2026-08-17T04:11:00,Open,,45 mins
,MM Team,2026-08-17T04:40:00,In progress,Sofia Rossi,45mins
,MM Team,2026-08-17T05:08:00,Hold,Sofia Rossi,2hr 05 mins
INC0010553,Access Management Team,2026-08-17T18:53:00,Open,,1hr 30 mins
,Access Management Team,2026-08-17T19:12:00,In progress,Ethan Brooks,1hr 15 mins
,ABAP Team,2026-08-17T20:03:00,Open,,1hr 30 mins
,ABAP Team,2026-08-17T20:18:00,In progress,Daniel Cho,35 mins
,ABAP Team,2026-08-17T20:33:00,Closed,Wei Zhang,
INC0010554,L2 Team,2026-07-21T16:01:00,Open,,45 mins
,L2 Team,2026-07-21T16:29:00,In progress,Carlos Mendes,45 mins
,Risk & Compliance Ops,2026-07-21T17:26:00,Open,,2 hr 13 mins
,Risk & Compliance Ops,2026-07-21T17:36:00,In progress,James Cole,45mins
INC0010555,Access Management Team,2026-08-27T18:53:00,Open,,1hr 15 mins
,Access Management Team,2026-08-27T19:03:00,In progress,Ethan Brooks,10 mins
,L3 Team,2026-08-27T19:48:00,Open,,2 hr 13 mins
,L3 Team,2026-08-27T20:04:00,In progress,Noah Williams,45mins
,FI Team,2026-08-27T20:54:00,Open,,15 mins
,FI Team,2026-08-27T21:09:00,In progress,Liam O'Connor,45 mins
INC0010556,L2 Team,2026-08-25T13:57:00,Open,,17 mins
,L2 Team,2026-08-25T14:26:00,In progress,Carlos Mendes,15mins
,Trade Support L2,2026-08-25T14:43:00,Open,,1hr 30 mins
,Trade Support L2,2026-08-25T15:11:00,In progress,Sofia Rossi,10mins
INC0010557,Core Banking L3,2026-08-23T05:41:00,Open,,45 mins
,Core Banking L3,2026-08-23T06:02:00,In progress,Emily Carter,2 hr 5 mins
,SD Team,2026-08-23T06:39:00,Open,,1hr 30 mins
,SD Team,2026-08-23T06:52:00,In progress,Daniel Cho,15 mins
INC0010558,Payments L2 Support,2026-08-14T03:20:00,Open,,1 hr 0 mins
,Payments L2 Support,2026-08-14T03:50:00,In progress,Omar Siddiqui,45 mins
,L3 Team,2026-08-14T04:06:00,Open,,45mins
,L3 Team,2026-08-14T04:27:00,In progress,Hannah Lee,1 hr 0 mins
,Trade Support L2,2026-08-14T05:05:00,Open,,45mins
,Trade Support L2,2026-08-14T05:15:00,In progress,Maria Silva,10 mins
INC0010559,L1 Team,2026-08-13T16:06:00,Open,,35 mins
,L1 Team,2026-08-13T16:32:00,In progress,Mei Tan,2 hr 5 mins
,Risk & Compliance Ops,2026-08-13T17:09:00,Open,,1 hr 0 mins
,Risk & Compliance Ops,2026-08-13T17:20:00,In progress,Wei Zhang,1 hr 0 mins
,Risk & Compliance Ops,2026-08-13T17:40:00,Closed,James Cole,
INC0010560,Payments L2 Support,2026-08-26T11:15:00,Open,,1 hr 30 mins
,Payments L2 Support,2026-08-26T11:44:00,In progress,Mei Tan,1hr 30 mins
,Core Banking L3,2026-08-26T12:19:00,Open,,45 mins
,Core Banking L3,2026-08-26T12:47:00,In progress,Carlos Mendes,45 mins
,ABAP Team,2026-08-26T13:25:00,Open,,45mins
,ABAP Team,2026-08-26T13:38:00,In progress,Aisha Khan,1 hr 15 mins
INC0010561,L1 Team,2026-06-03T05:17:00,Open,,1 hr 30 mins
,L1 Team,2026-06-03T05:38:00,In progress,Nadia Rahman,1hr 15 mins
,L3 Team,2026-06-03T06:07:00,Open,,2 hr 5 mins
,L3 Team,2026-06-03T06:34:00,In progress,Omar Siddiqui,1 hr 0 mins
,Risk & Compliance Ops,2026-06-03T07:26:00,Open,,2hr 05 mins
,Risk & Compliance Ops,2026-06-03T07:45:00,In progress,Sofia Rossi,45 mins
,Risk & Compliance Ops,2026-06-03T08:05:00,Hold,Kenji Watanabe,1 hr 0 mins
INC0010562,Core Banking L3,2026-08-13T03:02:00,Open,,1 hr 15 mins
,Core Banking L3,2026-08-13T03:17:00,In progress,Noah Williams,45mins
,L2 Team,2026-08-13T04:17:00,Open,,1 hr 15 mins
,L2 Team,2026-08-13T04:30:00,In progress,Noah Williams,10 mins
,FI Team,2026-08-13T04:46:00,Open,,15 mins
,FI Team,2026-08-13T05:12:00,In progress,Daniel Cho,1hr 00 mins
,FI Team,2026-08-13T05:49:00,Hold,Wei Zhang,1 hr 0 mins
INC0010563,Core Banking L3,2026-08-26T19:45:00,Open,,15 mins
,Core Banking L3,2026-08-26T20:05:00,In progress,Mei Tan,2 hr 5 mins
,SD Team,2026-08-26T20:26:00,Open,,10 mins
,SD Team,2026-08-26T20:47:00,In progress,Kenji Watanabe,2hr 13 mins
,SD Team,2026-08-26T21:29:00,Closed,Daniel Cho,
INC0010564,Core Banking L3,2026-05-17T23:04:00,Open,,2 hr 5 mins
,Core Banking L3,2026-05-17T23:16:00,In progress,Noah Williams,10mins
,FI Team,2026-05-18T00:08:00,Open,,2hr 13 mins
,FI Team,2026-05-18T00:30:00,In progress,Daniel Cho,17mins
INC0010565,Access Management Team,2026-07-20T08:21:00,Open,,45 mins
,Access Management Team,2026-07-20T08:41:00,In progress,Omar Siddiqui,1 hr 30 mins
,L1 Team,2026-07-20T09:33:00,Open,,1hr 30 mins
,L1 Team,2026-07-20T09:52:00,In progress,Hannah Lee,17 mins
,FI Team,2026-07-20T10:09:00,Open,,35 mins
,FI Team,2026-07-20T10:35:00,In progress,Liam O'Connor,2 hr 5 mins
,FI Team,2026-07-20T11:10:00,Closed,James Cole,
INC0010566,L2 Team,2026-07-27T05:11:00,Open,,45 mins
,L2 Team,2026-07-27T05:35:00,In progress,Hannah Lee,17 mins
,L1 Team,2026-07-27T06:06:00,Open,,2 hr 5 mins
,L1 Team,2026-07-27T06:23:00,In progress,Noah Williams,15 mins
,SD Team,2026-07-27T07:13:00,Open,,17 mins
,SD Team,2026-07-27T07:42:00,In progress,Priya Sharma,1 hr 30 mins
,SD Team,2026-07-27T08:09:00,Closed,Priya Sharma,
INC0010567,L3 Team,2026-05-20T14:34:00,Open,,45mins
,L3 Team,2026-05-20T14:57:00,In progress,Chloe Martin,1 hr 30 mins
,FI Team,2026-05-20T15:41:00,Open,,15mins
,FI Team,2026-05-20T15:54:00,In progress,Fatima Al-Sayed,1hr 00 mins
INC0010568,Access Management Team,2026-06-09T21:00:00,Open,,45mins
,Access Management Team,2026-06-09T21:13:00,In progress,Hannah Lee,15mins
,FI Team,2026-06-09T21:42:00,Open,,45 mins
,FI Team,2026-06-09T22:08:00,In progress,Sofia Rossi,1 hr 15 mins
,FI Team,2026-06-09T22:55:00,Closed,Sofia Rossi,
INC0010569,L1 Team,2026-07-07T03:29:00,Open,,1hr 30 mins
,L1 Team,2026-07-07T03:45:00,In progress,Arjun Mehta,2 hr 13 mins
,L1 Service Desk,2026-07-07T04:00:00,Open,,35 mins
,L1 Service Desk,2026-07-07T04:28:00,In progress,Nadia Rahman,2 hr 13 mins
,ABAP Team,2026-07-07T04:59:00,Open,,1 hr 15 mins
,ABAP Team,2026-07-07T05:24:00,In progress,Liam O'Connor,17 mins
INC0010570,Payments L2 Support,2026-06-18T18:54:00,Open,,35 mins
,Payments L2 Support,2026-06-18T19:17:00,In progress,Noah Williams,1 hr 30 mins
,Trade Support L2,2026-06-18T19:45:00,Open,,10 mins
,Trade Support L2,2026-06-18T20:03:00,In progress,Fatima Al-Sayed,1 hr 0 mins
,Trade Support L2,2026-06-18T20:55:00,Closed,Aisha Khan,
INC0010571,L1 Service Desk,2026-08-26T07:17:00,Open,,17 mins
,L1 Service Desk,2026-08-26T07:34:00,In progress,Carlos Mendes,2hr 13 mins
,Payments L2 Support,2026-08-26T08:20:00,Open,,2hr 13 mins
,Payments L2 Support,2026-08-26T08:49:00,In progress,Hannah Lee,1hr 30 mins
,Trade Support L2,2026-08-26T09:22:00,Open,,15 mins
,Trade Support L2,2026-08-26T09:45:00,In progress,Sofia Rossi,35mins
INC0010572,L2 Team,2026-06-25T21:09:00,Open,,45mins
,L2 Team,2026-06-25T21:22:00,In progress,Omar Siddiqui,17 mins
,MM Team,2026-06-25T22:08:00,Open,,2 hr 13 mins
,MM Team,2026-06-25T22:18:00,In progress,Liam O'Connor,45mins
,MM Team,2026-06-25T22:46:00,Hold,Kenji Watanabe,10mins
INC0010573,Core Banking L3,2026-08-22T11:10:00,Open,,1hr 00 mins
,Core Banking L3,2026-08-22T11:33:00,In progress,Arjun Mehta,45 mins
,L3 Team,2026-08-22T12:02:00,Open,,45mins
,L3 Team,2026-08-22T12:13:00,In progress,Chloe Martin,35mins
,MM Team,2026-08-22T12:38:00,Open,,2 hr 13 mins
,MM Team,2026-08-22T13:07:00,In progress,Fatima Al-Sayed,45 mins
,MM Team,2026-08-22T14:00:00,Hold,Daniel Cho,10mins
INC0010574,L1 Team,2026-05-21T15:52:00,Open,,45mins
,L1 Team,2026-05-21T16:04:00,In progress,Mei Tan,35 mins
,Core Banking L3,2026-05-21T16:53:00,Open,,35 mins
,Core Banking L3,2026-05-21T17:20:00,In progress,Carlos Mendes,45 mins
,SD Team,2026-05-21T17:58:00,Open,,35mins
,SD Team,2026-05-21T18:15:00,In progress,Priya Sharma,10 mins
INC0010575,Payments L2 Support,2026-05-16T09:47:00,Open,,1 hr 15 mins
,Payments L2 Support,2026-05-16T10:02:00,In progress,Arjun Mehta,35mins
,MM Team,2026-05-16T11:01:00,Open,,45mins
,MM Team,2026-05-16T11:14:00,In progress,Kenji Watanabe,2hr 13 mins
INC0010576,Access Management Team,2026-08-08T00:46:00,Open,,15mins
,Access Management Team,2026-08-08T01:09:00,In progress,Arjun Mehta,1 hr 30 mins
,L1 Team,2026-08-08T01:33:00,Open,,15mins
,L1 Team,2026-08-08T02:01:00,In progress,Carlos Mendes,2hr 05 mins
,ABAP Team,2026-08-08T02:36:00,Open,,10 mins
,ABAP Team,2026-08-08T02:54:00,In progress,Maria Silva,35 mins
INC0010577,L1 Service Desk,2026-08-20T02:29:00,Open,,15 mins
,L1 Service Desk,2026-08-20T02:52:00,In progress,Chloe Martin,45mins
,L3 Team,2026-08-20T03:41:00,Open,,1 hr 30 mins
,L3 Team,2026-08-20T04:03:00,In progress,Mei Tan,1 hr 15 mins
,MM Team,2026-08-20T04:43:00,Open,,1 hr 30 mins
,MM Team,2026-08-20T04:56:00,In progress,Maria Silva,35mins
,MM Team,2026-08-20T05:12:00,Closed,Kenji Watanabe,
INC0010578,L3 Team,2026-08-19T13:14:00,Open,,15mins
,L3 Team,2026-08-19T13:33:00,In progress,Hannah Lee,17mins
,L1 Service Desk,2026-08-19T13:53:00,Open,,15mins
,L1 Service Desk,2026-08-19T14:08:00,In progress,Nadia Rahman,1 hr 15 mins
,Risk & Compliance Ops,2026-08-19T14:38:00,Open,,1 hr 0 mins
,Risk & Compliance Ops,2026-08-19T15:03:00,In progress,Daniel Cho,2 hr 5 mins
INC0010579,L3 Team,2026-08-02T23:37:00,Open,,45 mins
,L3 Team,2026-08-02T23:48:00,In progress,Hannah Lee,2 hr 5 mins
,L1 Service Desk,2026-08-03T00:29:00,Open,,10 mins
,L1 Service Desk,2026-08-03T00:45:00,In progress,Ethan Brooks,1 hr 15 mins
,SD Team,2026-08-03T01:31:00,Open,,2 hr 13 mins
,SD Team,2026-08-03T01:51:00,In progress,James Cole,1 hr 15 mins
INC0010580,L1 Team,2026-08-11T15:46:00,Open,,15 mins
,L1 Team,2026-08-11T16:00:00,In progress,Noah Williams,1 hr 30 mins
,MM Team,2026-08-11T16:22:00,Open,,1 hr 15 mins
,MM Team,2026-08-11T16:33:00,In progress,Kenji Watanabe,1 hr 15 mins
INC0010581,L2 Team,2026-08-11T10:01:00,Open,,1hr 00 mins
,L2 Team,2026-08-11T10:11:00,In progress,Omar Siddiqui,45mins
,Core Banking L3,2026-08-11T11:09:00,Open,,45mins
,Core Banking L3,2026-08-11T11:29:00,In progress,Hannah Lee,2 hr 5 mins
,Risk & Compliance Ops,2026-08-11T11:54:00,Open,,1 hr 30 mins
,Risk & Compliance Ops,2026-08-11T12:10:00,In progress,Fatima Al-Sayed,45mins
INC0010582,L1 Service Desk,2026-07-18T16:00:00,Open,,45mins
,L1 Service Desk,2026-07-18T16:14:00,In progress,Omar Siddiqui,1 hr 15 mins
,Access Management Team,2026-07-18T16:49:00,Open,,1 hr 0 mins
,Access Management Team,2026-07-18T17:03:00,In progress,Arjun Mehta,45mins
,FI Team,2026-07-18T17:30:00,Open,,15mins
,FI Team,2026-07-18T17:54:00,In progress,Sofia Rossi,15 mins
INC0010583,Payments L2 Support,2026-07-10T15:17:00,Open,,45mins
,Payments L2 Support,2026-07-10T15:44:00,In progress,Hannah Lee,2 hr 13 mins
,L2 Team,2026-07-10T16:11:00,Open,,45 mins
,L2 Team,2026-07-10T16:34:00,In progress,Carlos Mendes,45mins
,ABAP Team,2026-07-10T17:14:00,Open,,1 hr 30 mins
,ABAP Team,2026-07-10T17:44:00,In progress,Aisha Khan,15mins
,ABAP Team,2026-07-10T18:08:00,Closed,James Cole,
INC0010584,L2 Team,2026-08-27T15:44:00,Open,,15 mins
,L2 Team,2026-08-27T16:10:00,In progress,Chloe Martin,45mins
,L3 Team,2026-08-27T17:02:00,Open,,2hr 05 mins
,L3 Team,2026-08-27T17:31:00,In progress,Ethan Brooks,35 mins
,Risk & Compliance Ops,2026-08-27T17:46:00,Open,,35 mins
,Risk & Compliance Ops,2026-08-27T18:15:00,In progress,Wei Zhang,17 mins
,Risk & Compliance Ops,2026-08-27T19:00:00,Closed,Priya Sharma,
INC0010585,L1 Team,2026-08-09T13:38:00,Open,,1hr 30 mins
,L1 Team,2026-08-09T14:01:00,In progress,Chloe Martin,45 mins
,FI Team,2026-08-09T14:48:00,Open,,35mins
,FI Team,2026-08-09T15:10:00,In progress,Wei Zhang,1 hr 0 mins
,FI Team,2026-08-09T15:55:00,Closed,Wei Zhang,
INC0010586,Payments L2 Support,2026-08-27T08:55:00,Open,,35 mins
,Payments L2 Support,2026-08-27T09:25:00,In progress,Noah Williams,1 hr 0 mins
,L1 Team,2026-08-27T10:08:00,Open,,1 hr 15 mins
,L1 Team,2026-08-27T10:26:00,In progress,Mei Tan,1 hr 0 mins
,Risk & Compliance Ops,2026-08-27T11:03:00,Open,,45 mins
,Risk & Compliance Ops,2026-08-27T11:24:00,In progress,Kenji Watanabe,35mins
INC0010587,L1 Service Desk,2026-07-21T22:16:00,Open,,17mins
,L1 Service Desk,2026-07-21T22:26:00,In progress,Nadia Rahman,1hr 15 mins
,SD Team,2026-07-21T23:14:00,Open,,2hr 05 mins
,SD Team,2026-07-21T23:34:00,In progress,Wei Zhang,45 mins
INC0010588,Payments L2 Support,2026-08-24T15:15:00,Open,,10mins
,Payments L2 Support,2026-08-24T15:33:00,In progress,Chloe Martin,10mins
,SD Team,2026-08-24T16:33:00,Open,,2 hr 13 mins
,SD Team,2026-08-24T17:01:00,In progress,Priya Sharma,1 hr 15 mins
INC0010589,L1 Service Desk,2026-07-22T20:03:00,Open,,2 hr 13 mins
,L1 Service Desk,2026-07-22T20:16:00,In progress,Emily Carter,10mins
,L2 Team,2026-07-22T21:16:00,Open,,17mins
,L2 Team,2026-07-22T21:31:00,In progress,Nadia Rahman,15 mins
,MM Team,2026-07-22T21:53:00,Open,,2 hr 13 mins
,MM Team,2026-07-22T22:04:00,In progress,Sofia Rossi,15mins
INC0010590,Core Banking L3,2026-06-09T14:53:00,Open,,10 mins
,Core Banking L3,2026-06-09T15:13:00,In progress,Noah Williams,2 hr 5 mins
,Risk & Compliance Ops,2026-06-09T15:51:00,Open,,2hr 13 mins
,Risk & Compliance Ops,2026-06-09T16:14:00,In progress,Priya Sharma,15 mins
,Risk & Compliance Ops,2026-06-09T17:01:00,Hold,Wei Zhang,45 mins
INC0010591,L1 Team,2026-08-25T10:17:00,Open,,35mins
,L1 Team,2026-08-25T10:43:00,In progress,Arjun Mehta,45 mins
,L3 Team,2026-08-25T11:33:00,Open,,45 mins
,L3 Team,2026-08-25T11:53:00,In progress,Emily Carter,2hr 05 mins
,Risk & Compliance Ops,2026-08-25T12:13:00,Open,,15 mins
,Risk & Compliance Ops,2026-08-25T12:25:00,In progress,Wei Zhang,45mins
INC0010592,Access Management Team,2026-08-25T02:38:00,Open,,10 mins
,Access Management Team,2026-08-25T03:08:00,In progress,Emily Carter,35 mins
,FI Team,2026-08-25T04:06:00,Open,,35mins
,FI Team,2026-08-25T04:20:00,In progress,Liam O'Connor,10 mins
,FI Team,2026-08-25T05:20:00,Hold,Liam O'Connor,17 mins
INC0010593,L1 Service Desk,2026-05-25T08:37:00,Open,,45 mins
,L1 Service Desk,2026-05-25T08:52:00,In progress,Carlos Mendes,1hr 15 mins
,L2 Team,2026-05-25T09:12:00,Open,,1hr 15 mins
,L2 Team,2026-05-25T09:40:00,In progress,Mei Tan,1 hr 15 mins
,FI Team,2026-05-25T10:38:00,Open,,10mins
,FI Team,2026-05-25T11:00:00,In progress,Wei Zhang,1 hr 30 mins
,FI Team,2026-05-25T11:28:00,Closed,Kenji Watanabe,
INC0010594,L2 Team,2026-07-07T01:23:00,Open,,1 hr 30 mins
,L2 Team,2026-07-07T01:41:00,In progress,Emily Carter,1 hr 30 mins
,L3 Team,2026-07-07T02:12:00,Open,,35 mins
,L3 Team,2026-07-07T02:30:00,In progress,Arjun Mehta,15mins
,Trade Support L2,2026-07-07T03:27:00,Open,,1 hr 15 mins
,Trade Support L2,2026-07-07T03:51:00,In progress,James Cole,45mins
,Trade Support L2,2026-07-07T04:30:00,Hold,James Cole,10 mins
INC0010595,Access Management Team,2026-06-26T03:39:00,Open,,1hr 00 mins
,Access Management Team,2026-06-26T03:59:00,In progress,Emily Carter,17 mins
,L1 Team,2026-06-26T04:33:00,Open,,17 mins
,L1 Team,2026-06-26T05:00:00,In progress,Omar Siddiqui,10 mins
,FI Team,2026-06-26T05:54:00,Open,,2 hr 5 mins
,FI Team,2026-06-26T06:17:00,In progress,Kenji Watanabe,1 hr 15 mins
INC0010596,Payments L2 Support,2026-07-23T17:13:00,Open,,2hr 13 mins
,Payments L2 Support,2026-07-23T17:32:00,In progress,Arjun Mehta,35mins
,L3 Team,2026-07-23T17:53:00,Open,,1hr 00 mins
,L3 Team,2026-07-23T18:11:00,In progress,Mei Tan,1 hr 0 mins
,MM Team,2026-07-23T18:27:00,Open,,17 mins
,MM Team,2026-07-23T18:56:00,In progress,Fatima Al-Sayed,35mins
INC0010597,Core Banking L3,2026-07-06T17:04:00,Open,,10 mins
,Core Banking L3,2026-07-06T17:23:00,In progress,Noah Williams,45 mins
,SD Team,2026-07-06T18:03:00,Open,,10mins
,SD Team,2026-07-06T18:17:00,In progress,Aisha Khan,17 mins
INC0010598,L2 Team,2026-06-07T03:09:00,Open,,35 mins
,L2 Team,2026-06-07T03:21:00,In progress,Noah Williams,2 hr 13 mins
,FI Team,2026-06-07T03:59:00,Open,,17 mins
,FI Team,2026-06-07T04:12:00,In progress,Maria Silva,1 hr 30 mins
INC0010599,L1 Service Desk,2026-08-18T06:47:00,Open,,1hr 00 mins
,L1 Service Desk,2026-08-18T07:04:00,In progress,Emily Carter,1 hr 0 mins
,Trade Support L2,2026-08-18T07:39:00,Open,,17 mins
,Trade Support L2,2026-08-18T07:59:00,In progress,Liam O'Connor,2 hr 13 mins
,Trade Support L2,2026-08-18T08:41:00,Closed,Fatima Al-Sayed,
INC0010600,L3 Team,2026-07-06T05:41:00,Open,,2 hr 13 mins
,L3 Team,2026-07-06T06:09:00,In progress,Nadia Rahman,2 hr 5 mins
,MM Team,2026-07-06T06:39:00,Open,,45mins
,MM Team,2026-07-06T06:49:00,In progress,Fatima Al-Sayed,2hr 05 mins
INC0010601,L2 Team,2026-06-07T13:28:00,Open,,35 mins
,L2 Team,2026-06-07T13:44:00,In progress,Noah Williams,45 mins
,MM Team,2026-06-07T14:40:00,Open,,17 mins
,MM Team,2026-06-07T14:59:00,In progress,Kenji Watanabe,2hr 13 mins
INC0010602,L1 Service Desk,2026-08-24T18:20:00,Open,,1 hr 0 mins
,L1 Service Desk,2026-08-24T18:46:00,In progress,Ethan Brooks,15 mins
,L2 Team,2026-08-24T19:44:00,Open,,15mins
,L2 Team,2026-08-24T20:06:00,In progress,Emily Carter,17 mins
,FI Team,2026-08-24T20:29:00,Open,,1 hr 0 mins
,FI Team,2026-08-24T20:53:00,In progress,Priya Sharma,1 hr 15 mins
,FI Team,2026-08-24T21:50:00,Hold,Kenji Watanabe,1 hr 0 mins
INC0010603,L3 Team,2026-07-14T12:58:00,Open,,15mins
,L3 Team,2026-07-14T13:22:00,In progress,Ethan Brooks,45mins
,Core Banking L3,2026-07-14T14:00:00,Open,,15 mins
,Core Banking L3,2026-07-14T14:23:00,In progress,Chloe Martin,2 hr 13 mins
,Trade Support L2,2026-07-14T14:47:00,Open,,2hr 05 mins
,Trade Support L2,2026-07-14T15:03:00,In progress,Daniel Cho,2 hr 5 mins
INC0010604,L1 Team,2026-08-03T16:58:00,Open,,10 mins
,L1 Team,2026-08-03T17:23:00,In progress,Chloe Martin,45 mins
,L1 Service Desk,2026-08-03T18:16:00,Open,,2hr 13 mins
,L1 Service Desk,2026-08-03T18:34:00,In progress,Omar Siddiqui,45mins
,SD Team,2026-08-03T19:07:00,Open,,10mins
,SD Team,2026-08-03T19:25:00,In progress,Liam O'Connor,45 mins
,SD Team,2026-08-03T19:41:00,Closed,Liam O'Connor,
INC0010605,Payments L2 Support,2026-07-20T07:48:00,Open,,45mins
,Payments L2 Support,2026-07-20T07:59:00,In progress,Omar Siddiqui,35 mins
,ABAP Team,2026-07-20T08:19:00,Open,,17mins
,ABAP Team,2026-07-20T08:33:00,In progress,Maria Silva,1hr 00 mins
,ABAP Team,2026-07-20T09:10:00,Hold,Maria Silva,2 hr 5 mins
INC0010606,L1 Team,2026-08-18T06:52:00,Open,,45 mins
,L1 Team,2026-08-18T07:06:00,In progress,Mei Tan,2 hr 13 mins
,Access Management Team,2026-08-18T07:45:00,Open,,1 hr 30 mins
,Access Management Team,2026-08-18T07:57:00,In progress,Hannah Lee,2 hr 13 mins
,SD Team,2026-08-18T08:31:00,Open,,10 mins
,SD Team,2026-08-18T08:49:00,In progress,Wei Zhang,1 hr 0 mins
INC0010607,L3 Team,2026-05-29T20:13:00,Open,,1 hr 30 mins
,L3 Team,2026-05-29T20:24:00,In progress,Hannah Lee,2hr 05 mins
,Payments L2 Support,2026-05-29T20:52:00,Open,,1hr 00 mins
,Payments L2 Support,2026-05-29T21:07:00,In progress,Carlos Mendes,1 hr 30 mins
,Risk & Compliance Ops,2026-05-29T21:24:00,Open,,17mins
,Risk & Compliance Ops,2026-05-29T21:43:00,In progress,Fatima Al-Sayed,1 hr 0 mins
,Risk & Compliance Ops,2026-05-29T21:59:00,Hold,Wei Zhang,45 mins
INC0010608,L1 Team,2026-08-18T13:42:00,Open,,10mins
,L1 Team,2026-08-18T14:02:00,In progress,Arjun Mehta,2hr 05 mins
,L2 Team,2026-08-18T15:02:00,Open,,2hr 05 mins
,L2 Team,2026-08-18T15:30:00,In progress,Omar Siddiqui,1hr 30 mins
,FI Team,2026-08-18T16:15:00,Open,,10 mins
,FI Team,2026-08-18T16:35:00,In progress,Sofia Rossi,45 mins
,FI Team,2026-08-18T16:59:00,Closed,Maria Silva,
INC0010609,Payments L2 Support,2026-08-21T00:35:00,Open,,17mins
,Payments L2 Support,2026-08-21T00:57:00,In progress,Carlos Mendes,1 hr 0 mins
,Trade Support L2,2026-08-21T01:54:00,Open,,15mins
,Trade Support L2,2026-08-21T02:19:00,In progress,Wei Zhang,45 mins
,Trade Support L2,2026-08-21T02:47:00,Closed,Fatima Al-Sayed,
INC0010610,L3 Team,2026-08-13T13:34:00,Open,,2hr 13 mins
,L3 Team,2026-08-13T13:44:00,In progress,Omar Siddiqui,2 hr 5 mins
,Access Management Team,2026-08-13T14:38:00,Open,,45mins
,Access Management Team,2026-08-13T15:01:00,In progress,Arjun Mehta,45mins
,MM Team,2026-08-13T15:47:00,Open,,1 hr 0 mins
,MM Team,2026-08-13T16:01:00,In progress,Kenji Watanabe,2 hr 5 mins
,MM Team,2026-08-13T16:22:00,Closed,Kenji Watanabe,
INC0010611,L1 Team,2026-08-25T10:35:00,Open,,45 mins
,L1 Team,2026-08-25T10:50:00,In progress,Chloe Martin,1hr 30 mins
,Risk & Compliance Ops,2026-08-25T11:27:00,Open,,1 hr 0 mins
,Risk & Compliance Ops,2026-08-25T11:45:00,In progress,Sofia Rossi,45mins
,Risk & Compliance Ops,2026-08-25T12:06:00,Closed,Sofia Rossi,
INC0010612,L2 Team,2026-05-21T11:38:00,Open,,1hr 15 mins
,L2 Team,2026-05-21T12:02:00,In progress,Emily Carter,17 mins
,L1 Service Desk,2026-05-21T12:35:00,Open,,10mins
,L1 Service Desk,2026-05-21T12:55:00,In progress,Nadia Rahman,2 hr 13 mins
,MM Team,2026-05-21T13:34:00,Open,,1hr 00 mins
,MM Team,2026-05-21T13:57:00,In progress,Aisha Khan,2 hr 13 mins
,MM Team,2026-05-21T14:51:00,Hold,Aisha Khan,17mins
INC0010613,Payments L2 Support,2026-08-14T14:06:00,Open,,1 hr 0 mins
,Payments L2 Support,2026-08-14T14:26:00,In progress,Noah Williams,2 hr 5 mins
,Risk & Compliance Ops,2026-08-14T15:11:00,Open,,45 mins
,Risk & Compliance Ops,2026-08-14T15:40:00,In progress,Kenji Watanabe,1 hr 30 mins
,Risk & Compliance Ops,2026-08-14T16:07:00,Hold,Wei Zhang,1hr 15 mins
INC0010614,L1 Service Desk,2026-05-16T19:31:00,Open,,35 mins
,L1 Service Desk,2026-05-16T19:45:00,In progress,Arjun Mehta,35mins
,Trade Support L2,2026-05-16T20:29:00,Open,,2 hr 13 mins
,Trade Support L2,2026-05-16T20:53:00,In progress,Aisha Khan,17 mins
INC0010615,Access Management Team,2026-05-27T09:09:00,Open,,45 mins
,Access Management Team,2026-05-27T09:26:00,In progress,Emily Carter,10mins
,Risk & Compliance Ops,2026-05-27T09:43:00,Open,,1 hr 0 mins
,Risk & Compliance Ops,2026-05-27T10:08:00,In progress,Kenji Watanabe,15 mins
,Risk & Compliance Ops,2026-05-27T10:39:00,Hold,Daniel Cho,15mins
INC0010616,L1 Service Desk,2026-05-12T01:54:00,Open,,10 mins
,L1 Service Desk,2026-05-12T02:16:00,In progress,Arjun Mehta,45 mins
,MM Team,2026-05-12T03:16:00,Open,,2 hr 13 mins
,MM Team,2026-05-12T03:40:00,In progress,Kenji Watanabe,15 mins
,MM Team,2026-05-12T04:04:00,Closed,Liam O'Connor,
INC0010617,Core Banking L3,2026-06-03T03:09:00,Open,,45 mins
,Core Banking L3,2026-06-03T03:29:00,In progress,Ethan Brooks,35 mins
,FI Team,2026-06-03T03:57:00,Open,,45mins
,FI Team,2026-06-03T04:09:00,In progress,Maria Silva,1 hr 15 mins
INC0010618,L3 Team,2026-06-19T20:53:00,Open,,45 mins
,L3 Team,2026-06-19T21:11:00,In progress,Arjun Mehta,17 mins
,Core Banking L3,2026-06-19T21:59:00,Open,,45 mins
,Core Banking L3,2026-06-19T22:16:00,In progress,Omar Siddiqui,45 mins
,MM Team,2026-06-19T23:16:00,Open,,2hr 13 mins
,MM Team,2026-06-19T23:41:00,In progress,Maria Silva,2hr 13 mins
INC0010619,L2 Team,2026-07-27T13:36:00,Open,,45 mins
,L2 Team,2026-07-27T13:54:00,In progress,Nadia Rahman,10 mins
,Risk & Compliance Ops,2026-07-27T14:46:00,Open,,2 hr 5 mins
,Risk & Compliance Ops,2026-07-27T15:04:00,In progress,Kenji Watanabe,1 hr 30 mins
INC0010620,L1 Service Desk,2026-07-08T14:35:00,Open,,45mins
,L1 Service Desk,2026-07-08T14:49:00,In progress,Mei Tan,45mins
,Payments L2 Support,2026-07-08T15:27:00,Open,,1hr 00 mins
,Payments L2 Support,2026-07-08T15:57:00,In progress,Hannah Lee,1hr 30 mins
,FI Team,2026-07-08T16:23:00,Open,,1 hr 0 mins
,FI Team,2026-07-08T16:35:00,In progress,Sofia Rossi,35 mins
INC0010621,L2 Team,2026-06-10T22:19:00,Open,,2 hr 5 mins
,L2 Team,2026-06-10T22:32:00,In progress,Nadia Rahman,45 mins
,SD Team,2026-06-10T23:16:00,Open,,2 hr 13 mins
,SD Team,2026-06-10T23:42:00,In progress,Aisha Khan,45mins
,SD Team,2026-06-10T23:59:00,Hold,Fatima Al-Sayed,15 mins
INC0010622,L3 Team,2026-07-26T19:36:00,Open,,1 hr 30 mins
,L3 Team,2026-07-26T20:03:00,In progress,Arjun Mehta,1 hr 15 mins
,Risk & Compliance Ops,2026-07-26T20:51:00,Open,,45mins
,Risk & Compliance Ops,2026-07-26T21:06:00,In progress,Aisha Khan,35mins
INC0010623,L1 Team,2026-08-09T18:52:00,Open,,45mins
,L1 Team,2026-08-09T19:10:00,In progress,Nadia Rahman,35mins
,Risk & Compliance Ops,2026-08-09T19:29:00,Open,,17mins
,Risk & Compliance Ops,2026-08-09T19:48:00,In progress,Priya Sharma,35 mins
,Risk & Compliance Ops,2026-08-09T20:18:00,Closed,Fatima Al-Sayed,
INC0010624,L1 Service Desk,2026-05-16T11:47:00,Open,,10 mins
,L1 Service Desk,2026-05-16T12:17:00,In progress,Noah Williams,1 hr 15 mins
,L1 Team,2026-05-16T13:00:00,Open,,15 mins
,L1 Team,2026-05-16T13:16:00,In progress,Noah Williams,2 hr 5 mins
,Risk & Compliance Ops,2026-05-16T14:09:00,Open,,2 hr 5 mins
,Risk & Compliance Ops,2026-05-16T14:37:00,In progress,Kenji Watanabe,15mins
INC0010625,Payments L2 Support,2026-05-20T19:02:00,Open,,2hr 05 mins
,Payments L2 Support,2026-05-20T19:12:00,In progress,Chloe Martin,2hr 05 mins
,Trade Support L2,2026-05-20T19:58:00,Open,,45mins
,Trade Support L2,2026-05-20T20:23:00,In progress,Daniel Cho,45mins
,Trade Support L2,2026-05-20T20:57:00,Hold,Liam O'Connor,1 hr 30 mins
INC0010626,Core Banking L3,2026-06-21T06:30:00,Open,,45mins
,Core Banking L3,2026-06-21T06:54:00,In progress,Mei Tan,17 mins
,Payments L2 Support,2026-06-21T07:09:00,Open,,45mins
,Payments L2 Support,2026-06-21T07:34:00,In progress,Noah Williams,15 mins
,Risk & Compliance Ops,2026-06-21T08:32:00,Open,,1hr 15 mins
,Risk & Compliance Ops,2026-06-21T09:02:00,In progress,Daniel Cho,17 mins
INC0010627,L2 Team,2026-06-15T21:53:00,Open,,1hr 30 mins
,L2 Team,2026-06-15T22:13:00,In progress,Ethan Brooks,15mins
,SD Team,2026-06-15T22:47:00,Open,,35mins
,SD Team,2026-06-15T23:01:00,In progress,Sofia Rossi,17 mins
,SD Team,2026-06-15T23:41:00,Closed,Wei Zhang,
INC0010628,L3 Team,2026-05-23T15:32:00,Open,,1 hr 15 mins
,L3 Team,2026-05-23T16:01:00,In progress,Omar Siddiqui,45 mins
,Risk & Compliance Ops,2026-05-23T16:32:00,Open,,45 mins
,Risk & Compliance Ops,2026-05-23T16:46:00,In progress,Fatima Al-Sayed,45mins
INC0010629,L3 Team,2026-06-16T23:07:00,Open,,1hr 00 mins
,L3 Team,2026-06-16T23:17:00,In progress,Omar Siddiqui,10 mins
,L1 Service Desk,2026-06-16T23:54:00,Open,,2 hr 13 mins
,L1 Service Desk,2026-06-17T00:18:00,In progress,Carlos Mendes,10mins
,Risk & Compliance Ops,2026-06-17T00:45:00,Open,,45 mins
,Risk & Compliance Ops,2026-06-17T01:06:00,In progress,Priya Sharma,1hr 00 mins
INC0010630,Access Management Team,2026-08-02T01:02:00,Open,,2 hr 5 mins
,Access Management Team,2026-08-02T01:26:00,In progress,Carlos Mendes,15 mins
,FI Team,2026-08-02T01:56:00,Open,,1 hr 15 mins
,FI Team,2026-08-02T02:24:00,In progress,Sofia Rossi,10mins
INC0010631,L2 Team,2026-06-05T09:58:00,Open,,2hr 05 mins
,L2 Team,2026-06-05T10:09:00,In progress,Hannah Lee,2hr 13 mins
,L3 Team,2026-06-05T10:41:00,Open,,1hr 30 mins
,L3 Team,2026-06-05T11:05:00,In progress,Emily Carter,1 hr 15 mins
,Risk & Compliance Ops,2026-06-05T11:24:00,Open,,1 hr 0 mins
,Risk & Compliance Ops,2026-06-05T11:38:00,In progress,Fatima Al-Sayed,45mins
INC0010632,L1 Service Desk,2026-08-19T13:15:00,Open,,45mins
,L1 Service Desk,2026-08-19T13:42:00,In progress,Carlos Mendes,1 hr 30 mins
,FI Team,2026-08-19T14:15:00,Open,,17 mins
,FI Team,2026-08-19T14:35:00,In progress,Sofia Rossi,1 hr 15 mins
,FI Team,2026-08-19T15:03:00,Hold,Wei Zhang,45 mins
INC0010633,L3 Team,2026-07-19T11:34:00,Open,,2 hr 13 mins
,L3 Team,2026-07-19T11:52:00,In progress,Arjun Mehta,17 mins
,Access Management Team,2026-07-19T12:48:00,Open,,1hr 00 mins
,Access Management Team,2026-07-19T13:10:00,In progress,Arjun Mehta,1 hr 30 mins
,FI Team,2026-07-19T13:57:00,Open,,2hr 05 mins
,FI Team,2026-07-19T14:08:00,In progress,Daniel Cho,45mins
INC0010634,Payments L2 Support,2026-08-18T00:16:00,Open,,15mins
,Payments L2 Support,2026-08-18T00:28:00,In progress,Mei Tan,15mins
,L3 Team,2026-08-18T00:53:00,Open,,1 hr 30 mins
,L3 Team,2026-08-18T01:21:00,In progress,Carlos Mendes,15mins
,Trade Support L2,2026-08-18T02:03:00,Open,,1hr 15 mins
,Trade Support L2,2026-08-18T02:17:00,In progress,Sofia Rossi,15 mins
,Trade Support L2,2026-08-18T03:13:00,Closed,Fatima Al-Sayed,
INC0010635,Payments L2 Support,2026-05-20T20:54:00,Open,,1 hr 0 mins
,Payments L2 Support,2026-05-20T21:16:00,In progress,Arjun Mehta,2hr 05 mins
,Core Banking L3,2026-05-20T21:32:00,Open,,10 mins
,Core Banking L3,2026-05-20T21:52:00,In progress,Hannah Lee,35mins
,Trade Support L2,2026-05-20T22:50:00,Open,,1hr 30 mins
,Trade Support L2,2026-05-20T23:20:00,In progress,Aisha Khan,2hr 05 mins
,Trade Support L2,2026-05-21T00:20:00,Closed,Fatima Al-Sayed,
INC0010636,Access Management Team,2026-06-02T06:34:00,Open,,35 mins
,Access Management Team,2026-06-02T06:49:00,In progress,Nadia Rahman,1 hr 30 mins
,FI Team,2026-06-02T07:06:00,Open,,1hr 30 mins
,FI Team,2026-06-02T07:18:00,In progress,Sofia Rossi,45 mins
,FI Team,2026-06-02T08:15:00,Closed,Aisha Khan,
INC0010637,L2 Team,2026-08-16T07:56:00,Open,,35 mins
,L2 Team,2026-08-16T08:17:00,In progress,Arjun Mehta,17 mins
,L1 Service Desk,2026-08-16T08:39:00,Open,,1 hr 0 mins
,L1 Service Desk,2026-08-16T09:03:00,In progress,Nadia Rahman,1 hr 0 mins
,SD Team,2026-08-16T09:46:00,Open,,35 mins
,SD Team,2026-08-16T10:08:00,In progress,Sofia Rossi,15 mins
INC0010638,L2 Team,2026-06-06T04:01:00,Open,,15 mins
,L2 Team,2026-06-06T04:30:00,In progress,Hannah Lee,45 mins
,FI Team,2026-06-06T04:57:00,Open,,15mins
,FI Team,2026-06-06T05:18:00,In progress,Sofia Rossi,1 hr 30 mins
INC0010639,L1 Team,2026-07-11T17:46:00,Open,,1hr 00 mins
,L1 Team,2026-07-11T17:59:00,In progress,Carlos Mendes,15 mins
,MM Team,2026-07-11T18:55:00,Open,,15mins
,MM Team,2026-07-11T19:25:00,In progress,Kenji Watanabe,1 hr 15 mins
INC0010640,L1 Team,2026-08-27T09:23:00,Open,,17mins
,L1 Team,2026-08-27T09:33:00,In progress,Noah Williams,1 hr 30 mins
,L2 Team,2026-08-27T09:56:00,Open,,1 hr 15 mins
,L2 Team,2026-08-27T10:07:00,In progress,Mei Tan,35mins
,FI Team,2026-08-27T11:04:00,Open,,2hr 05 mins
,FI Team,2026-08-27T11:19:00,In progress,Maria Silva,17mins
INC0010641,L3 Team,2026-08-07T14:20:00,Open,,17 mins
,L3 Team,2026-08-07T14:45:00,In progress,Nadia Rahman,45 mins
,ABAP Team,2026-08-07T15:40:00,Open,,45mins
,ABAP Team,2026-08-07T16:00:00,In progress,James Cole,10 mins
INC0010642,L1 Team,2026-08-06T23:02:00,Open,,1 hr 0 mins
,L1 Team,2026-08-06T23:29:00,In progress,Omar Siddiqui,2 hr 5 mins
,Core Banking L3,2026-08-07T00:17:00,Open,,17 mins
,Core Banking L3,2026-08-07T00:30:00,In progress,Arjun Mehta,45 mins
,FI Team,2026-08-07T00:50:00,Open,,15 mins
,FI Team,2026-08-07T01:15:00,In progress,Fatima Al-Sayed,1 hr 0 mins
INC0010643,Access Management Team,2026-08-17T09:56:00,Open,,2 hr 13 mins
,Access Management Team,2026-08-17T10:15:00,In progress,Chloe Martin,1hr 15 mins
,Risk & Compliance Ops,2026-08-17T10:38:00,Open,,1hr 30 mins
,Risk & Compliance Ops,2026-08-17T11:07:00,In progress,Maria Silva,15 mins
INC0010644,L2 Team,2026-08-25T01:04:00,Open,,1 hr 30 mins
,L2 Team,2026-08-25T01:18:00,In progress,Nadia Rahman,2 hr 13 mins
,FI Team,2026-08-25T01:39:00,Open,,45mins
,FI Team,2026-08-25T01:52:00,In progress,Priya Sharma,45 mins
,FI Team,2026-08-25T02:49:00,Closed,Priya Sharma,
INC0010645,Access Management Team,2026-07-02T21:11:00,Open,,1hr 00 mins
,Access Management Team,2026-07-02T21:25:00,In progress,Arjun Mehta,1 hr 0 mins
,L2 Team,2026-07-02T21:43:00,Open,,35 mins
,L2 Team,2026-07-02T21:53:00,In progress,Hannah Lee,10 mins
,SD Team,2026-07-02T22:18:00,Open,,10mins
,SD Team,2026-07-02T22:43:00,In progress,Maria Silva,45 mins
INC0010646,L1 Service Desk,2026-05-25T03:57:00,Open,,2hr 05 mins
,L1 Service Desk,2026-05-25T04:24:00,In progress,Chloe Martin,15mins
,L2 Team,2026-05-25T04:56:00,Open,,2 hr 13 mins
,L2 Team,2026-05-25T05:16:00,In progress,Hannah Lee,17 mins
,MM Team,2026-05-25T05:52:00,Open,,1 hr 15 mins
,MM Team,2026-05-25T06:16:00,In progress,James Cole,2hr 13 mins
,MM Team,2026-05-25T07:04:00,Closed,James Cole,
INC0010647,Core Banking L3,2026-05-23T03:44:00,Open,,17 mins
,Core Banking L3,2026-05-23T04:01:00,In progress,Chloe Martin,15 mins
,L1 Team,2026-05-23T04:51:00,Open,,45 mins
,L1 Team,2026-05-23T05:12:00,In progress,Carlos Mendes,1hr 15 mins
,Risk & Compliance Ops,2026-05-23T06:02:00,Open,,15mins
,Risk & Compliance Ops,2026-05-23T06:17:00,In progress,Priya Sharma,1 hr 30 mins
,Risk & Compliance Ops,2026-05-23T06:41:00,Closed,Liam O'Connor,
INC0010648,Core Banking L3,2026-07-03T17:30:00,Open,,45mins
,Core Banking L3,2026-07-03T17:59:00,In progress,Mei Tan,1 hr 30 mins
,Trade Support L2,2026-07-03T18:48:00,Open,,35mins
,Trade Support L2,2026-07-03T19:14:00,In progress,Wei Zhang,45 mins
INC0010649,Core Banking L3,2026-08-24T07:06:00,Open,,2 hr 5 mins
,Core Banking L3,2026-08-24T07:20:00,In progress,Ethan Brooks,2hr 05 mins
,Trade Support L2,2026-08-24T07:47:00,Open,,1hr 00 mins
,Trade Support L2,2026-08-24T08:09:00,In progress,Maria Silva,1hr 15 mins
INC0010650,Core Banking L3,2026-06-06T20:44:00,Open,,10 mins
,Core Banking L3,2026-06-06T21:02:00,In progress,Carlos Mendes,35mins
,SD Team,2026-06-06T21:56:00,Open,,15 mins
,SD Team,2026-06-06T22:19:00,In progress,Wei Zhang,17 mins
,SD Team,2026-06-06T22:44:00,Hold,Aisha Khan,1 hr 0 mins
INC0010651,L1 Service Desk,2026-08-10T04:41:00,Open,,35 mins
,L1 Service Desk,2026-08-10T04:53:00,In progress,Nadia Rahman,45 mins
,Payments L2 Support,2026-08-10T05:33:00,Open,,15mins
,Payments L2 Support,2026-08-10T06:01:00,In progress,Noah Williams,35 mins
,FI Team,2026-08-10T06:25:00,Open,,45 mins
,FI Team,2026-08-10T06:55:00,In progress,Kenji Watanabe,45mins
,FI Team,2026-08-10T07:16:00,Hold,Daniel Cho,35mins
INC0010652,Access Management Team,2026-08-24T08:07:00,Open,,2hr 05 mins
,Access Management Team,2026-08-24T08:21:00,In progress,Arjun Mehta,45 mins
,L1 Team,2026-08-24T08:38:00,Open,,1hr 00 mins
,L1 Team,2026-08-24T08:51:00,In progress,Chloe Martin,2 hr 5 mins
,Risk & Compliance Ops,2026-08-24T09:51:00,Open,,1hr 15 mins
,Risk & Compliance Ops,2026-08-24T10:08:00,In progress,Daniel Cho,15 mins
,Risk & Compliance Ops,2026-08-24T11:01:00,Hold,Fatima Al-Sayed,45 mins
INC0010653,Access Management Team,2026-07-15T08:39:00,Open,,1 hr 0 mins
,Access Management Team,2026-07-15T09:09:00,In progress,Emily Carter,45mins
,Core Banking L3,2026-07-15T09:41:00,Open,,45mins
,Core Banking L3,2026-07-15T10:07:00,In progress,Hannah Lee,1 hr 0 mins
,MM Team,2026-07-15T10:38:00,Open,,15 mins
,MM Team,2026-07-15T10:51:00,In progress,Maria Silva,35mins
,MM Team,2026-07-15T11:37:00,Closed,Daniel Cho,
INC0010654,L1 Team,2026-05-27T05:53:00,Open,,1 hr 30 mins
,L1 Team,2026-05-27T06:21:00,In progress,Mei Tan,2hr 13 mins
,Core Banking L3,2026-05-27T06:38:00,Open,,2 hr 5 mins
,Core Banking L3,2026-05-27T07:06:00,In progress,Emily Carter,2 hr 5 mins
,MM Team,2026-05-27T07:28:00,Open,,35 mins
,MM Team,2026-05-27T07:56:00,In progress,Fatima Al-Sayed,1hr 00 mins
,MM Team,2026-05-27T08:56:00,Closed,Priya Sharma,
INC0010655,Access Management Team,2026-06-18T18:38:00,Open,,1 hr 30 mins
,Access Management Team,2026-06-18T19:00:00,In progress,Omar Siddiqui,2 hr 13 mins
,L1 Service Desk,2026-06-18T19:28:00,Open,,2 hr 5 mins
,L1 Service Desk,2026-06-18T19:38:00,In progress,Hannah Lee,15 mins
,Risk & Compliance Ops,2026-06-18T20:19:00,Open,,1hr 15 mins
,Risk & Compliance Ops,2026-06-18T20:40:00,In progress,Kenji Watanabe,45 mins
,Risk & Compliance Ops,2026-06-18T21:12:00,Closed,James Cole,
INC0010656,L1 Service Desk,2026-05-21T02:32:00,Open,,45 mins
,L1 Service Desk,2026-05-21T02:48:00,In progress,Ethan Brooks,1 hr 30 mins
,Core Banking L3,2026-05-21T03:23:00,Open,,1hr 00 mins
,Core Banking L3,2026-05-21T03:38:00,In progress,Chloe Martin,15 mins
,Trade Support L2,2026-05-21T04:15:00,Open,,35 mins
,Trade Support L2,2026-05-21T04:34:00,In progress,Daniel Cho,15mins
,Trade Support L2,2026-05-21T05:14:00,Hold,Daniel Cho,1 hr 15 mins
INC0010657,L2 Team,2026-07-17T10:58:00,Open,,1hr 15 mins
,L2 Team,2026-07-17T11:18:00,In progress,Chloe Martin,45 mins
,L3 Team,2026-07-17T11:43:00,Open,,45 mins
,L3 Team,2026-07-17T11:56:00,In progress,Nadia Rahman,2hr 05 mins
,Trade Support L2,2026-07-17T12:43:00,Open,,1hr 30 mins
,Trade Support L2,2026-07-17T13:10:00,In progress,Aisha Khan,1 hr 0 mins
,Trade Support L2,2026-07-17T14:09:00,Closed,Aisha Khan,
INC0010658,Core Banking L3,2026-05-29T11:36:00,Open,,2hr 13 mins
,Core Banking L3,2026-05-29T11:54:00,In progress,Noah Williams,45mins
,Risk & Compliance Ops,2026-05-29T12:31:00,Open,,1 hr 0 mins
,Risk & Compliance Ops,2026-05-29T12:50:00,In progress,Fatima Al-Sayed,2 hr 5 mins
INC0010659,L1 Service Desk,2026-05-31T15:30:00,Open,,35mins
,L1 Service Desk,2026-05-31T15:44:00,In progress,Hannah Lee,10 mins
,ABAP Team,2026-05-31T16:13:00,Open,,35 mins
,ABAP Team,2026-05-31T16:30:00,In progress,Maria Silva,2 hr 13 mins
,ABAP Team,2026-05-31T16:54:00,Closed,Priya Sharma,
INC0010660,L1 Team,2026-08-21T19:38:00,Open,,1hr 15 mins
,L1 Team,2026-08-21T20:01:00,In progress,Nadia Rahman,1 hr 0 mins
,Risk & Compliance Ops,2026-08-21T20:49:00,Open,,2 hr 13 mins
,Risk & Compliance Ops,2026-08-21T21:11:00,In progress,Liam O'Connor,45 mins
,Risk & Compliance Ops,2026-08-21T21:53:00,Hold,Sofia Rossi,45 mins
INC0010661,L1 Team,2026-07-06T19:14:00,Open,,45mins
,L1 Team,2026-07-06T19:31:00,In progress,Nadia Rahman,15mins
,Core Banking L3,2026-07-06T20:31:00,Open,,1 hr 15 mins
,Core Banking L3,2026-07-06T20:51:00,In progress,Noah Williams,2 hr 5 mins
,FI Team,2026-07-06T21:28:00,Open,,2 hr 13 mins
,FI Team,2026-07-06T21:45:00,In progress,Maria Silva,45mins
,FI Team,2026-07-06T22:03:00,Closed,Maria Silva,
INC0010662,L1 Service Desk,2026-08-15T19:44:00,Open,,15 mins
,L1 Service Desk,2026-08-15T19:54:00,In progress,Mei Tan,2 hr 13 mins
,Payments L2 Support,2026-08-15T20:31:00,Open,,1 hr 15 mins
,Payments L2 Support,2026-08-15T20:45:00,In progress,Noah Williams,45 mins
,MM Team,2026-08-15T21:17:00,Open,,10mins
,MM Team,2026-08-15T21:46:00,In progress,Maria Silva,1 hr 0 mins
,MM Team,2026-08-15T22:09:00,Hold,Kenji Watanabe,35mins
INC0010663,Payments L2 Support,2026-08-26T08:43:00,Open,,45 mins
,Payments L2 Support,2026-08-26T09:00:00,In progress,Mei Tan,1hr 30 mins
,Core Banking L3,2026-08-26T09:24:00,Open,,1 hr 30 mins
,Core Banking L3,2026-08-26T09:52:00,In progress,Hannah Lee,10mins
,Trade Support L2,2026-08-26T10:10:00,Open,,45mins
,Trade Support L2,2026-08-26T10:23:00,In progress,James Cole,2 hr 5 mins
,Trade Support L2,2026-08-26T11:11:00,Closed,Wei Zhang,
INC0010664,L2 Team,2026-06-14T03:47:00,Open,,17 mins
,L2 Team,2026-06-14T03:57:00,In progress,Ethan Brooks,15 mins
,Risk & Compliance Ops,2026-06-14T04:17:00,Open,,1 hr 0 mins
,Risk & Compliance Ops,2026-06-14T04:39:00,In progress,Kenji Watanabe,1 hr 0 mins
INC0010665,Access Management Team,2026-07-21T14:03:00,Open,,17 mins
,Access Management Team,2026-07-21T14:22:00,In progress,Hannah Lee,17mins
,SD Team,2026-07-21T15:04:00,Open,,1 hr 15 mins
,SD Team,2026-07-21T15:19:00,In progress,Fatima Al-Sayed,35 mins
,SD Team,2026-07-21T15:56:00,Closed,James Cole,
INC0010666,Access Management Team,2026-07-11T02:23:00,Open,,45 mins
,Access Management Team,2026-07-11T02:52:00,In progress,Arjun Mehta,1 hr 30 mins
,L1 Team,2026-07-11T03:50:00,Open,,45 mins
,L1 Team,2026-07-11T04:05:00,In progress,Arjun Mehta,1 hr 30 mins
,Risk & Compliance Ops,2026-07-11T04:20:00,Open,,45 mins
,Risk & Compliance Ops,2026-07-11T04:48:00,In progress,Aisha Khan,15 mins
INC0010667,L2 Team,2026-07-06T22:39:00,Open,,45 mins
,L2 Team,2026-07-06T22:53:00,In progress,Mei Tan,45mins
,Payments L2 Support,2026-07-06T23:19:00,Open,,1 hr 15 mins
,Payments L2 Support,2026-07-06T23:34:00,In progress,Ethan Brooks,17 mins
,FI Team,2026-07-06T23:50:00,Open,,1 hr 30 mins
,FI Team,2026-07-07T00:09:00,In progress,James Cole,45mins
,FI Team,2026-07-07T00:35:00,Hold,Kenji Watanabe,17 mins
INC0010668,Payments L2 Support,2026-06-16T13:26:00,Open,,2hr 05 mins
,Payments L2 Support,2026-06-16T13:50:00,In progress,Mei Tan,1hr 00 mins
,FI Team,2026-06-16T14:12:00,Open,,15 mins
,FI Team,2026-06-16T14:29:00,In progress,Sofia Rossi,17 mins
,FI Team,2026-06-16T15:15:00,Hold,Aisha Khan,1 hr 0 mins
INC0010669,L1 Service Desk,2026-08-27T13:34:00,Open,,2 hr 5 mins
,L1 Service Desk,2026-08-27T14:00:00,In progress,Emily Carter,2 hr 13 mins
,Trade Support L2,2026-08-27T14:35:00,Open,,2 hr 5 mins
,Trade Support L2,2026-08-27T15:02:00,In progress,James Cole,1 hr 30 mins
,Trade Support L2,2026-08-27T15:29:00,Closed,James Cole,
INC0010670,Access Management Team,2026-06-21T12:36:00,Open,,2hr 13 mins
,Access Management Team,2026-06-21T12:58:00,In progress,Emily Carter,1 hr 15 mins
,L2 Team,2026-06-21T13:44:00,Open,,15 mins
,L2 Team,2026-06-21T14:11:00,In progress,Chloe Martin,45 mins
,SD Team,2026-06-21T14:44:00,Open,,10mins
,SD Team,2026-06-21T14:55:00,In progress,Aisha Khan,15 mins
,SD Team,2026-06-21T15:47:00,Closed,Fatima Al-Sayed,
INC0010671,Core Banking L3,2026-08-19T16:39:00,Open,,10mins
,Core Banking L3,2026-08-19T16:49:00,In progress,Arjun Mehta,45 mins
,SD Team,2026-08-19T17:16:00,Open,,1 hr 30 mins
,SD Team,2026-08-19T17:39:00,In progress,Fatima Al-Sayed,17mins
INC0010672,L2 Team,2026-07-11T02:30:00,Open,,1 hr 15 mins
,L2 Team,2026-07-11T02:47:00,In progress,Emily Carter,35 mins
,ABAP Team,2026-07-11T03:15:00,Open,,2 hr 5 mins
,ABAP Team,2026-07-11T03:26:00,In progress,Kenji Watanabe,35mins
,ABAP Team,2026-07-11T03:48:00,Hold,Liam O'Connor,10 mins
INC0010673,L2 Team,2026-05-10T13:31:00,Open,,45 mins
,L2 Team,2026-05-10T13:42:00,In progress,Noah Williams,17mins
,L1 Service Desk,2026-05-10T14:12:00,Open,,2 hr 5 mins
,L1 Service Desk,2026-05-10T14:30:00,In progress,Omar Siddiqui,2 hr 13 mins
,FI Team,2026-05-10T15:30:00,Open,,2hr 13 mins
,FI Team,2026-05-10T15:46:00,In progress,Sofia Rossi,1 hr 0 mins
,FI Team,2026-05-10T16:01:00,Closed,Priya Sharma,
INC0010674,L3 Team,2026-08-07T22:34:00,Open,,45mins
,L3 Team,2026-08-07T22:44:00,In progress,Omar Siddiqui,10mins
,L2 Team,2026-08-07T23:27:00,Open,,17mins
,L2 Team,2026-08-07T23:44:00,In progress,Emily Carter,2 hr 13 mins
,MM Team,2026-08-08T00:06:00,Open,,1 hr 15 mins
,MM Team,2026-08-08T00:21:00,In progress,Aisha Khan,17mins
INC0010675,L3 Team,2026-05-30T20:24:00,Open,,45mins
,L3 Team,2026-05-30T20:42:00,In progress,Ethan Brooks,15 mins
,Payments L2 Support,2026-05-30T21:09:00,Open,,15mins
,Payments L2 Support,2026-05-30T21:34:00,In progress,Ethan Brooks,1 hr 30 mins
,SD Team,2026-05-30T22:19:00,Open,,15 mins
,SD Team,2026-05-30T22:30:00,In progress,Kenji Watanabe,17 mins
INC0010676,L1 Service Desk,2026-07-13T12:35:00,Open,,45 mins
,L1 Service Desk,2026-07-13T12:49:00,In progress,Arjun Mehta,2 hr 13 mins
,Risk & Compliance Ops,2026-07-13T13:16:00,Open,,45 mins
,Risk & Compliance Ops,2026-07-13T13:44:00,In progress,Priya Sharma,17 mins
,Risk & Compliance Ops,2026-07-13T14:15:00,Closed,Wei Zhang,
INC0010677,L2 Team,2026-05-15T02:52:00,Open,,1hr 00 mins
,L2 Team,2026-05-15T03:06:00,In progress,Mei Tan,15 mins
,Core Banking L3,2026-05-15T03:32:00,Open,,2 hr 13 mins
,Core Banking L3,2026-05-15T03:52:00,In progress,Ethan Brooks,10 mins
,ABAP Team,2026-05-15T04:11:00,Open,,2 hr 5 mins
,ABAP Team,2026-05-15T04:30:00,In progress,Daniel Cho,17 mins
,ABAP Team,2026-05-15T05:20:00,Closed,Sofia Rossi,
INC0010678,Core Banking L3,2026-08-11T09:30:00,Open,,1 hr 0 mins
,Core Banking L3,2026-08-11T09:57:00,In progress,Omar Siddiqui,17mins
,ABAP Team,2026-08-11T10:32:00,Open,,17 mins
,ABAP Team,2026-08-11T10:49:00,In progress,Priya Sharma,1 hr 0 mins
INC0010679,Access Management Team,2026-08-12T16:11:00,Open,,2 hr 5 mins
,Access Management Team,2026-08-12T16:28:00,In progress,Arjun Mehta,2 hr 5 mins
,MM Team,2026-08-12T16:47:00,Open,,1 hr 15 mins
,MM Team,2026-08-12T17:17:00,In progress,Liam O'Connor,2 hr 13 mins
INC0010680,Core Banking L3,2026-08-07T21:15:00,Open,,1 hr 15 mins
,Core Banking L3,2026-08-07T21:33:00,In progress,Hannah Lee,2hr 13 mins
,L2 Team,2026-08-07T22:18:00,Open,,17 mins
,L2 Team,2026-08-07T22:45:00,In progress,Hannah Lee,35 mins
,Trade Support L2,2026-08-07T23:18:00,Open,,17 mins
,Trade Support L2,2026-08-07T23:36:00,In progress,Sofia Rossi,10 mins
,Trade Support L2,2026-08-08T00:10:00,Hold,Kenji Watanabe,1hr 15 mins
INC0010681,L1 Service Desk,2026-05-25T03:19:00,Open,,2hr 13 mins
,L1 Service Desk,2026-05-25T03:35:00,In progress,Chloe Martin,1hr 00 mins
,FI Team,2026-05-25T04:18:00,Open,,1hr 00 mins
,FI Team,2026-05-25T04:39:00,In progress,Sofia Rossi,45mins
INC0010682,Core Banking L3,2026-07-13T08:51:00,Open,,35 mins
,Core Banking L3,2026-07-13T09:07:00,In progress,Carlos Mendes,2 hr 13 mins
,Risk & Compliance Ops,2026-07-13T09:45:00,Open,,1hr 30 mins
,Risk & Compliance Ops,2026-07-13T10:06:00,In progress,Liam O'Connor,35 mins
,Risk & Compliance Ops,2026-07-13T10:30:00,Closed,Maria Silva,
INC0010683,L3 Team,2026-05-29T17:06:00,Open,,10 mins
,L3 Team,2026-05-29T17:22:00,In progress,Hannah Lee,1 hr 30 mins
,Payments L2 Support,2026-05-29T18:19:00,Open,,1 hr 0 mins
,Payments L2 Support,2026-05-29T18:42:00,In progress,Noah Williams,1 hr 15 mins
,MM Team,2026-05-29T19:41:00,Open,,2 hr 5 mins
,MM Team,2026-05-29T19:56:00,In progress,Priya Sharma,2 hr 13 mins
INC0010684,Payments L2 Support,2026-07-01T01:44:00,Open,,1hr 00 mins
,Payments L2 Support,2026-07-01T02:08:00,In progress,Mei Tan,17 mins
,L2 Team,2026-07-01T02:43:00,Open,,2 hr 5 mins
,L2 Team,2026-07-01T03:09:00,In progress,Arjun Mehta,2 hr 13 mins
,FI Team,2026-07-01T03:28:00,Open,,10 mins
,FI Team,2026-07-01T03:48:00,In progress,James Cole,45 mins
INC0010685,L2 Team,2026-08-26T11:10:00,Open,,15 mins
,L2 Team,2026-08-26T11:39:00,In progress,Ethan Brooks,1hr 15 mins
,SD Team,2026-08-26T12:39:00,Open,,45 mins
,SD Team,2026-08-26T13:06:00,In progress,Wei Zhang,17 mins
INC0010686,Payments L2 Support,2026-08-20T05:53:00,Open,,1 hr 0 mins
,Payments L2 Support,2026-08-20T06:20:00,In progress,Ethan Brooks,2hr 13 mins
,Risk & Compliance Ops,2026-08-20T07:19:00,Open,,35 mins
,Risk & Compliance Ops,2026-08-20T07:33:00,In progress,Wei Zhang,10 mins
,Risk & Compliance Ops,2026-08-20T08:12:00,Closed,Priya Sharma,
INC0010687,Access Management Team,2026-06-28T01:47:00,Open,,2 hr 5 mins
,Access Management Team,2026-06-28T02:08:00,In progress,Nadia Rahman,1 hr 15 mins
,ABAP Team,2026-06-28T02:54:00,Open,,2hr 05 mins
,ABAP Team,2026-06-28T03:14:00,In progress,James Cole,45 mins
,ABAP Team,2026-06-28T03:40:00,Closed,Wei Zhang,
INC0010688,Core Banking L3,2026-06-17T09:28:00,Open,,15mins
,Core Banking L3,2026-06-17T09:44:00,In progress,Omar Siddiqui,45mins
,L1 Service Desk,2026-06-17T10:04:00,Open,,45mins
,L1 Service Desk,2026-06-17T10:29:00,In progress,Carlos Mendes,2hr 05 mins
,FI Team,2026-06-17T10:54:00,Open,,45 mins
,FI Team,2026-06-17T11:20:00,In progress,Liam O'Connor,1 hr 30 mins
INC0010689,L2 Team,2026-06-24T18:56:00,Open,,35mins
,L2 Team,2026-06-24T19:15:00,In progress,Chloe Martin,45 mins
,L1 Team,2026-06-24T19:47:00,Open,,2hr 13 mins
,L1 Team,2026-06-24T19:59:00,In progress,Arjun Mehta,17mins
,Trade Support L2,2026-06-24T20:14:00,Open,,10 mins
,Trade Support L2,2026-06-24T20:36:00,In progress,Aisha Khan,1hr 15 mins
,Trade Support L2,2026-06-24T21:15:00,Closed,Priya Sharma,
INC0010690,L3 Team,2026-05-20T08:03:00,Open,,1hr 00 mins
,L3 Team,2026-05-20T08:23:00,In progress,Nadia Rahman,45mins
,Access Management Team,2026-05-20T08:54:00,Open,,1 hr 30 mins
,Access Management Team,2026-05-20T09:19:00,In progress,Emily Carter,1 hr 15 mins
,Risk & Compliance Ops,2026-05-20T09:39:00,Open,,45mins
,Risk & Compliance Ops,2026-05-20T09:52:00,In progress,Priya Sharma,17 mins
,Risk & Compliance Ops,2026-05-20T10:22:00,Closed,James Cole,
INC0010691,L1 Team,2026-08-17T22:16:00,Open,,35 mins
,L1 Team,2026-08-17T22:28:00,In progress,Arjun Mehta,10mins
,L2 Team,2026-08-17T23:04:00,Open,,2 hr 5 mins
,L2 Team,2026-08-17T23:18:00,In progress,Mei Tan,2hr 13 mins
,Risk & Compliance Ops,2026-08-18T00:13:00,Open,,2 hr 13 mins
,Risk & Compliance Ops,2026-08-18T00:42:00,In progress,Daniel Cho,17 mins
,Risk & Compliance Ops,2026-08-18T01:02:00,Closed,Daniel Cho,
INC0010692,L1 Service Desk,2026-07-16T13:37:00,Open,,35 mins
,L1 Service Desk,2026-07-16T13:48:00,In progress,Chloe Martin,45mins
,Trade Support L2,2026-07-16T14:36:00,Open,,35mins
,Trade Support L2,2026-07-16T15:01:00,In progress,Fatima Al-Sayed,17 mins
INC0010693,L1 Service Desk,2026-06-13T05:22:00,Open,,1 hr 30 mins
,L1 Service Desk,2026-06-13T05:34:00,In progress,Ethan Brooks,35 mins
,FI Team,2026-06-13T05:58:00,Open,,2 hr 5 mins
,FI Team,2026-06-13T06:11:00,In progress,James Cole,35 mins
,FI Team,2026-06-13T06:46:00,Closed,Aisha Khan,
INC0010694,Core Banking L3,2026-05-20T13:34:00,Open,,2hr 05 mins
,Core Banking L3,2026-05-20T14:00:00,In progress,Carlos Mendes,35 mins
,Payments L2 Support,2026-05-20T14:31:00,Open,,45mins
,Payments L2 Support,2026-05-20T14:48:00,In progress,Ethan Brooks,10mins
,SD Team,2026-05-20T15:46:00,Open,,17 mins
,SD Team,2026-05-20T15:57:00,In progress,Maria Silva,45mins
INC0010695,L1 Team,2026-06-29T12:35:00,Open,,1 hr 15 mins
,L1 Team,2026-06-29T12:47:00,In progress,Hannah Lee,2 hr 13 mins
,Core Banking L3,2026-06-29T13:45:00,Open,,15mins
,Core Banking L3,2026-06-29T14:03:00,In progress,Hannah Lee,1hr 15 mins
,Trade Support L2,2026-06-29T14:48:00,Open,,45 mins
,Trade Support L2,2026-06-29T15:08:00,In progress,Daniel Cho,35 mins
INC0010696,L1 Team,2026-06-14T18:27:00,Open,,45 mins
,L1 Team,2026-06-14T18:51:00,In progress,Omar Siddiqui,1hr 00 mins
,Trade Support L2,2026-06-14T19:35:00,Open,,17mins
,Trade Support L2,2026-06-14T19:57:00,In progress,Kenji Watanabe,10 mins
INC0010697,Access Management Team,2026-07-08T17:07:00,Open,,1hr 00 mins
,Access Management Team,2026-07-08T17:17:00,In progress,Noah Williams,17mins
,Core Banking L3,2026-07-08T17:43:00,Open,,35 mins
,Core Banking L3,2026-07-08T17:53:00,In progress,Noah Williams,45 mins
,FI Team,2026-07-08T18:20:00,Open,,1 hr 0 mins
,FI Team,2026-07-08T18:39:00,In progress,Daniel Cho,45 mins
INC0010698,Payments L2 Support,2026-08-17T09:52:00,Open,,1hr 00 mins
,Payments L2 Support,2026-08-17T10:07:00,In progress,Arjun Mehta,45 mins
,Core Banking L3,2026-08-17T10:26:00,Open,,45mins
,Core Banking L3,2026-08-17T10:51:00,In progress,Nadia Rahman,35mins
,MM Team,2026-08-17T11:37:00,Open,,1hr 00 mins
,MM Team,2026-08-17T11:47:00,In progress,Liam O'Connor,2 hr 13 mins
,MM Team,2026-08-17T12:23:00,Closed,Liam O'Connor,
INC0010699,Payments L2 Support,2026-07-01T22:00:00,Open,,17mins
,Payments L2 Support,2026-07-01T22:19:00,In progress,Hannah Lee,45mins
,L1 Team,2026-07-01T22:42:00,Open,,45mins
,L1 Team,2026-07-01T23:07:00,In progress,Emily Carter,10 mins
,Risk & Compliance Ops,2026-07-01T23:45:00,Open,,35 mins
,Risk & Compliance Ops,2026-07-02T00:02:00,In progress,Kenji Watanabe,2hr 13 mins
INC0010700,Payments L2 Support,2026-07-12T11:47:00,Open,,35 mins
,Payments L2 Support,2026-07-12T12:07:00,In progress,Nadia Rahman,2 hr 5 mins
,L3 Team,2026-07-12T12:37:00,Open,,35 mins
,L3 Team,2026-07-12T13:05:00,In progress,Arjun Mehta,45mins
,Trade Support L2,2026-07-12T13:26:00,Open,,17mins
,Trade Support L2,2026-07-12T13:46:00,In progress,James Cole,1hr 30 mins
INC0010701,L1 Team,2026-07-25T13:33:00,Open,,35 mins
,L1 Team,2026-07-25T13:47:00,In progress,Arjun Mehta,1 hr 15 mins
,L1 Service Desk,2026-07-25T14:16:00,Open,,2 hr 13 mins
,L1 Service Desk,2026-07-25T14:36:00,In progress,Chloe Martin,1 hr 30 mins
,MM Team,2026-07-25T15:08:00,Open,,1hr 15 mins
,MM Team,2026-07-25T15:37:00,In progress,Daniel Cho,35mins
,MM Team,2026-07-25T16:04:00,Closed,Fatima Al-Sayed,
INC0010702,L3 Team,2026-06-12T17:50:00,Open,,10mins
,L3 Team,2026-06-12T18:06:00,In progress,Ethan Brooks,1hr 30 mins
,Trade Support L2,2026-06-12T18:36:00,Open,,1 hr 0 mins
,Trade Support L2,2026-06-12T18:46:00,In progress,Sofia Rossi,35 mins
,Trade Support L2,2026-06-12T19:19:00,Closed,Sofia Rossi,
INC0010703,L1 Team,2026-08-07T08:05:00,Open,,17 mins
,L1 Team,2026-08-07T08:35:00,In progress,Omar Siddiqui,1 hr 30 mins
,L3 Team,2026-08-07T09:28:00,Open,,1hr 15 mins
,L3 Team,2026-08-07T09:41:00,In progress,Carlos Mendes,1hr 15 mins
,MM Team,2026-08-07T10:08:00,Open,,1hr 15 mins
,MM Team,2026-08-07T10:23:00,In progress,Wei Zhang,45 mins
,MM Team,2026-08-07T10:45:00,Closed,Wei Zhang,
INC0010704,L3 Team,2026-05-17T20:17:00,Open,,1 hr 0 mins
,L3 Team,2026-05-17T20:27:00,In progress,Omar Siddiqui,1 hr 0 mins
,L2 Team,2026-05-17T21:02:00,Open,,2 hr 5 mins
,L2 Team,2026-05-17T21:32:00,In progress,Arjun Mehta,1 hr 30 mins
,SD Team,2026-05-17T22:32:00,Open,,1 hr 15 mins
,SD Team,2026-05-17T22:44:00,In progress,Wei Zhang,17 mins
,SD Team,2026-05-17T23:32:00,Closed,Wei Zhang,
INC0010705,Access Management Team,2026-08-18T14:43:00,Open,,45 mins
,Access Management Team,2026-08-18T14:55:00,In progress,Emily Carter,1hr 15 mins
,SD Team,2026-08-18T15:44:00,Open,,1 hr 0 mins
,SD Team,2026-08-18T16:06:00,In progress,Wei Zhang,1 hr 30 mins
INC0010706,L2 Team,2026-08-26T19:02:00,Open,,35 mins
,L2 Team,2026-08-26T19:13:00,In progress,Mei Tan,10 mins
,L1 Team,2026-08-26T20:09:00,Open,,35 mins
,L1 Team,2026-08-26T20:20:00,In progress,Carlos Mendes,35 mins
,SD Team,2026-08-26T20:43:00,Open,,45 mins
,SD Team,2026-08-26T21:13:00,In progress,Kenji Watanabe,10mins
,SD Team,2026-08-26T21:46:00,Hold,Maria Silva,10mins
INC0010707,L1 Team,2026-08-27T18:10:00,Open,,2 hr 5 mins
,L1 Team,2026-08-27T18:26:00,In progress,Nadia Rahman,2hr 05 mins
,FI Team,2026-08-27T18:41:00,Open,,15mins
,FI Team,2026-08-27T19:02:00,In progress,Priya Sharma,17 mins
INC0010708,Payments L2 Support,2026-07-06T22:35:00,Open,,2 hr 13 mins
,Payments L2 Support,2026-07-06T23:04:00,In progress,Carlos Mendes,45mins
,ABAP Team,2026-07-06T23:42:00,Open,,17 mins
,ABAP Team,2026-07-07T00:11:00,In progress,Liam O'Connor,35 mins
,ABAP Team,2026-07-07T00:42:00,Hold,Liam O'Connor,2hr 13 mins
INC0010709,L1 Service Desk,2026-06-03T23:36:00,Open,,2 hr 13 mins
,L1 Service Desk,2026-06-04T00:02:00,In progress,Nadia Rahman,17 mins
,Risk & Compliance Ops,2026-06-04T00:19:00,Open,,15mins
,Risk & Compliance Ops,2026-06-04T00:35:00,In progress,Aisha Khan,2 hr 5 mins
INC0010710,Payments L2 Support,2026-08-26T22:30:00,Open,,45 mins
,Payments L2 Support,2026-08-26T22:41:00,In progress,Nadia Rahman,2hr 05 mins
,SD Team,2026-08-26T23:09:00,Open,,45 mins
,SD Team,2026-08-26T23:25:00,In progress,Wei Zhang,45 mins
,SD Team,2026-08-27T00:11:00,Hold,Kenji Watanabe,45 mins
INC0010711,L1 Service Desk,2026-07-08T02:33:00,Open,,1 hr 30 mins
,L1 Service Desk,2026-07-08T02:52:00,In progress,Nadia Rahman,15mins
,MM Team,2026-07-08T03:13:00,Open,,10mins
,MM Team,2026-07-08T03:24:00,In progress,Liam O'Connor,10 mins
,MM Team,2026-07-08T04:07:00,Closed,Kenji Watanabe,
INC0010712,L1 Team,2026-08-24T20:43:00,Open,,45 mins
,L1 Team,2026-08-24T21:13:00,In progress,Noah Williams,1 hr 0 mins
,ABAP Team,2026-08-24T21:51:00,Open,,1 hr 0 mins
,ABAP Team,2026-08-24T22:01:00,In progress,Liam O'Connor,10 mins
INC0010713,L3 Team,2026-08-14T18:36:00,Open,,35 mins
,L3 Team,2026-08-14T19:06:00,In progress,Arjun Mehta,1 hr 15 mins
,MM Team,2026-08-14T19:21:00,Open,,35 mins
,MM Team,2026-08-14T19:49:00,In progress,Daniel Cho,45 mins
INC0010714,L1 Team,2026-08-26T05:35:00,Open,,17 mins
,L1 Team,2026-08-26T05:47:00,In progress,Omar Siddiqui,2hr 13 mins
,Core Banking L3,2026-08-26T06:03:00,Open,,10 mins
,Core Banking L3,2026-08-26T06:26:00,In progress,Chloe Martin,1 hr 0 mins
,Trade Support L2,2026-08-26T06:41:00,Open,,10mins
,Trade Support L2,2026-08-26T06:53:00,In progress,Liam O'Connor,45mins
,Trade Support L2,2026-08-26T07:38:00,Hold,Fatima Al-Sayed,45 mins
INC0010715,Access Management Team,2026-07-21T09:32:00,Open,,1 hr 15 mins
,Access Management Team,2026-07-21T10:02:00,In progress,Arjun Mehta,2hr 05 mins
,L2 Team,2026-07-21T10:52:00,Open,,1 hr 15 mins
,L2 Team,2026-07-21T11:03:00,In progress,Carlos Mendes,45 mins
,FI Team,2026-07-21T11:56:00,Open,,1 hr 15 mins
,FI Team,2026-07-21T12:11:00,In progress,Liam O'Connor,45mins
INC0010716,L3 Team,2026-08-16T06:57:00,Open,,2hr 13 mins
,L3 Team,2026-08-16T07:20:00,In progress,Noah Williams,2hr 05 mins
,Trade Support L2,2026-08-16T07:58:00,Open,,45 mins
,Trade Support L2,2026-08-16T08:12:00,In progress,Daniel Cho,2 hr 13 mins
INC0010717,L1 Service Desk,2026-08-07T02:06:00,Open,,45 mins
,L1 Service Desk,2026-08-07T02:26:00,In progress,Chloe Martin,1 hr 15 mins
,L1 Team,2026-08-07T03:24:00,Open,,17 mins
,L1 Team,2026-08-07T03:44:00,In progress,Noah Williams,2hr 05 mins
,Risk & Compliance Ops,2026-08-07T04:33:00,Open,,17mins
,Risk & Compliance Ops,2026-08-07T04:47:00,In progress,Aisha Khan,1 hr 0 mins
,Risk & Compliance Ops,2026-08-07T05:28:00,Hold,James Cole,1 hr 30 mins
INC0010718,Payments L2 Support,2026-06-07T07:36:00,Open,,45mins
,Payments L2 Support,2026-06-07T07:51:00,In progress,Omar Siddiqui,1 hr 15 mins
,ABAP Team,2026-06-07T08:26:00,Open,,45mins
,ABAP Team,2026-06-07T08:48:00,In progress,Daniel Cho,2hr 13 mins
,ABAP Team,2026-06-07T09:17:00,Closed,Fatima Al-Sayed,
INC0010719,Core Banking L3,2026-08-17T19:27:00,Open,,2 hr 13 mins
,Core Banking L3,2026-08-17T19:51:00,In progress,Noah Williams,35mins
,L1 Team,2026-08-17T20:06:00,Open,,1 hr 30 mins
,L1 Team,2026-08-17T20:31:00,In progress,Noah Williams,15mins
,FI Team,2026-08-17T21:05:00,Open,,1hr 00 mins
,FI Team,2026-08-17T21:21:00,In progress,Wei Zhang,15 mins
INC0010720,L1 Team,2026-06-01T00:40:00,Open,,15 mins
,L1 Team,2026-06-01T00:55:00,In progress,Emily Carter,15 mins
,SD Team,2026-06-01T01:38:00,Open,,1hr 00 mins
,SD Team,2026-06-01T02:00:00,In progress,Sofia Rossi,2hr 05 mins
,SD Team,2026-06-01T02:36:00,Closed,Sofia Rossi,
INC0010721,L1 Service Desk,2026-08-08T11:18:00,Open,,1 hr 15 mins
,L1 Service Desk,2026-08-08T11:47:00,In progress,Ethan Brooks,10 mins
,Payments L2 Support,2026-08-08T12:22:00,Open,,45 mins
,Payments L2 Support,2026-08-08T12:40:00,In progress,Chloe Martin,1 hr 30 mins
,Risk & Compliance Ops,2026-08-08T13:22:00,Open,,2hr 05 mins
,Risk & Compliance Ops,2026-08-08T13:47:00,In progress,Priya Sharma,1 hr 0 mins
,Risk & Compliance Ops,2026-08-08T14:33:00,Hold,James Cole,1hr 15 mins
INC0010722,L1 Team,2026-07-16T19:50:00,Open,,2 hr 13 mins
,L1 Team,2026-07-16T20:14:00,In progress,Omar Siddiqui,45 mins
,FI Team,2026-07-16T21:07:00,Open,,10 mins
,FI Team,2026-07-16T21:26:00,In progress,Liam O'Connor,1 hr 15 mins
,FI Team,2026-07-16T22:20:00,Closed,Liam O'Connor,
INC0010723,Payments L2 Support,2026-08-22T23:37:00,Open,,10mins
,Payments L2 Support,2026-08-23T00:01:00,In progress,Nadia Rahman,17 mins
,Trade Support L2,2026-08-23T00:33:00,Open,,1 hr 0 mins
,Trade Support L2,2026-08-23T01:03:00,In progress,Priya Sharma,45mins
,Trade Support L2,2026-08-23T01:25:00,Hold,Daniel Cho,1 hr 15 mins
INC0010724,Access Management Team,2026-08-24T11:16:00,Open,,45mins
,Access Management Team,2026-08-24T11:36:00,In progress,Omar Siddiqui,15mins
,L2 Team,2026-08-24T12:00:00,Open,,15 mins
,L2 Team,2026-08-24T12:25:00,In progress,Chloe Martin,35 mins
,ABAP Team,2026-08-24T13:04:00,Open,,2 hr 13 mins
,ABAP Team,2026-08-24T13:26:00,In progress,Kenji Watanabe,17 mins
,ABAP Team,2026-08-24T14:02:00,Closed,Daniel Cho,
INC0010725,Access Management Team,2026-05-26T15:44:00,Open,,15 mins
,Access Management Team,2026-05-26T15:58:00,In progress,Noah Williams,2 hr 5 mins
,Core Banking L3,2026-05-26T16:14:00,Open,,1hr 15 mins
,Core Banking L3,2026-05-26T16:35:00,In progress,Omar Siddiqui,10mins
,ABAP Team,2026-05-26T17:23:00,Open,,45mins
,ABAP Team,2026-05-26T17:50:00,In progress,Wei Zhang,1 hr 15 mins
,ABAP Team,2026-05-26T18:22:00,Closed,Wei Zhang,
INC0010726,L1 Team,2026-07-15T17:25:00,Open,,45mins
,L1 Team,2026-07-15T17:46:00,In progress,Mei Tan,35 mins
,ABAP Team,2026-07-15T18:08:00,Open,,15mins
,ABAP Team,2026-07-15T18:23:00,In progress,Aisha Khan,1 hr 15 mins
INC0010727,Payments L2 Support,2026-08-26T09:01:00,Open,,15mins
,Payments L2 Support,2026-08-26T09:16:00,In progress,Emily Carter,1 hr 30 mins
,L3 Team,2026-08-26T09:45:00,Open,,35 mins
,L3 Team,2026-08-26T10:04:00,In progress,Hannah Lee,1 hr 0 mins
,MM Team,2026-08-26T10:42:00,Open,,10 mins
,MM Team,2026-08-26T11:08:00,In progress,Liam O'Connor,2 hr 5 mins
INC0010728,Access Management Team,2026-07-28T05:02:00,Open,,35 mins
,Access Management Team,2026-07-28T05:18:00,In progress,Arjun Mehta,1hr 15 mins
,L2 Team,2026-07-28T06:03:00,Open,,35 mins
,L2 Team,2026-07-28T06:18:00,In progress,Mei Tan,15 mins
,SD Team,2026-07-28T07:15:00,Open,,1 hr 30 mins
,SD Team,2026-07-28T07:27:00,In progress,Maria Silva,1 hr 30 mins
INC0010729,L2 Team,2026-05-09T17:35:00,Open,,1 hr 0 mins
,L2 Team,2026-05-09T17:56:00,In progress,Carlos Mendes,1 hr 0 mins
,Trade Support L2,2026-05-09T18:38:00,Open,,45 mins
,Trade Support L2,2026-05-09T18:48:00,In progress,Aisha Khan,2 hr 13 mins
INC0010730,L1 Service Desk,2026-06-16T07:50:00,Open,,17 mins
,L1 Service Desk,2026-06-16T08:19:00,In progress,Mei Tan,1 hr 0 mins
,Payments L2 Support,2026-06-16T09:14:00,Open,,17 mins
,Payments L2 Support,2026-06-16T09:43:00,In progress,Ethan Brooks,15 mins
,FI Team,2026-06-16T10:36:00,Open,,15mins
,FI Team,2026-06-16T10:48:00,In progress,Wei Zhang,2 hr 13 mins
INC0010731,L1 Service Desk,2026-05-31T11:15:00,Open,,2hr 13 mins
,L1 Service Desk,2026-05-31T11:34:00,In progress,Omar Siddiqui,45 mins
,L3 Team,2026-05-31T12:21:00,Open,,1hr 15 mins
,L3 Team,2026-05-31T12:49:00,In progress,Nadia Rahman,1hr 15 mins
,MM Team,2026-05-31T13:09:00,Open,,45mins
,MM Team,2026-05-31T13:35:00,In progress,Fatima Al-Sayed,2 hr 13 mins
,MM Team,2026-05-31T14:06:00,Hold,Liam O'Connor,45 mins
INC0010732,L3 Team,2026-08-26T04:53:00,Open,,35mins
,L3 Team,2026-08-26T05:09:00,In progress,Hannah Lee,45 mins
,SD Team,2026-08-26T05:45:00,Open,,1hr 00 mins
,SD Team,2026-08-26T06:03:00,In progress,Wei Zhang,2 hr 13 mins
,SD Team,2026-08-26T06:30:00,Hold,Aisha Khan,45 mins
INC0010733,L2 Team,2026-08-26T16:26:00,Open,,1 hr 30 mins
,L2 Team,2026-08-26T16:39:00,In progress,Carlos Mendes,2 hr 13 mins
,L1 Service Desk,2026-08-26T17:07:00,Open,,2 hr 5 mins
,L1 Service Desk,2026-08-26T17:27:00,In progress,Omar Siddiqui,2hr 13 mins
,Risk & Compliance Ops,2026-08-26T18:05:00,Open,,1 hr 15 mins
,Risk & Compliance Ops,2026-08-26T18:23:00,In progress,Fatima Al-Sayed,1 hr 15 mins
INC0010734,L3 Team,2026-07-29T08:37:00,Open,,15 mins
,L3 Team,2026-07-29T08:50:00,In progress,Omar Siddiqui,1hr 30 mins
,Risk & Compliance Ops,2026-07-29T09:05:00,Open,,45 mins
,Risk & Compliance Ops,2026-07-29T09:29:00,In progress,Fatima Al-Sayed,2hr 05 mins
INC0010735,L2 Team,2026-08-09T04:39:00,Open,,1 hr 0 mins
,L2 Team,2026-08-09T05:04:00,In progress,Ethan Brooks,1hr 00 mins
,L3 Team,2026-08-09T05:39:00,Open,,15 mins
,L3 Team,2026-08-09T05:54:00,In progress,Carlos Mendes,10 mins
,ABAP Team,2026-08-09T06:13:00,Open,,1 hr 30 mins
,ABAP Team,2026-08-09T06:31:00,In progress,Wei Zhang,15mins
INC0010736,L1 Team,2026-05-13T15:18:00,Open,,2 hr 5 mins
,L1 Team,2026-05-13T15:28:00,In progress,Nadia Rahman,2 hr 5 mins
,Trade Support L2,2026-05-13T16:00:00,Open,,35 mins
,Trade Support L2,2026-05-13T16:17:00,In progress,Fatima Al-Sayed,2 hr 5 mins
INC0010737,Access Management Team,2026-08-18T23:14:00,Open,,10mins
,Access Management Team,2026-08-18T23:42:00,In progress,Carlos Mendes,17 mins
,L2 Team,2026-08-19T00:10:00,Open,,1 hr 30 mins
,L2 Team,2026-08-19T00:20:00,In progress,Noah Williams,2 hr 5 mins
,FI Team,2026-08-19T01:14:00,Open,,45 mins
,FI Team,2026-08-19T01:27:00,In progress,James Cole,35 mins
,FI Team,2026-08-19T01:56:00,Closed,Aisha Khan,
INC0010738,L2 Team,2026-07-16T16:36:00,Open,,45 mins
,L2 Team,2026-07-16T16:46:00,In progress,Emily Carter,45 mins
,FI Team,2026-07-16T17:38:00,Open,,1hr 00 mins
,FI Team,2026-07-16T17:54:00,In progress,Aisha Khan,15 mins
,FI Team,2026-07-16T18:35:00,Closed,Maria Silva,
INC0010739,Core Banking L3,2026-07-01T07:44:00,Open,,2hr 05 mins
,Core Banking L3,2026-07-01T07:54:00,In progress,Ethan Brooks,45 mins
,MM Team,2026-07-01T08:52:00,Open,,1hr 30 mins
,MM Team,2026-07-01T09:12:00,In progress,Daniel Cho,1 hr 30 mins
INC0010740,Payments L2 Support,2026-06-30T08:19:00,Open,,17mins
,Payments L2 Support,2026-06-30T08:31:00,In progress,Mei Tan,2hr 13 mins
,L2 Team,2026-06-30T08:56:00,Open,,1 hr 0 mins
,L2 Team,2026-06-30T09:12:00,In progress,Hannah Lee,45 mins
,SD Team,2026-06-30T09:44:00,Open,,45 mins
,SD Team,2026-06-30T10:06:00,In progress,Daniel Cho,1 hr 15 mins
INC0010741,Core Banking L3,2026-08-08T13:39:00,Open,,15 mins
,Core Banking L3,2026-08-08T13:49:00,In progress,Omar Siddiqui,45 mins
,Trade Support L2,2026-08-08T14:05:00,Open,,1hr 15 mins
,Trade Support L2,2026-08-08T14:17:00,In progress,Kenji Watanabe,45 mins
INC0010742,L3 Team,2026-08-25T15:54:00,Open,,17 mins
,L3 Team,2026-08-25T16:11:00,In progress,Mei Tan,2 hr 5 mins
,Access Management Team,2026-08-25T16:38:00,Open,,10 mins
,Access Management Team,2026-08-25T16:59:00,In progress,Carlos Mendes,35 mins
,MM Team,2026-08-25T17:59:00,Open,,15mins
,MM Team,2026-08-25T18:26:00,In progress,Priya Sharma,45 mins
,MM Team,2026-08-25T19:14:00,Closed,Liam O'Connor,
INC0010743,L3 Team,2026-08-10T09:27:00,Open,,1hr 00 mins
,L3 Team,2026-08-10T09:42:00,In progress,Nadia Rahman,45 mins
,FI Team,2026-08-10T10:30:00,Open,,15mins
,FI Team,2026-08-10T10:41:00,In progress,Fatima Al-Sayed,2 hr 13 mins
INC0010744,Payments L2 Support,2026-08-23T18:31:00,Open,,17 mins
,Payments L2 Support,2026-08-23T18:41:00,In progress,Nadia Rahman,2 hr 5 mins
,L1 Service Desk,2026-08-23T19:00:00,Open,,15 mins
,L1 Service Desk,2026-08-23T19:18:00,In progress,Noah Williams,1 hr 30 mins
,MM Team,2026-08-23T20:02:00,Open,,45mins
,MM Team,2026-08-23T20:17:00,In progress,Sofia Rossi,17 mins
,MM Team,2026-08-23T20:32:00,Hold,Sofia Rossi,17 mins
INC0010745,Payments L2 Support,2026-08-10T12:18:00,Open,,10 mins
,Payments L2 Support,2026-08-10T12:32:00,In progress,Mei Tan,1 hr 15 mins
,Risk & Compliance Ops,2026-08-10T12:55:00,Open,,2hr 05 mins
,Risk & Compliance Ops,2026-08-10T13:23:00,In progress,Liam O'Connor,1 hr 15 mins
INC0010746,Core Banking L3,2026-08-27T04:12:00,Open,,35 mins
,Core Banking L3,2026-08-27T04:42:00,In progress,Arjun Mehta,15 mins
,ABAP Team,2026-08-27T05:05:00,Open,,1 hr 15 mins
,ABAP Team,2026-08-27T05:30:00,In progress,Kenji Watanabe,1 hr 30 mins
INC0010747,Core Banking L3,2026-07-03T17:06:00,Open,,2 hr 5 mins
,Core Banking L3,2026-07-03T17:28:00,In progress,Mei Tan,1 hr 0 mins
,Payments L2 Support,2026-07-03T18:15:00,Open,,1 hr 15 mins
,Payments L2 Support,2026-07-03T18:26:00,In progress,Carlos Mendes,2hr 05 mins
,SD Team,2026-07-03T19:00:00,Open,,1hr 00 mins
,SD Team,2026-07-03T19:22:00,In progress,Liam O'Connor,45 mins
INC0010748,L2 Team,2026-07-02T03:22:00,Open,,1 hr 0 mins
,L2 Team,2026-07-02T03:36:00,In progress,Nadia Rahman,2hr 13 mins
,L1 Team,2026-07-02T04:16:00,Open,,35 mins
,L1 Team,2026-07-02T04:26:00,In progress,Ethan Brooks,45 mins
,FI Team,2026-07-02T05:06:00,Open,,1hr 15 mins
,FI Team,2026-07-02T05:22:00,In progress,Maria Silva,17 mins
INC0010749,L2 Team,2026-08-10T18:11:00,Open,,15 mins
,L2 Team,2026-08-10T18:32:00,In progress,Arjun Mehta,45 mins
,Trade Support L2,2026-08-10T19:11:00,Open,,1 hr 0 mins
,Trade Support L2,2026-08-10T19:40:00,In progress,James Cole,1 hr 30 mins
,Trade Support L2,2026-08-10T20:25:00,Closed,James Cole,
INC0010750,L3 Team,2026-08-27T06:18:00,Open,,35 mins
,L3 Team,2026-08-27T06:44:00,In progress,Noah Williams,10 mins
,SD Team,2026-08-27T07:08:00,Open,,1hr 30 mins
,SD Team,2026-08-27T07:19:00,In progress,Priya Sharma,35mins
,SD Team,2026-08-27T08:07:00,Closed,Priya Sharma,
INC0010751,L3 Team,2026-05-18T15:25:00,Open,,45mins
,L3 Team,2026-05-18T15:45:00,In progress,Arjun Mehta,1 hr 30 mins
,Payments L2 Support,2026-05-18T16:07:00,Open,,1hr 15 mins
,Payments L2 Support,2026-05-18T16:30:00,In progress,Arjun Mehta,2 hr 13 mins
,MM Team,2026-05-18T17:21:00,Open,,17 mins
,MM Team,2026-05-18T17:41:00,In progress,Maria Silva,2hr 13 mins
,MM Team,2026-05-18T18:05:00,Hold,Wei Zhang,35 mins
INC0010752,L3 Team,2026-08-23T17:31:00,Open,,10 mins
,L3 Team,2026-08-23T17:50:00,In progress,Arjun Mehta,17 mins
,L1 Service Desk,2026-08-23T18:31:00,Open,,2 hr 5 mins
,L1 Service Desk,2026-08-23T18:54:00,In progress,Noah Williams,1 hr 0 mins
,FI Team,2026-08-23T19:45:00,Open,,35 mins
,FI Team,2026-08-23T19:57:00,In progress,Kenji Watanabe,10 mins
INC0010753,L2 Team,2026-08-08T01:23:00,Open,,17mins
,L2 Team,2026-08-08T01:48:00,In progress,Emily Carter,15mins
,MM Team,2026-08-08T02:32:00,Open,,45mins
,MM Team,2026-08-08T02:53:00,In progress,Liam O'Connor,2 hr 5 mins
,MM Team,2026-08-08T03:43:00,Closed,Sofia Rossi,
INC0010754,Payments L2 Support,2026-08-08T19:49:00,Open,,2 hr 13 mins
,Payments L2 Support,2026-08-08T20:17:00,In progress,Ethan Brooks,2hr 13 mins
,L2 Team,2026-08-08T21:10:00,Open,,35 mins
,L2 Team,2026-08-08T21:20:00,In progress,Omar Siddiqui,1hr 15 mins
,Trade Support L2,2026-08-08T21:56:00,Open,,45 mins
,Trade Support L2,2026-08-08T22:18:00,In progress,Maria Silva,2hr 05 mins
,Trade Support L2,2026-08-08T22:49:00,Closed,Maria Silva,
INC0010755,Access Management Team,2026-07-21T15:54:00,Open,,35 mins
,Access Management Team,2026-07-21T16:08:00,In progress,Emily Carter,1 hr 30 mins
,FI Team,2026-07-21T16:46:00,Open,,1hr 00 mins
,FI Team,2026-07-21T17:14:00,In progress,Liam O'Connor,15 mins
INC0010756,Core Banking L3,2026-06-29T15:34:00,Open,,10 mins
,Core Banking L3,2026-06-29T15:56:00,In progress,Noah Williams,1hr 00 mins
,L1 Team,2026-06-29T16:12:00,Open,,45 mins
,L1 Team,2026-06-29T16:25:00,In progress,Ethan Brooks,1hr 15 mins
,SD Team,2026-06-29T17:17:00,Open,,1 hr 0 mins
,SD Team,2026-06-29T17:36:00,In progress,Aisha Khan,2 hr 5 mins
INC0010757,Payments L2 Support,2026-07-27T01:02:00,Open,,2hr 05 mins
,Payments L2 Support,2026-07-27T01:14:00,In progress,Emily Carter,15 mins
,SD Team,2026-07-27T01:29:00,Open,,1hr 00 mins
,SD Team,2026-07-27T01:41:00,In progress,Wei Zhang,10 mins
INC0010758,L1 Team,2026-05-18T12:50:00,Open,,45 mins
,L1 Team,2026-05-18T13:11:00,In progress,Mei Tan,15 mins
,FI Team,2026-05-18T13:36:00,Open,,45 mins
,FI Team,2026-05-18T13:47:00,In progress,James Cole,10mins
,FI Team,2026-05-18T14:02:00,Closed,Aisha Khan,
INC0010759,Access Management Team,2026-08-01T15:17:00,Open,,45mins
,Access Management Team,2026-08-01T15:36:00,In progress,Mei Tan,15mins
,L1 Service Desk,2026-08-01T16:09:00,Open,,17 mins
,L1 Service Desk,2026-08-01T16:33:00,In progress,Hannah Lee,17mins
,ABAP Team,2026-08-01T17:32:00,Open,,1 hr 15 mins
,ABAP Team,2026-08-01T17:49:00,In progress,Liam O'Connor,10 mins
,ABAP Team,2026-08-01T18:25:00,Hold,Wei Zhang,1hr 15 mins
INC0010760,L3 Team,2026-07-14T15:12:00,Open,,1hr 00 mins
,L3 Team,2026-07-14T15:29:00,In progress,Carlos Mendes,2hr 13 mins
,Core Banking L3,2026-07-14T15:57:00,Open,,35 mins
,Core Banking L3,2026-07-14T16:11:00,In progress,Noah Williams,10 mins
,Trade Support L2,2026-07-14T16:29:00,Open,,15 mins
,Trade Support L2,2026-07-14T16:42:00,In progress,Wei Zhang,17mins
,Trade Support L2,2026-07-14T17:01:00,Hold,Daniel Cho,45mins
INC0010761,Core Banking L3,2026-05-28T08:44:00,Open,,1hr 00 mins
,Core Banking L3,2026-05-28T08:57:00,In progress,Ethan Brooks,2hr 05 mins
,MM Team,2026-05-28T09:57:00,Open,,1 hr 15 mins
,MM Team,2026-05-28T10:08:00,In progress,Wei Zhang,1 hr 0 mins
INC0010762,L1 Team,2026-08-25T04:11:00,Open,,45 mins
,L1 Team,2026-08-25T04:26:00,In progress,Ethan Brooks,2hr 13 mins
,ABAP Team,2026-08-25T05:26:00,Open,,1 hr 15 mins
,ABAP Team,2026-08-25T05:46:00,In progress,Kenji Watanabe,2hr 13 mins
,ABAP Team,2026-08-25T06:37:00,Closed,Wei Zhang,
INC0010763,L3 Team,2026-06-19T05:58:00,Open,,15 mins
,L3 Team,2026-06-19T06:18:00,In progress,Emily Carter,17 mins
,MM Team,2026-06-19T07:05:00,Open,,45 mins
,MM Team,2026-06-19T07:20:00,In progress,Kenji Watanabe,10 mins
,MM Team,2026-06-19T08:15:00,Hold,Sofia Rossi,45mins
INC0010764,L1 Team,2026-08-19T08:28:00,Open,,1 hr 30 mins
,L1 Team,2026-08-19T08:44:00,In progress,Hannah Lee,2 hr 13 mins
,Access Management Team,2026-08-19T09:31:00,Open,,45mins
,Access Management Team,2026-08-19T09:53:00,In progress,Nadia Rahman,1 hr 0 mins
,MM Team,2026-08-19T10:10:00,Open,,2 hr 5 mins
,MM Team,2026-08-19T10:29:00,In progress,Daniel Cho,1 hr 15 mins
INC0010765,L1 Team,2026-06-12T07:11:00,Open,,2 hr 13 mins
,L1 Team,2026-06-12T07:36:00,In progress,Chloe Martin,1 hr 15 mins
,L1 Service Desk,2026-06-12T08:27:00,Open,,35 mins
,L1 Service Desk,2026-06-12T08:55:00,In progress,Noah Williams,45 mins
,Risk & Compliance Ops,2026-06-12T09:51:00,Open,,35mins
,Risk & Compliance Ops,2026-06-12T10:19:00,In progress,Liam O'Connor,1hr 00 mins
,Risk & Compliance Ops,2026-06-12T10:34:00,Closed,Daniel Cho,
INC0010766,L2 Team,2026-08-09T09:06:00,Open,,35 mins
,L2 Team,2026-08-09T09:16:00,In progress,Omar Siddiqui,10 mins
,MM Team,2026-08-09T09:48:00,Open,,1hr 30 mins
,MM Team,2026-08-09T09:58:00,In progress,Wei Zhang,2hr 13 mins
,MM Team,2026-08-09T10:51:00,Hold,Wei Zhang,1 hr 15 mins
INC0010767,Access Management Team,2026-08-25T21:39:00,Open,,1 hr 0 mins
,Access Management Team,2026-08-25T21:59:00,In progress,Noah Williams,2 hr 13 mins
,L1 Team,2026-08-25T22:14:00,Open,,2hr 13 mins
,L1 Team,2026-08-25T22:26:00,In progress,Carlos Mendes,1 hr 15 mins
,FI Team,2026-08-25T22:47:00,Open,,45 mins
,FI Team,2026-08-25T23:06:00,In progress,Liam O'Connor,1 hr 0 mins
INC0010768,Core Banking L3,2026-08-25T05:25:00,Open,,45 mins
,Core Banking L3,2026-08-25T05:44:00,In progress,Mei Tan,1 hr 30 mins
,FI Team,2026-08-25T06:03:00,Open,,17 mins
,FI Team,2026-08-25T06:13:00,In progress,Aisha Khan,15 mins
INC0010769,Access Management Team,2026-06-28T13:28:00,Open,,45 mins
,Access Management Team,2026-06-28T13:54:00,In progress,Mei Tan,1 hr 15 mins
,MM Team,2026-06-28T14:16:00,Open,,2hr 05 mins
,MM Team,2026-06-28T14:28:00,In progress,Sofia Rossi,15 mins
INC0010770,Access Management Team,2026-08-03T10:54:00,Open,,45mins
,Access Management Team,2026-08-03T11:04:00,In progress,Mei Tan,15 mins
,L2 Team,2026-08-03T11:29:00,Open,,17 mins
,L2 Team,2026-08-03T11:44:00,In progress,Ethan Brooks,1 hr 30 mins
,Risk & Compliance Ops,2026-08-03T12:29:00,Open,,2hr 13 mins
,Risk & Compliance Ops,2026-08-03T12:39:00,In progress,Liam O'Connor,1hr 00 mins
,Risk & Compliance Ops,2026-08-03T13:00:00,Closed,Maria Silva,
INC0010771,L2 Team,2026-06-17T05:25:00,Open,,2hr 13 mins
,L2 Team,2026-06-17T05:53:00,In progress,Emily Carter,35mins
,Risk & Compliance Ops,2026-06-17T06:39:00,Open,,1hr 15 mins
,Risk & Compliance Ops,2026-06-17T06:59:00,In progress,Kenji Watanabe,35 mins
,Risk & Compliance Ops,2026-06-17T07:16:00,Hold,Kenji Watanabe,10mins
INC0010772,Core Banking L3,2026-08-12T06:26:00,Open,,2hr 13 mins
,Core Banking L3,2026-08-12T06:49:00,In progress,Arjun Mehta,45 mins
,SD Team,2026-08-12T07:09:00,Open,,15mins
,SD Team,2026-08-12T07:35:00,In progress,Maria Silva,15mins
INC0010773,L1 Service Desk,2026-08-08T19:44:00,Open,,45 mins
,L1 Service Desk,2026-08-08T20:13:00,In progress,Arjun Mehta,2hr 13 mins
,Payments L2 Support,2026-08-08T20:43:00,Open,,45mins
,Payments L2 Support,2026-08-08T21:06:00,In progress,Carlos Mendes,10 mins
,Risk & Compliance Ops,2026-08-08T21:24:00,Open,,2 hr 13 mins
,Risk & Compliance Ops,2026-08-08T21:42:00,In progress,Wei Zhang,45 mins
,Risk & Compliance Ops,2026-08-08T22:23:00,Closed,Fatima Al-Sayed,
INC0010774,L1 Service Desk,2026-06-26T22:36:00,Open,,45 mins
,L1 Service Desk,2026-06-26T22:46:00,In progress,Arjun Mehta,45 mins
,SD Team,2026-06-26T23:12:00,Open,,17mins
,SD Team,2026-06-26T23:41:00,In progress,Wei Zhang,15 mins
,SD Team,2026-06-27T00:03:00,Closed,Wei Zhang,
INC0010775,L3 Team,2026-05-19T14:57:00,Open,,2 hr 5 mins
,L3 Team,2026-05-19T15:25:00,In progress,Emily Carter,35 mins
,L1 Team,2026-05-19T15:57:00,Open,,45mins
,L1 Team,2026-05-19T16:24:00,In progress,Emily Carter,1 hr 30 mins
,FI Team,2026-05-19T17:23:00,Open,,1 hr 30 mins
,FI Team,2026-05-19T17:42:00,In progress,Kenji Watanabe,1 hr 0 mins
,FI Team,2026-05-19T18:16:00,Hold,Maria Silva,15mins
INC0010776,Core Banking L3,2026-08-09T09:32:00,Open,,15 mins
,Core Banking L3,2026-08-09T10:00:00,In progress,Hannah Lee,1 hr 15 mins
,L1 Team,2026-08-09T10:45:00,Open,,45 mins
,L1 Team,2026-08-09T11:12:00,In progress,Hannah Lee,17mins
,FI Team,2026-08-09T12:02:00,Open,,35 mins
,FI Team,2026-08-09T12:22:00,In progress,Wei Zhang,17mins
,FI Team,2026-08-09T13:13:00,Closed,James Cole,
INC0010777,L1 Service Desk,2026-07-27T01:20:00,Open,,17 mins
,L1 Service Desk,2026-07-27T01:46:00,In progress,Arjun Mehta,1 hr 0 mins
,FI Team,2026-07-27T02:44:00,Open,,45mins
,FI Team,2026-07-27T03:00:00,In progress,Maria Silva,1 hr 30 mins
,FI Team,2026-07-27T03:18:00,Hold,Kenji Watanabe,35mins
INC0010778,L2 Team,2026-08-16T18:52:00,Open,,45 mins
,L2 Team,2026-08-16T19:14:00,In progress,Mei Tan,1 hr 0 mins
,Payments L2 Support,2026-08-16T19:47:00,Open,,45 mins
,Payments L2 Support,2026-08-16T20:16:00,In progress,Emily Carter,1hr 00 mins
,SD Team,2026-08-16T21:12:00,Open,,10 mins
,SD Team,2026-08-16T21:34:00,In progress,Sofia Rossi,45mins
,SD Team,2026-08-16T21:57:00,Hold,Sofia Rossi,2 hr 13 mins
INC0010779,L2 Team,2026-07-08T09:41:00,Open,,10 mins
,L2 Team,2026-07-08T09:58:00,In progress,Emily Carter,2hr 13 mins
,Trade Support L2,2026-07-08T10:21:00,Open,,45 mins
,Trade Support L2,2026-07-08T10:49:00,In progress,Priya Sharma,2 hr 13 mins
,Trade Support L2,2026-07-08T11:49:00,Closed,James Cole,
INC0010780,L1 Team,2026-05-20T01:02:00,Open,,1 hr 15 mins
,L1 Team,2026-05-20T01:16:00,In progress,Emily Carter,45 mins
,L3 Team,2026-05-20T01:57:00,Open,,1 hr 0 mins
,L3 Team,2026-05-20T02:23:00,In progress,Ethan Brooks,2 hr 13 mins
,FI Team,2026-05-20T03:18:00,Open,,1hr 00 mins
,FI Team,2026-05-20T03:34:00,In progress,Aisha Khan,1hr 15 mins
INC0010781,L1 Team,2026-08-06T05:22:00,Open,,1hr 00 mins
,L1 Team,2026-08-06T05:37:00,In progress,Arjun Mehta,10mins
,L3 Team,2026-08-06T06:21:00,Open,,1hr 30 mins
,L3 Team,2026-08-06T06:37:00,In progress,Omar Siddiqui,15 mins
,ABAP Team,2026-08-06T07:01:00,Open,,17 mins
,ABAP Team,2026-08-06T07:11:00,In progress,Kenji Watanabe,1 hr 30 mins
INC0010782,L3 Team,2026-08-03T20:36:00,Open,,35 mins
,L3 Team,2026-08-03T20:52:00,In progress,Carlos Mendes,1hr 15 mins
,Access Management Team,2026-08-03T21:24:00,Open,,17 mins
,Access Management Team,2026-08-03T21:41:00,In progress,Noah Williams,10 mins
,Trade Support L2,2026-08-03T22:37:00,Open,,35mins
,Trade Support L2,2026-08-03T23:03:00,In progress,Wei Zhang,15 mins
INC0010783,Core Banking L3,2026-06-12T03:38:00,Open,,2 hr 13 mins
,Core Banking L3,2026-06-12T03:57:00,In progress,Omar Siddiqui,10 mins
,L1 Team,2026-06-12T04:48:00,Open,,15 mins
,L1 Team,2026-06-12T05:07:00,In progress,Carlos Mendes,35mins
,SD Team,2026-06-12T05:57:00,Open,,2 hr 5 mins
,SD Team,2026-06-12T06:12:00,In progress,Fatima Al-Sayed,1 hr 30 mins
,SD Team,2026-06-12T06:36:00,Closed,Sofia Rossi,
INC0010784,Payments L2 Support,2026-06-27T16:51:00,Open,,1 hr 15 mins
,Payments L2 Support,2026-06-27T17:06:00,In progress,Emily Carter,45mins
,L3 Team,2026-06-27T17:48:00,Open,,45mins
,L3 Team,2026-06-27T18:06:00,In progress,Mei Tan,35mins
,ABAP Team,2026-06-27T18:46:00,Open,,2 hr 5 mins
,ABAP Team,2026-06-27T19:14:00,In progress,Liam O'Connor,1hr 00 mins
,ABAP Team,2026-06-27T20:08:00,Hold,Liam O'Connor,35 mins
INC0010785,L3 Team,2026-08-16T11:37:00,Open,,1hr 30 mins
,L3 Team,2026-08-16T12:02:00,In progress,Ethan Brooks,1 hr 30 mins
,L1 Service Desk,2026-08-16T13:01:00,Open,,15 mins
,L1 Service Desk,2026-08-16T13:29:00,In progress,Nadia Rahman,1 hr 0 mins
,FI Team,2026-08-16T13:57:00,Open,,1 hr 30 mins
,FI Team,2026-08-16T14:09:00,In progress,James Cole,2 hr 13 mins
INC0010786,L2 Team,2026-06-12T16:39:00,Open,,35 mins
,L2 Team,2026-06-12T17:00:00,In progress,Emily Carter,10 mins
,Trade Support L2,2026-06-12T17:15:00,Open,,1 hr 0 mins
,Trade Support L2,2026-06-12T17:33:00,In progress,Liam O'Connor,1 hr 15 mins
,Trade Support L2,2026-06-12T17:53:00,Closed,Liam O'Connor,
INC0010787,L1 Team,2026-07-21T04:32:00,Open,,2 hr 5 mins
,L1 Team,2026-07-21T05:02:00,In progress,Carlos Mendes,10 mins
,SD Team,2026-07-21T06:01:00,Open,,17mins
,SD Team,2026-07-21T06:11:00,In progress,Maria Silva,35 mins
INC0010788,L1 Team,2026-07-25T15:30:00,Open,,2 hr 5 mins
,L1 Team,2026-07-25T15:58:00,In progress,Omar Siddiqui,45 mins
,Risk & Compliance Ops,2026-07-25T16:41:00,Open,,17 mins
,Risk & Compliance Ops,2026-07-25T16:54:00,In progress,Fatima Al-Sayed,10mins
,Risk & Compliance Ops,2026-07-25T17:26:00,Hold,Aisha Khan,17 mins
INC0010789,Core Banking L3,2026-05-19T12:39:00,Open,,35 mins
,Core Banking L3,2026-05-19T12:55:00,In progress,Mei Tan,1 hr 15 mins
,FI Team,2026-05-19T13:52:00,Open,,2 hr 5 mins
,FI Team,2026-05-19T14:03:00,In progress,James Cole,35 mins
INC0010790,Access Management Team,2026-08-11T08:53:00,Open,,17mins
,Access Management Team,2026-08-11T09:05:00,In progress,Noah Williams,1hr 15 mins
,Core Banking L3,2026-08-11T09:20:00,Open,,17 mins
,Core Banking L3,2026-08-11T09:31:00,In progress,Chloe Martin,15 mins
,MM Team,2026-08-11T09:56:00,Open,,17 mins
,MM Team,2026-08-11T10:09:00,In progress,Kenji Watanabe,35mins
INC0010791,Core Banking L3,2026-06-28T09:42:00,Open,,1 hr 30 mins
,Core Banking L3,2026-06-28T10:08:00,In progress,Hannah Lee,1 hr 15 mins
,Payments L2 Support,2026-06-28T11:01:00,Open,,1 hr 30 mins
,Payments L2 Support,2026-06-28T11:29:00,In progress,Ethan Brooks,1hr 15 mins
,Trade Support L2,2026-06-28T11:55:00,Open,,1hr 15 mins
,Trade Support L2,2026-06-28T12:15:00,In progress,Liam O'Connor,2 hr 5 mins
,Trade Support L2,2026-06-28T12:31:00,Hold,Aisha Khan,1hr 00 mins
INC0010792,L1 Team,2026-06-30T01:07:00,Open,,17 mins
,L1 Team,2026-06-30T01:24:00,In progress,Mei Tan,15mins
,Payments L2 Support,2026-06-30T02:09:00,Open,,1 hr 0 mins
,Payments L2 Support,2026-06-30T02:37:00,In progress,Noah Williams,10mins
,ABAP Team,2026-06-30T03:03:00,Open,,35 mins
,ABAP Team,2026-06-30T03:20:00,In progress,Priya Sharma,1 hr 30 mins
,ABAP Team,2026-06-30T04:09:00,Hold,James Cole,35mins
INC0010793,L3 Team,2026-08-18T08:37:00,Open,,1 hr 30 mins
,L3 Team,2026-08-18T08:55:00,In progress,Mei Tan,17 mins
,Risk & Compliance Ops,2026-08-18T09:12:00,Open,,35 mins
,Risk & Compliance Ops,2026-08-18T09:29:00,In progress,James Cole,1 hr 30 mins
INC0010794,L1 Team,2026-08-10T00:18:00,Open,,2 hr 13 mins
,L1 Team,2026-08-10T00:30:00,In progress,Omar Siddiqui,1 hr 15 mins
,L1 Service Desk,2026-08-10T01:28:00,Open,,45 mins
,L1 Service Desk,2026-08-10T01:38:00,In progress,Emily Carter,10 mins
,Trade Support L2,2026-08-10T02:35:00,Open,,10 mins
,Trade Support L2,2026-08-10T02:55:00,In progress,Wei Zhang,2 hr 13 mins
,Trade Support L2,2026-08-10T03:15:00,Hold,James Cole,35 mins
INC0010795,Access Management Team,2026-07-04T05:35:00,Open,,45 mins
,Access Management Team,2026-07-04T06:05:00,In progress,Mei Tan,10mins
,Payments L2 Support,2026-07-04T06:29:00,Open,,45 mins
,Payments L2 Support,2026-07-04T06:51:00,In progress,Emily Carter,1 hr 30 mins
,Trade Support L2,2026-07-04T07:24:00,Open,,45 mins
,Trade Support L2,2026-07-04T07:36:00,In progress,Fatima Al-Sayed,17mins
,Trade Support L2,2026-07-04T08:33:00,Closed,Fatima Al-Sayed,
INC0010796,L1 Service Desk,2026-06-14T05:18:00,Open,,17 mins
,L1 Service Desk,2026-06-14T05:37:00,In progress,Ethan Brooks,2 hr 5 mins
,Payments L2 Support,2026-06-14T06:12:00,Open,,1hr 00 mins
,Payments L2 Support,2026-06-14T06:23:00,In progress,Ethan Brooks,1hr 00 mins
,ABAP Team,2026-06-14T06:39:00,Open,,10 mins
,ABAP Team,2026-06-14T06:57:00,In progress,Kenji Watanabe,45mins
INC0010797,L3 Team,2026-06-22T11:41:00,Open,,1hr 30 mins
,L3 Team,2026-06-22T12:07:00,In progress,Noah Williams,1hr 00 mins
,Trade Support L2,2026-06-22T12:58:00,Open,,1 hr 0 mins
,Trade Support L2,2026-06-22T13:16:00,In progress,James Cole,45 mins
INC0010798,L3 Team,2026-08-11T21:17:00,Open,,17mins
,L3 Team,2026-08-11T21:39:00,In progress,Arjun Mehta,1 hr 30 mins
,SD Team,2026-08-11T21:56:00,Open,,10 mins
,SD Team,2026-08-11T22:12:00,In progress,Fatima Al-Sayed,2 hr 5 mins
,SD Team,2026-08-11T23:02:00,Hold,Fatima Al-Sayed,45 mins
INC0010799,L2 Team,2026-07-03T19:13:00,Open,,10 mins
,L2 Team,2026-07-03T19:24:00,In progress,Chloe Martin,45mins
,ABAP Team,2026-07-03T19:46:00,Open,,1 hr 30 mins
,ABAP Team,2026-07-03T19:56:00,In progress,Liam O'Connor,2 hr 13 mins
,ABAP Team,2026-07-03T20:27:00,Closed,Wei Zhang,
INC0010800,L1 Service Desk,2026-07-28T14:43:00,Open,,35 mins
,L1 Service Desk,2026-07-28T14:59:00,In progress,Ethan Brooks,2 hr 13 mins
,L2 Team,2026-07-28T15:39:00,Open,,45 mins
,L2 Team,2026-07-28T15:53:00,In progress,Emily Carter,17mins
,Risk & Compliance Ops,2026-07-28T16:33:00,Open,,45mins
,Risk & Compliance Ops,2026-07-28T16:48:00,In progress,Wei Zhang,2 hr 13 mins
,Risk & Compliance Ops,2026-07-28T17:45:00,Hold,Maria Silva,45 mins
INC0010801,L1 Service Desk,2026-07-28T06:54:00,Open,,17 mins
,L1 Service Desk,2026-07-28T07:20:00,In progress,Emily Carter,45 mins
,Trade Support L2,2026-07-28T07:40:00,Open,,10 mins
,Trade Support L2,2026-07-28T07:59:00,In progress,Kenji Watanabe,17 mins
INC0010802,Access Management Team,2026-07-11T02:03:00,Open,,1 hr 0 mins
,Access Management Team,2026-07-11T02:24:00,In progress,Noah Williams,45 mins
,L1 Team,2026-07-11T02:40:00,Open,,2 hr 13 mins
,L1 Team,2026-07-11T03:05:00,In progress,Omar Siddiqui,45 mins
,FI Team,2026-07-11T03:52:00,Open,,1 hr 30 mins
,FI Team,2026-07-11T04:02:00,In progress,Aisha Khan,15 mins
,FI Team,2026-07-11T04:32:00,Hold,Daniel Cho,1 hr 30 mins
INC0010803,L3 Team,2026-08-01T05:43:00,Open,,1 hr 15 mins
,L3 Team,2026-08-01T05:54:00,In progress,Omar Siddiqui,10 mins
,Core Banking L3,2026-08-01T06:52:00,Open,,2 hr 13 mins
,Core Banking L3,2026-08-01T07:11:00,In progress,Arjun Mehta,35 mins
,FI Team,2026-08-01T07:48:00,Open,,1hr 30 mins
,FI Team,2026-08-01T08:16:00,In progress,Sofia Rossi,15 mins
INC0010804,Access Management Team,2026-08-27T18:05:00,Open,,15 mins
,Access Management Team,2026-08-27T18:34:00,In progress,Chloe Martin,1hr 30 mins
,ABAP Team,2026-08-27T18:56:00,Open,,2 hr 5 mins
,ABAP Team,2026-08-27T19:13:00,In progress,James Cole,2 hr 13 mins
,ABAP Team,2026-08-27T19:40:00,Hold,James Cole,17 mins
INC0010805,L2 Team,2026-08-25T20:05:00,Open,,10mins
,L2 Team,2026-08-25T20:17:00,In progress,Mei Tan,1hr 15 mins
,L1 Team,2026-08-25T20:56:00,Open,,15 mins
,L1 Team,2026-08-25T21:22:00,In progress,Mei Tan,1 hr 30 mins
,MM Team,2026-08-25T21:37:00,Open,,35 mins
,MM Team,2026-08-25T21:47:00,In progress,Fatima Al-Sayed,15 mins
,MM Team,2026-08-25T22:28:00,Closed,James Cole,
INC0010806,Access Management Team,2026-08-12T04:03:00,Open,,1 hr 30 mins
,Access Management Team,2026-08-12T04:20:00,In progress,Hannah Lee,1 hr 15 mins
,Risk & Compliance Ops,2026-08-12T05:19:00,Open,,45mins
,Risk & Compliance Ops,2026-08-12T05:32:00,In progress,Kenji Watanabe,10mins
INC0010807,L3 Team,2026-06-22T13:40:00,Open,,17 mins
,L3 Team,2026-06-22T13:52:00,In progress,Noah Williams,15mins
,Payments L2 Support,2026-06-22T14:47:00,Open,,2hr 05 mins
,Payments L2 Support,2026-06-22T15:00:00,In progress,Carlos Mendes,35 mins
,SD Team,2026-06-22T15:48:00,Open,,10mins
,SD Team,2026-06-22T16:02:00,In progress,Kenji Watanabe,35 mins
INC0010808,Payments L2 Support,2026-08-23T13:51:00,Open,,1 hr 30 mins
,Payments L2 Support,2026-08-23T14:03:00,In progress,Carlos Mendes,45 mins
,Risk & Compliance Ops,2026-08-23T14:39:00,Open,,15 mins
,Risk & Compliance Ops,2026-08-23T14:50:00,In progress,Liam O'Connor,17mins
INC0010809,Core Banking L3,2026-05-31T01:09:00,Open,,2 hr 13 mins
,Core Banking L3,2026-05-31T01:29:00,In progress,Nadia Rahman,1hr 15 mins
,L1 Team,2026-05-31T02:11:00,Open,,1 hr 0 mins
,L1 Team,2026-05-31T02:22:00,In progress,Ethan Brooks,15 mins
,SD Team,2026-05-31T02:45:00,Open,,10 mins
,SD Team,2026-05-31T03:01:00,In progress,James Cole,1 hr 30 mins
INC0010810,L1 Service Desk,2026-08-24T12:15:00,Open,,10 mins
,L1 Service Desk,2026-08-24T12:29:00,In progress,Emily Carter,45mins
,Payments L2 Support,2026-08-24T12:57:00,Open,,15 mins
,Payments L2 Support,2026-08-24T13:13:00,In progress,Omar Siddiqui,45 mins
,ABAP Team,2026-08-24T13:55:00,Open,,17 mins
,ABAP Team,2026-08-24T14:23:00,In progress,James Cole,1 hr 15 mins
,ABAP Team,2026-08-24T15:09:00,Hold,Kenji Watanabe,1 hr 30 mins
INC0010811,Payments L2 Support,2026-06-24T23:48:00,Open,,45mins
,Payments L2 Support,2026-06-24T23:59:00,In progress,Chloe Martin,45mins
,SD Team,2026-06-25T00:14:00,Open,,1 hr 15 mins
,SD Team,2026-06-25T00:34:00,In progress,Liam O'Connor,35 mins
,SD Team,2026-06-25T01:31:00,Closed,Daniel Cho,
INC0010812,L1 Service Desk,2026-07-04T10:39:00,Open,,35 mins
,L1 Service Desk,2026-07-04T11:09:00,In progress,Emily Carter,10 mins
,ABAP Team,2026-07-04T12:06:00,Open,,10mins
,ABAP Team,2026-07-04T12:17:00,In progress,Daniel Cho,45mins
INC0010813,Access Management Team,2026-06-26T07:34:00,Open,,45mins
,Access Management Team,2026-06-26T07:49:00,In progress,Ethan Brooks,45mins
,SD Team,2026-06-26T08:14:00,Open,,2 hr 5 mins
,SD Team,2026-06-26T08:42:00,In progress,Fatima Al-Sayed,2hr 13 mins
INC0010814,Access Management Team,2026-05-21T13:16:00,Open,,1 hr 30 mins
,Access Management Team,2026-05-21T13:45:00,In progress,Mei Tan,2 hr 13 mins
,Core Banking L3,2026-05-21T14:29:00,Open,,15mins
,Core Banking L3,2026-05-21T14:48:00,In progress,Noah Williams,1hr 30 mins
,SD Team,2026-05-21T15:40:00,Open,,2 hr 5 mins
,SD Team,2026-05-21T15:54:00,In progress,Aisha Khan,15 mins
INC0010815,Payments L2 Support,2026-08-17T20:51:00,Open,,17 mins
,Payments L2 Support,2026-08-17T21:04:00,In progress,Omar Siddiqui,35 mins
,Access Management Team,2026-08-17T21:28:00,Open,,1hr 00 mins
,Access Management Team,2026-08-17T21:56:00,In progress,Arjun Mehta,1 hr 0 mins
,FI Team,2026-08-17T22:55:00,Open,,1hr 30 mins
,FI Team,2026-08-17T23:09:00,In progress,Kenji Watanabe,2 hr 13 mins
INC0010816,L1 Team,2026-07-17T19:54:00,Open,,17mins
,L1 Team,2026-07-17T20:10:00,In progress,Carlos Mendes,1 hr 30 mins
,Core Banking L3,2026-07-17T20:39:00,Open,,1 hr 30 mins
,Core Banking L3,2026-07-17T20:56:00,In progress,Hannah Lee,2 hr 13 mins
,MM Team,2026-07-17T21:49:00,Open,,2 hr 13 mins
,MM Team,2026-07-17T22:15:00,In progress,Liam O'Connor,1 hr 30 mins
,MM Team,2026-07-17T22:48:00,Closed,Kenji Watanabe,
INC0010817,L2 Team,2026-07-21T08:51:00,Open,,2 hr 5 mins
,L2 Team,2026-07-21T09:14:00,In progress,Hannah Lee,10mins
,Trade Support L2,2026-07-21T09:38:00,Open,,45mins
,Trade Support L2,2026-07-21T09:52:00,In progress,Aisha Khan,45 mins
INC0010818,Payments L2 Support,2026-05-21T04:04:00,Open,,1 hr 0 mins
,Payments L2 Support,2026-05-21T04:16:00,In progress,Nadia Rahman,10mins
,L1 Service Desk,2026-05-21T05:01:00,Open,,1 hr 0 mins
,L1 Service Desk,2026-05-21T05:15:00,In progress,Nadia Rahman,1hr 30 mins
,SD Team,2026-05-21T06:06:00,Open,,15 mins
,SD Team,2026-05-21T06:22:00,In progress,Maria Silva,1 hr 30 mins
INC0010819,Access Management Team,2026-06-20T15:19:00,Open,,2 hr 13 mins
,Access Management Team,2026-06-20T15:29:00,In progress,Nadia Rahman,1 hr 15 mins
,Payments L2 Support,2026-06-20T15:44:00,Open,,10mins
,Payments L2 Support,2026-06-20T16:10:00,In progress,Chloe Martin,1 hr 0 mins
,SD Team,2026-06-20T16:28:00,Open,,1 hr 0 mins
,SD Team,2026-06-20T16:44:00,In progress,James Cole,15mins
INC0010820,Access Management Team,2026-05-28T20:03:00,Open,,15 mins
,Access Management Team,2026-05-28T20:29:00,In progress,Ethan Brooks,2hr 13 mins
,L1 Team,2026-05-28T20:49:00,Open,,45mins
,L1 Team,2026-05-28T21:18:00,In progress,Ethan Brooks,45 mins
,ABAP Team,2026-05-28T22:02:00,Open,,17mins
,ABAP Team,2026-05-28T22:28:00,In progress,Aisha Khan,2hr 05 mins
INC0010821,Core Banking L3,2026-08-23T07:23:00,Open,,45 mins
,Core Banking L3,2026-08-23T07:53:00,In progress,Carlos Mendes,45 mins
,L2 Team,2026-08-23T08:39:00,Open,,1hr 15 mins
,L2 Team,2026-08-23T09:08:00,In progress,Carlos Mendes,1 hr 0 mins
,ABAP Team,2026-08-23T09:26:00,Open,,1 hr 15 mins
,ABAP Team,2026-08-23T09:48:00,In progress,Maria Silva,2 hr 13 mins
,ABAP Team,2026-08-23T10:41:00,Closed,James Cole,
INC0010822,Core Banking L3,2026-08-18T17:29:00,Open,,2hr 13 mins
,Core Banking L3,2026-08-18T17:51:00,In progress,Nadia Rahman,2 hr 5 mins
,MM Team,2026-08-18T18:44:00,Open,,45 mins
,MM Team,2026-08-18T19:06:00,In progress,Daniel Cho,2 hr 13 mins
INC0010823,L2 Team,2026-08-25T09:26:00,Open,,35 mins
,L2 Team,2026-08-25T09:43:00,In progress,Ethan Brooks,17 mins
,FI Team,2026-08-25T10:20:00,Open,,17 mins
,FI Team,2026-08-25T10:41:00,In progress,Kenji Watanabe,15 mins
,FI Team,2026-08-25T11:30:00,Closed,James Cole,
INC0010824,L2 Team,2026-08-07T01:22:00,Open,,2 hr 13 mins
,L2 Team,2026-08-07T01:34:00,In progress,Arjun Mehta,1 hr 0 mins
,FI Team,2026-08-07T02:03:00,Open,,35mins
,FI Team,2026-08-07T02:23:00,In progress,Wei Zhang,1hr 15 mins
,FI Team,2026-08-07T03:12:00,Closed,Fatima Al-Sayed,
INC0010825,L1 Team,2026-08-07T22:45:00,Open,,1 hr 15 mins
,L1 Team,2026-08-07T23:12:00,In progress,Carlos Mendes,45 mins
,L2 Team,2026-08-08T00:04:00,Open,,10mins
,L2 Team,2026-08-08T00:19:00,In progress,Mei Tan,45 mins
,FI Team,2026-08-08T00:43:00,Open,,45mins
,FI Team,2026-08-08T00:54:00,In progress,Wei Zhang,1hr 00 mins
,FI Team,2026-08-08T01:27:00,Closed,Liam O'Connor,
INC0010826,Core Banking L3,2026-08-08T21:36:00,Open,,15 mins
,Core Banking L3,2026-08-08T22:01:00,In progress,Nadia Rahman,1 hr 15 mins
,SD Team,2026-08-08T22:47:00,Open,,17 mins
,SD Team,2026-08-08T22:59:00,In progress,Priya Sharma,17mins
,SD Team,2026-08-08T23:19:00,Hold,Maria Silva,2 hr 5 mins
INC0010827,Core Banking L3,2026-08-19T14:30:00,Open,,45mins
,Core Banking L3,2026-08-19T14:53:00,In progress,Nadia Rahman,1hr 30 mins
,FI Team,2026-08-19T15:39:00,Open,,2 hr 13 mins
,FI Team,2026-08-19T16:03:00,In progress,Aisha Khan,1 hr 0 mins
,FI Team,2026-08-19T16:52:00,Closed,Aisha Khan,
INC0010828,Payments L2 Support,2026-05-29T23:12:00,Open,,45 mins
,Payments L2 Support,2026-05-29T23:22:00,In progress,Chloe Martin,10 mins
,Trade Support L2,2026-05-30T00:21:00,Open,,2hr 13 mins
,Trade Support L2,2026-05-30T00:43:00,In progress,James Cole,1hr 15 mins
,Trade Support L2,2026-05-30T01:42:00,Hold,Priya Sharma,1hr 00 mins
INC0010829,Payments L2 Support,2026-06-15T05:13:00,Open,,45 mins
,Payments L2 Support,2026-06-15T05:35:00,In progress,Emily Carter,2 hr 13 mins
,L2 Team,2026-06-15T06:01:00,Open,,35mins
,L2 Team,2026-06-15T06:22:00,In progress,Noah Williams,15 mins
,ABAP Team,2026-06-15T07:20:00,Open,,45 mins
,ABAP Team,2026-06-15T07:40:00,In progress,Daniel Cho,1 hr 15 mins
,ABAP Team,2026-06-15T08:38:00,Closed,Liam O'Connor,
INC0010830,Core Banking L3,2026-06-15T08:03:00,Open,,1 hr 30 mins
,Core Banking L3,2026-06-15T08:18:00,In progress,Chloe Martin,2 hr 5 mins
,ABAP Team,2026-06-15T08:53:00,Open,,1 hr 15 mins
,ABAP Team,2026-06-15T09:04:00,In progress,Daniel Cho,2 hr 5 mins
,ABAP Team,2026-06-15T10:02:00,Hold,Liam O'Connor,35 mins
INC0010831,Access Management Team,2026-07-11T04:10:00,Open,,17 mins
,Access Management Team,2026-07-11T04:21:00,In progress,Hannah Lee,10mins
,Payments L2 Support,2026-07-11T05:20:00,Open,,35mins
,Payments L2 Support,2026-07-11T05:47:00,In progress,Omar Siddiqui,2 hr 5 mins
,ABAP Team,2026-07-11T06:46:00,Open,,45mins
,ABAP Team,2026-07-11T07:00:00,In progress,Aisha Khan,2hr 05 mins
INC0010832,Core Banking L3,2026-06-01T02:30:00,Open,,45 mins
,Core Banking L3,2026-06-01T02:54:00,In progress,Ethan Brooks,1 hr 15 mins
,ABAP Team,2026-06-01T03:53:00,Open,,15 mins
,ABAP Team,2026-06-01T04:08:00,In progress,Aisha Khan,1hr 30 mins
,ABAP Team,2026-06-01T04:51:00,Hold,Kenji Watanabe,1 hr 15 mins
INC0010833,L1 Team,2026-05-14T15:56:00,Open,,1hr 15 mins
,L1 Team,2026-05-14T16:18:00,In progress,Emily Carter,2 hr 13 mins
,Risk & Compliance Ops,2026-05-14T17:02:00,Open,,1hr 30 mins
,Risk & Compliance Ops,2026-05-14T17:24:00,In progress,Daniel Cho,17mins
INC0010834,Payments L2 Support,2026-08-24T09:38:00,Open,,17 mins
,Payments L2 Support,2026-08-24T09:58:00,In progress,Nadia Rahman,1 hr 15 mins
,L1 Service Desk,2026-08-24T10:15:00,Open,,2 hr 13 mins
,L1 Service Desk,2026-08-24T10:35:00,In progress,Arjun Mehta,1 hr 0 mins
,Trade Support L2,2026-08-24T11:01:00,Open,,35 mins
,Trade Support L2,2026-08-24T11:12:00,In progress,Liam O'Connor,10mins
,Trade Support L2,2026-08-24T11:50:00,Hold,Kenji Watanabe,1 hr 0 mins
INC0010835,Core Banking L3,2026-06-28T09:33:00,Open,,10 mins
,Core Banking L3,2026-06-28T09:46:00,In progress,Noah Williams,45mins
,L1 Service Desk,2026-06-28T10:12:00,Open,,45 mins
,L1 Service Desk,2026-06-28T10:30:00,In progress,Carlos Mendes,17mins
,Risk & Compliance Ops,2026-06-28T11:10:00,Open,,1 hr 0 mins
,Risk & Compliance Ops,2026-06-28T11:24:00,In progress,Aisha Khan,2hr 05 mins
INC0010836,Core Banking L3,2026-07-31T12:46:00,Open,,2 hr 13 mins
,Core Banking L3,2026-07-31T13:14:00,In progress,Chloe Martin,35 mins
,FI Team,2026-07-31T14:03:00,Open,,2 hr 5 mins
,FI Team,2026-07-31T14:23:00,In progress,Kenji Watanabe,17 mins
,FI Team,2026-07-31T14:43:00,Closed,Sofia Rossi,
INC0010837,Core Banking L3,2026-08-22T02:26:00,Open,,45 mins
,Core Banking L3,2026-08-22T02:41:00,In progress,Nadia Rahman,1 hr 0 mins
,L1 Service Desk,2026-08-22T03:10:00,Open,,35 mins
,L1 Service Desk,2026-08-22T03:36:00,In progress,Omar Siddiqui,15 mins
,FI Team,2026-08-22T04:23:00,Open,,1hr 00 mins
,FI Team,2026-08-22T04:44:00,In progress,Priya Sharma,2hr 13 mins
INC0010838,L1 Service Desk,2026-08-27T10:24:00,Open,,10mins
,L1 Service Desk,2026-08-27T10:44:00,In progress,Chloe Martin,2hr 13 mins
,Payments L2 Support,2026-08-27T11:15:00,Open,,35 mins
,Payments L2 Support,2026-08-27T11:31:00,In progress,Carlos Mendes,2 hr 13 mins
,SD Team,2026-08-27T11:53:00,Open,,1 hr 30 mins
,SD Team,2026-08-27T12:05:00,In progress,James Cole,1 hr 15 mins
,SD Team,2026-08-27T12:50:00,Closed,Aisha Khan,
INC0010839,Payments L2 Support,2026-08-09T17:07:00,Open,,10 mins
,Payments L2 Support,2026-08-09T17:28:00,In progress,Nadia Rahman,1hr 00 mins
,L2 Team,2026-08-09T17:48:00,Open,,45 mins
,L2 Team,2026-08-09T18:12:00,In progress,Emily Carter,45 mins
,SD Team,2026-08-09T18:39:00,Open,,17 mins
,SD Team,2026-08-09T19:08:00,In progress,Kenji Watanabe,1 hr 15 mins
INC0010840,L2 Team,2026-08-04T23:59:00,Open,,1hr 15 mins
,L2 Team,2026-08-05T00:10:00,In progress,Arjun Mehta,2hr 05 mins
,MM Team,2026-08-05T00:34:00,Open,,2 hr 13 mins
,MM Team,2026-08-05T00:53:00,In progress,James Cole,10 mins
,MM Team,2026-08-05T01:19:00,Hold,Maria Silva,1 hr 0 mins
INC0010841,Core Banking L3,2026-07-30T15:04:00,Open,,1hr 30 mins
,Core Banking L3,2026-07-30T15:31:00,In progress,Nadia Rahman,17 mins
,Risk & Compliance Ops,2026-07-30T15:46:00,Open,,17 mins
,Risk & Compliance Ops,2026-07-30T16:12:00,In progress,Daniel Cho,1hr 30 mins
INC0010842,L2 Team,2026-07-01T02:31:00,Open,,1hr 30 mins
,L2 Team,2026-07-01T02:54:00,In progress,Carlos Mendes,45mins
,SD Team,2026-07-01T03:41:00,Open,,1 hr 15 mins
,SD Team,2026-07-01T04:05:00,In progress,Liam O'Connor,45 mins
INC0010843,Core Banking L3,2026-07-21T01:35:00,Open,,45mins
,Core Banking L3,2026-07-21T01:53:00,In progress,Hannah Lee,2hr 05 mins
,L3 Team,2026-07-21T02:31:00,Open,,45mins
,L3 Team,2026-07-21T03:00:00,In progress,Mei Tan,17 mins
,Risk & Compliance Ops,2026-07-21T03:54:00,Open,,15mins
,Risk & Compliance Ops,2026-07-21T04:17:00,In progress,Sofia Rossi,10 mins
,Risk & Compliance Ops,2026-07-21T04:32:00,Closed,Priya Sharma,
INC0010844,Access Management Team,2026-07-16T10:54:00,Open,,45mins
,Access Management Team,2026-07-16T11:11:00,In progress,Mei Tan,2 hr 13 mins
,SD Team,2026-07-16T11:30:00,Open,,17mins
,SD Team,2026-07-16T11:43:00,In progress,Sofia Rossi,15 mins
,SD Team,2026-07-16T11:58:00,Closed,Maria Silva,
INC0010845,Payments L2 Support,2026-08-24T13:24:00,Open,,2 hr 13 mins
,Payments L2 Support,2026-08-24T13:47:00,In progress,Noah Williams,2 hr 13 mins
,FI Team,2026-08-24T14:20:00,Open,,1 hr 30 mins
,FI Team,2026-08-24T14:49:00,In progress,Kenji Watanabe,1 hr 0 mins
INC0010846,L2 Team,2026-07-28T08:09:00,Open,,35 mins
,L2 Team,2026-07-28T08:33:00,In progress,Ethan Brooks,45mins
,L1 Service Desk,2026-07-28T09:14:00,Open,,17mins
,L1 Service Desk,2026-07-28T09:24:00,In progress,Hannah Lee,1 hr 30 mins
,Trade Support L2,2026-07-28T10:24:00,Open,,45 mins
,Trade Support L2,2026-07-28T10:40:00,In progress,James Cole,1 hr 30 mins
INC0010847,Core Banking L3,2026-05-11T08:04:00,Open,,35 mins
,Core Banking L3,2026-05-11T08:18:00,In progress,Emily Carter,17mins
,FI Team,2026-05-11T08:33:00,Open,,2 hr 5 mins
,FI Team,2026-05-11T08:44:00,In progress,Kenji Watanabe,10 mins
,FI Team,2026-05-11T09:32:00,Hold,Aisha Khan,1hr 00 mins
INC0010848,L2 Team,2026-08-26T00:12:00,Open,,1hr 30 mins
,L2 Team,2026-08-26T00:33:00,In progress,Emily Carter,17 mins
,Trade Support L2,2026-08-26T01:13:00,Open,,15mins
,Trade Support L2,2026-08-26T01:37:00,In progress,Wei Zhang,17 mins
,Trade Support L2,2026-08-26T02:22:00,Hold,Maria Silva,45 mins
INC0010849,L1 Service Desk,2026-08-20T13:13:00,Open,,17mins
,L1 Service Desk,2026-08-20T13:24:00,In progress,Hannah Lee,17mins
,L2 Team,2026-08-20T13:44:00,Open,,1 hr 30 mins
,L2 Team,2026-08-20T14:08:00,In progress,Omar Siddiqui,2 hr 13 mins
,MM Team,2026-08-20T14:38:00,Open,,1 hr 0 mins
,MM Team,2026-08-20T15:05:00,In progress,Maria Silva,15mins
,MM Team,2026-08-20T15:50:00,Closed,Daniel Cho,
INC0010850,L2 Team,2026-06-23T05:32:00,Open,,35mins
,L2 Team,2026-06-23T06:02:00,In progress,Noah Williams,10 mins
,MM Team,2026-06-23T06:28:00,Open,,2 hr 5 mins
,MM Team,2026-06-23T06:57:00,In progress,Aisha Khan,1 hr 0 mins
INC0010851,Access Management Team,2026-05-31T17:41:00,Open,,2 hr 5 mins
,Access Management Team,2026-05-31T18:11:00,In progress,Carlos Mendes,35mins
,L3 Team,2026-05-31T19:01:00,Open,,17 mins
,L3 Team,2026-05-31T19:16:00,In progress,Hannah Lee,2hr 13 mins
,Trade Support L2,2026-05-31T20:15:00,Open,,2 hr 5 mins
,Trade Support L2,2026-05-31T20:31:00,In progress,Maria Silva,45 mins
,Trade Support L2,2026-05-31T21:12:00,Closed,Maria Silva,
INC0010852,Core Banking L3,2026-05-22T08:14:00,Open,,35 mins
,Core Banking L3,2026-05-22T08:36:00,In progress,Arjun Mehta,2hr 05 mins
,Access Management Team,2026-05-22T09:07:00,Open,,45mins
,Access Management Team,2026-05-22T09:32:00,In progress,Noah Williams,17 mins
,MM Team,2026-05-22T10:25:00,Open,,2hr 05 mins
,MM Team,2026-05-22T10:35:00,In progress,Wei Zhang,2 hr 5 mins
,MM Team,2026-05-22T11:18:00,Closed,James Cole,
INC0010853,L3 Team,2026-08-07T08:59:00,Open,,2 hr 13 mins
,L3 Team,2026-08-07T09:23:00,In progress,Ethan Brooks,15 mins
,FI Team,2026-08-07T10:09:00,Open,,45 mins
,FI Team,2026-08-07T10:37:00,In progress,Daniel Cho,1 hr 30 mins
,FI Team,2026-08-07T11:00:00,Closed,Wei Zhang,
INC0010854,L2 Team,2026-08-03T07:26:00,Open,,1 hr 0 mins
,L2 Team,2026-08-03T07:37:00,In progress,Nadia Rahman,10 mins
,SD Team,2026-08-03T08:08:00,Open,,1 hr 15 mins
,SD Team,2026-08-03T08:32:00,In progress,Daniel Cho,1 hr 30 mins
,SD Team,2026-08-03T09:23:00,Closed,Maria Silva,
INC0010855,Core Banking L3,2026-08-17T14:19:00,Open,,45mins
,Core Banking L3,2026-08-17T14:45:00,In progress,Nadia Rahman,2 hr 13 mins
,Trade Support L2,2026-08-17T15:25:00,Open,,10 mins
,Trade Support L2,2026-08-17T15:35:00,In progress,Liam O'Connor,45 mins
,Trade Support L2,2026-08-17T16:14:00,Closed,James Cole,
INC0010856,L1 Team,2026-07-02T09:10:00,Open,,45 mins
,L1 Team,2026-07-02T09:26:00,In progress,Emily Carter,10 mins
,L1 Service Desk,2026-07-02T10:22:00,Open,,2 hr 5 mins
,L1 Service Desk,2026-07-02T10:50:00,In progress,Arjun Mehta,15 mins
,ABAP Team,2026-07-02T11:17:00,Open,,2 hr 13 mins
,ABAP Team,2026-07-02T11:43:00,In progress,Aisha Khan,10mins
INC0010857,Payments L2 Support,2026-08-17T16:32:00,Open,,1 hr 15 mins
,Payments L2 Support,2026-08-17T16:48:00,In progress,Ethan Brooks,15mins
,MM Team,2026-08-17T17:10:00,Open,,10mins
,MM Team,2026-08-17T17:24:00,In progress,Wei Zhang,15 mins
INC0010858,Access Management Team,2026-08-26T05:42:00,Open,,1hr 15 mins
,Access Management Team,2026-08-26T06:06:00,In progress,Nadia Rahman,10 mins
,Trade Support L2,2026-08-26T06:59:00,Open,,2 hr 13 mins
,Trade Support L2,2026-08-26T07:12:00,In progress,James Cole,1hr 00 mins
,Trade Support L2,2026-08-26T07:33:00,Closed,Wei Zhang,
INC0010859,L1 Team,2026-08-18T18:05:00,Open,,10 mins
,L1 Team,2026-08-18T18:19:00,In progress,Ethan Brooks,1 hr 15 mins
,Risk & Compliance Ops,2026-08-18T18:46:00,Open,,35 mins
,Risk & Compliance Ops,2026-08-18T19:05:00,In progress,Fatima Al-Sayed,35 mins
,Risk & Compliance Ops,2026-08-18T19:44:00,Closed,Sofia Rossi,
INC0010860,Core Banking L3,2026-06-05T22:27:00,Open,,1 hr 15 mins
,Core Banking L3,2026-06-05T22:46:00,In progress,Ethan Brooks,15 mins
,FI Team,2026-06-05T23:19:00,Open,,15 mins
,FI Team,2026-06-05T23:29:00,In progress,Maria Silva,2 hr 13 mins
INC0010861,Access Management Team,2026-08-24T14:49:00,Open,,2hr 13 mins
,Access Management Team,2026-08-24T15:03:00,In progress,Noah Williams,2hr 05 mins
,L1 Team,2026-08-24T15:42:00,Open,,17 mins
,L1 Team,2026-08-24T16:10:00,In progress,Nadia Rahman,45 mins
,Risk & Compliance Ops,2026-08-24T16:49:00,Open,,15mins
,Risk & Compliance Ops,2026-08-24T17:19:00,In progress,Kenji Watanabe,35mins
,Risk & Compliance Ops,2026-08-24T18:16:00,Closed,Kenji Watanabe,
INC0010862,Access Management Team,2026-08-17T00:16:00,Open,,2hr 05 mins
,Access Management Team,2026-08-17T00:26:00,In progress,Nadia Rahman,1 hr 15 mins
,Trade Support L2,2026-08-17T00:50:00,Open,,1hr 00 mins
,Trade Support L2,2026-08-17T01:17:00,In progress,Sofia Rossi,1hr 30 mins
INC0010863,Access Management Team,2026-07-09T00:46:00,Open,,10 mins
,Access Management Team,2026-07-09T00:58:00,In progress,Noah Williams,10 mins
,L2 Team,2026-07-09T01:43:00,Open,,10 mins
,L2 Team,2026-07-09T01:56:00,In progress,Hannah Lee,2 hr 5 mins
,FI Team,2026-07-09T02:41:00,Open,,1hr 15 mins
,FI Team,2026-07-09T02:52:00,In progress,Fatima Al-Sayed,2 hr 5 mins
INC0010864,L1 Service Desk,2026-07-11T18:24:00,Open,,2 hr 5 mins
,L1 Service Desk,2026-07-11T18:47:00,In progress,Nadia Rahman,17 mins
,MM Team,2026-07-11T19:20:00,Open,,15 mins
,MM Team,2026-07-11T19:40:00,In progress,Priya Sharma,17mins
,MM Team,2026-07-11T20:35:00,Hold,Priya Sharma,35mins
INC0010865,L2 Team,2026-08-08T03:05:00,Open,,15 mins
,L2 Team,2026-08-08T03:34:00,In progress,Chloe Martin,1 hr 15 mins
,ABAP Team,2026-08-08T04:29:00,Open,,1hr 00 mins
,ABAP Team,2026-08-08T04:58:00,In progress,James Cole,45 mins
INC0010866,L3 Team,2026-08-27T22:27:00,Open,,17 mins
,L3 Team,2026-08-27T22:45:00,In progress,Emily Carter,17 mins
,Access Management Team,2026-08-27T23:29:00,Open,,1 hr 0 mins
,Access Management Team,2026-08-27T23:42:00,In progress,Hannah Lee,10 mins
,MM Team,2026-08-28T00:29:00,Open,,35 mins
,MM Team,2026-08-28T00:52:00,In progress,Daniel Cho,35 mins
INC0010867,L3 Team,2026-08-22T20:15:00,Open,,17 mins
,L3 Team,2026-08-22T20:41:00,In progress,Arjun Mehta,1 hr 30 mins
,L1 Team,2026-08-22T21:29:00,Open,,15mins
,L1 Team,2026-08-22T21:50:00,In progress,Chloe Martin,15 mins
,MM Team,2026-08-22T22:42:00,Open,,15 mins
,MM Team,2026-08-22T22:53:00,In progress,James Cole,35mins
INC0010868,L1 Service Desk,2026-08-20T18:03:00,Open,,10 mins
,L1 Service Desk,2026-08-20T18:20:00,In progress,Arjun Mehta,45 mins
,L1 Team,2026-08-20T19:08:00,Open,,45 mins
,L1 Team,2026-08-20T19:27:00,In progress,Hannah Lee,1 hr 0 mins
,FI Team,2026-08-20T19:49:00,Open,,10 mins
,FI Team,2026-08-20T20:17:00,In progress,Kenji Watanabe,17 mins
,FI Team,2026-08-20T21:06:00,Closed,Daniel Cho,
INC0010869,L1 Service Desk,2026-08-17T22:21:00,Open,,2hr 05 mins
,L1 Service Desk,2026-08-17T22:46:00,In progress,Mei Tan,15mins
,Core Banking L3,2026-08-17T23:01:00,Open,,45 mins
,Core Banking L3,2026-08-17T23:17:00,In progress,Noah Williams,1hr 15 mins
,MM Team,2026-08-17T23:59:00,Open,,1 hr 0 mins
,MM Team,2026-08-18T00:11:00,In progress,Sofia Rossi,2 hr 5 mins
,MM Team,2026-08-18T00:59:00,Closed,Aisha Khan,
INC0010870,L1 Team,2026-08-05T14:49:00,Open,,45 mins
,L1 Team,2026-08-05T15:12:00,In progress,Hannah Lee,45mins
,Access Management Team,2026-08-05T16:04:00,Open,,10 mins
,Access Management Team,2026-08-05T16:17:00,In progress,Arjun Mehta,2hr 05 mins
,ABAP Team,2026-08-05T17:14:00,Open,,45 mins
,ABAP Team,2026-08-05T17:24:00,In progress,Liam O'Connor,2 hr 5 mins
INC0010871,Access Management Team,2026-05-25T07:31:00,Open,,2 hr 5 mins
,Access Management Team,2026-05-25T08:01:00,In progress,Arjun Mehta,45 mins
,Trade Support L2,2026-05-25T08:58:00,Open,,15 mins
,Trade Support L2,2026-05-25T09:13:00,In progress,Priya Sharma,45mins
,Trade Support L2,2026-05-25T10:06:00,Closed,Daniel Cho,
INC0010872,Core Banking L3,2026-08-27T17:48:00,Open,,1 hr 0 mins
,Core Banking L3,2026-08-27T18:14:00,In progress,Chloe Martin,2 hr 13 mins
,Payments L2 Support,2026-08-27T19:10:00,Open,,15 mins
,Payments L2 Support,2026-08-27T19:34:00,In progress,Mei Tan,1 hr 15 mins
,MM Team,2026-08-27T19:56:00,Open,,1 hr 0 mins
,MM Team,2026-08-27T20:23:00,In progress,James Cole,1hr 00 mins
,MM Team,2026-08-27T20:44:00,Closed,Kenji Watanabe,
INC0010873,L1 Team,2026-08-23T16:47:00,Open,,2hr 05 mins
,L1 Team,2026-08-23T17:04:00,In progress,Arjun Mehta,17 mins
,L1 Service Desk,2026-08-23T17:46:00,Open,,17 mins
,L1 Service Desk,2026-08-23T18:12:00,In progress,Hannah Lee,2 hr 5 mins
,MM Team,2026-08-23T18:34:00,Open,,1 hr 15 mins
,MM Team,2026-08-23T18:46:00,In progress,Liam O'Connor,17 mins
,MM Team,2026-08-23T19:43:00,Closed,Wei Zhang,
INC0010874,L1 Service Desk,2026-08-26T10:09:00,Open,,1hr 30 mins
,L1 Service Desk,2026-08-26T10:36:00,In progress,Emily Carter,15 mins
,ABAP Team,2026-08-26T10:54:00,Open,,2 hr 13 mins
,ABAP Team,2026-08-26T11:04:00,In progress,Liam O'Connor,15mins
,ABAP Team,2026-08-26T11:24:00,Closed,Aisha Khan,
INC0010875,L2 Team,2026-07-06T17:27:00,Open,,1 hr 15 mins
,L2 Team,2026-07-06T17:54:00,In progress,Ethan Brooks,2 hr 13 mins
,L1 Team,2026-07-06T18:27:00,Open,,2 hr 13 mins
,L1 Team,2026-07-06T18:37:00,In progress,Emily Carter,1hr 30 mins
,ABAP Team,2026-07-06T19:08:00,Open,,17 mins
,ABAP Team,2026-07-06T19:21:00,In progress,Liam O'Connor,45mins
INC0010876,Payments L2 Support,2026-08-16T15:40:00,Open,,1hr 30 mins
,Payments L2 Support,2026-08-16T16:04:00,In progress,Mei Tan,17 mins
,MM Team,2026-08-16T16:20:00,Open,,10 mins
,MM Team,2026-08-16T16:45:00,In progress,Sofia Rossi,1 hr 15 mins
INC0010877,Access Management Team,2026-06-10T04:36:00,Open,,1 hr 0 mins
,Access Management Team,2026-06-10T04:48:00,In progress,Chloe Martin,15mins
,FI Team,2026-06-10T05:45:00,Open,,17mins
,FI Team,2026-06-10T06:10:00,In progress,Fatima Al-Sayed,45 mins
INC0010878,Payments L2 Support,2026-05-23T14:46:00,Open,,1 hr 15 mins
,Payments L2 Support,2026-05-23T15:08:00,In progress,Ethan Brooks,2 hr 13 mins
,Access Management Team,2026-05-23T15:26:00,Open,,45 mins
,Access Management Team,2026-05-23T15:54:00,In progress,Emily Carter,45 mins
,FI Team,2026-05-23T16:46:00,Open,,45 mins
,FI Team,2026-05-23T16:57:00,In progress,Maria Silva,1 hr 30 mins
INC0010879,L1 Service Desk,2026-06-03T15:53:00,Open,,2 hr 13 mins
,L1 Service Desk,2026-06-03T16:20:00,In progress,Hannah Lee,1hr 00 mins
,SD Team,2026-06-03T16:41:00,Open,,1 hr 15 mins
,SD Team,2026-06-03T17:11:00,In progress,Kenji Watanabe,17 mins
,SD Team,2026-06-03T18:06:00,Closed,Priya Sharma,
INC0010880,Core Banking L3,2026-06-22T08:33:00,Open,,2hr 05 mins
,Core Banking L3,2026-06-22T08:55:00,In progress,Ethan Brooks,35mins
,Access Management Team,2026-06-22T09:26:00,Open,,2hr 05 mins
,Access Management Team,2026-06-22T09:36:00,In progress,Carlos Mendes,1 hr 15 mins
,SD Team,2026-06-22T10:10:00,Open,,1 hr 15 mins
,SD Team,2026-06-22T10:24:00,In progress,Priya Sharma,15 mins
INC0010881,L3 Team,2026-08-25T01:53:00,Open,,35mins
,L3 Team,2026-08-25T02:16:00,In progress,Mei Tan,17 mins
,Risk & Compliance Ops,2026-08-25T03:03:00,Open,,35 mins
,Risk & Compliance Ops,2026-08-25T03:30:00,In progress,Kenji Watanabe,1 hr 30 mins
,Risk & Compliance Ops,2026-08-25T04:17:00,Closed,Aisha Khan,
INC0010882,L1 Service Desk,2026-05-22T18:59:00,Open,,45 mins
,L1 Service Desk,2026-05-22T19:24:00,In progress,Noah Williams,1hr 30 mins
,FI Team,2026-05-22T20:17:00,Open,,1 hr 0 mins
,FI Team,2026-05-22T20:46:00,In progress,James Cole,45 mins
,FI Team,2026-05-22T21:14:00,Hold,James Cole,2 hr 5 mins
INC0010883,Core Banking L3,2026-07-11T22:52:00,Open,,17 mins
,Core Banking L3,2026-07-11T23:15:00,In progress,Noah Williams,35 mins
,Payments L2 Support,2026-07-11T23:56:00,Open,,10 mins
,Payments L2 Support,2026-07-12T00:11:00,In progress,Arjun Mehta,45 mins
,Trade Support L2,2026-07-12T01:01:00,Open,,1hr 00 mins
,Trade Support L2,2026-07-12T01:11:00,In progress,Wei Zhang,45 mins
,Trade Support L2,2026-07-12T01:45:00,Hold,Maria Silva,17 mins
INC0010884,L1 Service Desk,2026-05-12T01:46:00,Open,,2 hr 13 mins
,L1 Service Desk,2026-05-12T02:02:00,In progress,Hannah Lee,10mins
,SD Team,2026-05-12T02:43:00,Open,,15 mins
,SD Team,2026-05-12T03:08:00,In progress,James Cole,1 hr 30 mins
INC0010885,Payments L2 Support,2026-08-09T04:20:00,Open,,10 mins
,Payments L2 Support,2026-08-09T04:44:00,In progress,Noah Williams,15 mins
,Risk & Compliance Ops,2026-08-09T05:04:00,Open,,1 hr 0 mins
,Risk & Compliance Ops,2026-08-09T05:17:00,In progress,Aisha Khan,45mins
INC0010886,Core Banking L3,2026-08-12T22:36:00,Open,,1hr 30 mins
,Core Banking L3,2026-08-12T23:05:00,In progress,Ethan Brooks,2 hr 5 mins
,L1 Service Desk,2026-08-13T00:04:00,Open,,2hr 05 mins
,L1 Service Desk,2026-08-13T00:33:00,In progress,Ethan Brooks,1hr 15 mins
,SD Team,2026-08-13T01:20:00,Open,,45mins
,SD Team,2026-08-13T01:32:00,In progress,Aisha Khan,2hr 05 mins
INC0010887,L1 Team,2026-08-02T22:42:00,Open,,2 hr 5 mins
,L1 Team,2026-08-02T23:11:00,In progress,Noah Williams,10mins
,ABAP Team,2026-08-02T23:56:00,Open,,35mins
,ABAP Team,2026-08-03T00:18:00,In progress,Priya Sharma,45 mins
,ABAP Team,2026-08-03T00:37:00,Closed,James Cole,
INC0010888,L2 Team,2026-05-27T14:54:00,Open,,1 hr 30 mins
,L2 Team,2026-05-27T15:16:00,In progress,Ethan Brooks,45 mins
,Risk & Compliance Ops,2026-05-27T15:57:00,Open,,2 hr 13 mins
,Risk & Compliance Ops,2026-05-27T16:10:00,In progress,Daniel Cho,2hr 05 mins
,Risk & Compliance Ops,2026-05-27T16:45:00,Closed,Sofia Rossi,
INC0010889,L1 Service Desk,2026-08-27T00:57:00,Open,,10 mins
,L1 Service Desk,2026-08-27T01:07:00,In progress,Hannah Lee,17 mins
,MM Team,2026-08-27T01:55:00,Open,,45 mins
,MM Team,2026-08-27T02:06:00,In progress,Liam O'Connor,1hr 00 mins
,MM Team,2026-08-27T03:04:00,Closed,Liam O'Connor,
INC0010890,L1 Service Desk,2026-08-24T15:16:00,Open,,10 mins
,L1 Service Desk,2026-08-24T15:39:00,In progress,Arjun Mehta,45 mins
,Access Management Team,2026-08-24T16:21:00,Open,,45 mins
,Access Management Team,2026-08-24T16:45:00,In progress,Arjun Mehta,2hr 05 mins
,MM Team,2026-08-24T17:19:00,Open,,35 mins
,MM Team,2026-08-24T17:45:00,In progress,Fatima Al-Sayed,10 mins
,MM Team,2026-08-24T18:08:00,Closed,Aisha Khan,
INC0010891,Access Management Team,2026-05-27T01:35:00,Open,,17mins
,Access Management Team,2026-05-27T01:50:00,In progress,Omar Siddiqui,45mins
,L1 Service Desk,2026-05-27T02:23:00,Open,,10 mins
,L1 Service Desk,2026-05-27T02:45:00,In progress,Hannah Lee,2 hr 5 mins
,MM Team,2026-05-27T03:22:00,Open,,10 mins
,MM Team,2026-05-27T03:45:00,In progress,James Cole,17 mins
INC0010892,L3 Team,2026-08-26T05:14:00,Open,,1hr 15 mins
,L3 Team,2026-08-26T05:39:00,In progress,Ethan Brooks,45 mins
,FI Team,2026-08-26T06:02:00,Open,,2 hr 5 mins
,FI Team,2026-08-26T06:24:00,In progress,Priya Sharma,15 mins
,FI Team,2026-08-26T06:50:00,Closed,Liam O'Connor,
INC0010893,L3 Team,2026-08-04T08:38:00,Open,,45mins
,L3 Team,2026-08-04T09:04:00,In progress,Arjun Mehta,10mins
,Risk & Compliance Ops,2026-08-04T09:19:00,Open,,2 hr 5 mins
,Risk & Compliance Ops,2026-08-04T09:41:00,In progress,Maria Silva,1 hr 15 mins
INC0010894,Access Management Team,2026-08-08T02:05:00,Open,,17mins
,Access Management Team,2026-08-08T02:34:00,In progress,Hannah Lee,1 hr 15 mins
,ABAP Team,2026-08-08T03:06:00,Open,,1hr 00 mins
,ABAP Team,2026-08-08T03:21:00,In progress,Kenji Watanabe,1 hr 0 mins
INC0010895,L2 Team,2026-08-21T20:49:00,Open,,35mins
,L2 Team,2026-08-21T21:07:00,In progress,Nadia Rahman,1hr 15 mins
,ABAP Team,2026-08-21T21:36:00,Open,,2 hr 5 mins
,ABAP Team,2026-08-21T21:58:00,In progress,Fatima Al-Sayed,10 mins
INC0010896,Access Management Team,2026-06-13T22:11:00,Open,,45 mins
,Access Management Team,2026-06-13T22:37:00,In progress,Arjun Mehta,17 mins
,Core Banking L3,2026-06-13T23:34:00,Open,,1 hr 30 mins
,Core Banking L3,2026-06-13T23:51:00,In progress,Hannah Lee,45 mins
,FI Team,2026-06-14T00:09:00,Open,,1hr 00 mins
,FI Team,2026-06-14T00:28:00,In progress,Sofia Rossi,45mins
INC0010897,Core Banking L3,2026-08-11T18:34:00,Open,,15 mins
,Core Banking L3,2026-08-11T18:48:00,In progress,Nadia Rahman,17mins
,L2 Team,2026-08-11T19:31:00,Open,,45mins
,L2 Team,2026-08-11T20:00:00,In progress,Chloe Martin,2 hr 13 mins
,FI Team,2026-08-11T20:20:00,Open,,1 hr 0 mins
,FI Team,2026-08-11T20:37:00,In progress,Kenji Watanabe,2 hr 13 mins
INC0010898,L2 Team,2026-07-04T00:20:00,Open,,1 hr 30 mins
,L2 Team,2026-07-04T00:42:00,In progress,Emily Carter,1hr 15 mins
,L1 Team,2026-07-04T01:42:00,Open,,10mins
,L1 Team,2026-07-04T02:09:00,In progress,Mei Tan,15mins
,FI Team,2026-07-04T02:48:00,Open,,10 mins
,FI Team,2026-07-04T03:08:00,In progress,Aisha Khan,10 mins
,FI Team,2026-07-04T04:01:00,Closed,Aisha Khan,
INC0010899,L3 Team,2026-05-12T20:02:00,Open,,35 mins
,L3 Team,2026-05-12T20:19:00,In progress,Arjun Mehta,10mins
,Risk & Compliance Ops,2026-05-12T21:14:00,Open,,1 hr 30 mins
,Risk & Compliance Ops,2026-05-12T21:36:00,In progress,Maria Silva,1 hr 15 mins
,Risk & Compliance Ops,2026-05-12T22:09:00,Closed,Daniel Cho,
INC0010900,L3 Team,2026-05-30T00:30:00,Open,,45 mins
,L3 Team,2026-05-30T00:51:00,In progress,Carlos Mendes,45 mins
,L2 Team,2026-05-30T01:09:00,Open,,1 hr 30 mins
,L2 Team,2026-05-30T01:36:00,In progress,Hannah Lee,15 mins
,SD Team,2026-05-30T02:29:00,Open,,1 hr 15 mins
,SD Team,2026-05-30T02:56:00,In progress,Sofia Rossi,2 hr 13 mins
,SD Team,2026-05-30T03:52:00,Hold,Kenji Watanabe,35mins
INC0010901,L2 Team,2026-06-19T21:24:00,Open,,1 hr 15 mins
,L2 Team,2026-06-19T21:50:00,In progress,Carlos Mendes,1 hr 30 mins
,Risk & Compliance Ops,2026-06-19T22:29:00,Open,,2 hr 5 mins
,Risk & Compliance Ops,2026-06-19T22:52:00,In progress,Fatima Al-Sayed,1 hr 30 mins
,Risk & Compliance Ops,2026-06-19T23:51:00,Closed,Wei Zhang,
INC0010902,L1 Service Desk,2026-05-31T01:52:00,Open,,17 mins
,L1 Service Desk,2026-05-31T02:05:00,In progress,Ethan Brooks,2 hr 13 mins
,Payments L2 Support,2026-05-31T02:36:00,Open,,1 hr 0 mins
,Payments L2 Support,2026-05-31T02:47:00,In progress,Mei Tan,1 hr 0 mins
,Trade Support L2,2026-05-31T03:18:00,Open,,17 mins
,Trade Support L2,2026-05-31T03:45:00,In progress,Aisha Khan,2hr 05 mins
INC0010903,L2 Team,2026-06-11T16:02:00,Open,,15 mins
,L2 Team,2026-06-11T16:15:00,In progress,Ethan Brooks,1 hr 15 mins
,Risk & Compliance Ops,2026-06-11T16:55:00,Open,,17mins
,Risk & Compliance Ops,2026-06-11T17:11:00,In progress,Fatima Al-Sayed,1 hr 30 mins
,Risk & Compliance Ops,2026-06-11T18:11:00,Closed,Priya Sharma,
INC0010904,L2 Team,2026-07-19T20:54:00,Open,,10 mins
,L2 Team,2026-07-19T21:04:00,In progress,Emily Carter,17 mins
,ABAP Team,2026-07-19T21:20:00,Open,,1hr 30 mins
,ABAP Team,2026-07-19T21:44:00,In progress,Kenji Watanabe,1 hr 0 mins
INC0010905,Payments L2 Support,2026-08-13T11:46:00,Open,,2 hr 5 mins
,Payments L2 Support,2026-08-13T12:13:00,In progress,Chloe Martin,1 hr 0 mins
,Trade Support L2,2026-08-13T12:28:00,Open,,45 mins
,Trade Support L2,2026-08-13T12:49:00,In progress,Priya Sharma,15 mins
,Trade Support L2,2026-08-13T13:07:00,Hold,Liam O'Connor,1hr 30 mins
INC0010906,Core Banking L3,2026-08-21T09:18:00,Open,,2 hr 5 mins
,Core Banking L3,2026-08-21T09:29:00,In progress,Carlos Mendes,1 hr 0 mins
,ABAP Team,2026-08-21T10:25:00,Open,,45 mins
,ABAP Team,2026-08-21T10:48:00,In progress,Fatima Al-Sayed,45mins
INC0010907,L1 Team,2026-08-12T00:07:00,Open,,10 mins
,L1 Team,2026-08-12T00:29:00,In progress,Noah Williams,10 mins
,FI Team,2026-08-12T01:01:00,Open,,2hr 05 mins
,FI Team,2026-08-12T01:25:00,In progress,Sofia Rossi,10mins
,FI Team,2026-08-12T01:42:00,Closed,Maria Silva,
INC0010908,L1 Service Desk,2026-08-13T10:32:00,Open,,15 mins
,L1 Service Desk,2026-08-13T11:02:00,In progress,Hannah Lee,45 mins
,L3 Team,2026-08-13T12:02:00,Open,,15mins
,L3 Team,2026-08-13T12:19:00,In progress,Arjun Mehta,1 hr 15 mins
,ABAP Team,2026-08-13T12:54:00,Open,,2 hr 5 mins
,ABAP Team,2026-08-13T13:12:00,In progress,Fatima Al-Sayed,1 hr 15 mins
INC0010909,L3 Team,2026-08-22T16:42:00,Open,,35 mins
,L3 Team,2026-08-22T17:05:00,In progress,Hannah Lee,1 hr 30 mins
,Risk & Compliance Ops,2026-08-22T17:44:00,Open,,2 hr 5 mins
,Risk & Compliance Ops,2026-08-22T18:13:00,In progress,Kenji Watanabe,17 mins
,Risk & Compliance Ops,2026-08-22T19:06:00,Hold,Maria Silva,10mins
INC0010910,Payments L2 Support,2026-06-10T08:11:00,Open,,2 hr 13 mins
,Payments L2 Support,2026-06-10T08:24:00,In progress,Ethan Brooks,2 hr 5 mins
,Access Management Team,2026-06-10T09:02:00,Open,,10 mins
,Access Management Team,2026-06-10T09:30:00,In progress,Hannah Lee,1 hr 15 mins
,Risk & Compliance Ops,2026-06-10T10:21:00,Open,,1 hr 0 mins
,Risk & Compliance Ops,2026-06-10T10:50:00,In progress,Aisha Khan,17 mins
INC0010911,L1 Service Desk,2026-08-16T12:15:00,Open,,45 mins
,L1 Service Desk,2026-08-16T12:45:00,In progress,Ethan Brooks,2 hr 5 mins
,Trade Support L2,2026-08-16T13:11:00,Open,,45 mins
,Trade Support L2,2026-08-16T13:38:00,In progress,Sofia Rossi,17 mins
INC0010912,L3 Team,2026-08-17T13:11:00,Open,,15 mins
,L3 Team,2026-08-17T13:36:00,In progress,Emily Carter,2 hr 13 mins
,Payments L2 Support,2026-08-17T13:59:00,Open,,1hr 15 mins
,Payments L2 Support,2026-08-17T14:21:00,In progress,Emily Carter,15mins
,SD Team,2026-08-17T15:19:00,Open,,2 hr 13 mins
,SD Team,2026-08-17T15:33:00,In progress,Liam O'Connor,15mins
,SD Team,2026-08-17T16:33:00,Closed,Fatima Al-Sayed,
INC0010913,L1 Service Desk,2026-06-12T20:47:00,Open,,17 mins
,L1 Service Desk,2026-06-12T21:01:00,In progress,Mei Tan,1hr 15 mins
,SD Team,2026-06-12T21:48:00,Open,,1 hr 15 mins
,SD Team,2026-06-12T22:06:00,In progress,Sofia Rossi,45 mins
,SD Team,2026-06-12T22:27:00,Hold,Sofia Rossi,2hr 13 mins
INC0010914,Access Management Team,2026-07-16T00:19:00,Open,,1 hr 0 mins
,Access Management Team,2026-07-16T00:33:00,In progress,Ethan Brooks,2 hr 5 mins
,L1 Team,2026-07-16T00:56:00,Open,,45 mins
,L1 Team,2026-07-16T01:06:00,In progress,Arjun Mehta,10 mins
,SD Team,2026-07-16T02:01:00,Open,,45 mins
,SD Team,2026-07-16T02:19:00,In progress,Priya Sharma,1 hr 15 mins
INC0010915,L3 Team,2026-05-15T01:33:00,Open,,17mins
,L3 Team,2026-05-15T01:48:00,In progress,Ethan Brooks,2hr 05 mins
,MM Team,2026-05-15T02:20:00,Open,,15 mins
,MM Team,2026-05-15T02:46:00,In progress,Maria Silva,1 hr 30 mins
INC0010916,Core Banking L3,2026-08-11T23:16:00,Open,,15 mins
,Core Banking L3,2026-08-11T23:39:00,In progress,Emily Carter,1 hr 0 mins
,L1 Service Desk,2026-08-12T00:17:00,Open,,10 mins
,L1 Service Desk,2026-08-12T00:29:00,In progress,Arjun Mehta,45mins
,FI Team,2026-08-12T01:25:00,Open,,10 mins
,FI Team,2026-08-12T01:38:00,In progress,Priya Sharma,10mins
,FI Team,2026-08-12T02:04:00,Hold,Wei Zhang,2 hr 13 mins
INC0010917,L1 Service Desk,2026-05-30T07:37:00,Open,,10mins
,L1 Service Desk,2026-05-30T07:58:00,In progress,Nadia Rahman,1 hr 15 mins
,ABAP Team,2026-05-30T08:49:00,Open,,10 mins
,ABAP Team,2026-05-30T09:13:00,In progress,James Cole,1 hr 0 mins
INC0010918,L1 Team,2026-08-27T17:47:00,Open,,45mins
,L1 Team,2026-08-27T18:17:00,In progress,Emily Carter,1 hr 30 mins
,MM Team,2026-08-27T18:51:00,Open,,45mins
,MM Team,2026-08-27T19:10:00,In progress,Liam O'Connor,2 hr 13 mins
,MM Team,2026-08-27T20:01:00,Hold,Liam O'Connor,1 hr 0 mins
INC0010919,Access Management Team,2026-08-22T00:40:00,Open,,45 mins
,Access Management Team,2026-08-22T01:09:00,In progress,Carlos Mendes,45 mins
,MM Team,2026-08-22T01:31:00,Open,,15mins
,MM Team,2026-08-22T01:57:00,In progress,Maria Silva,35 mins
INC0010920,L2 Team,2026-08-04T04:32:00,Open,,15 mins
,L2 Team,2026-08-04T04:50:00,In progress,Noah Williams,45mins
,Trade Support L2,2026-08-04T05:47:00,Open,,35mins
,Trade Support L2,2026-08-04T06:02:00,In progress,James Cole,1hr 15 mins
,Trade Support L2,2026-08-04T06:30:00,Hold,Sofia Rossi,1hr 15 mins
INC0010921,L3 Team,2026-08-18T17:08:00,Open,,1 hr 0 mins
,L3 Team,2026-08-18T17:19:00,In progress,Carlos Mendes,1hr 30 mins
,FI Team,2026-08-18T17:36:00,Open,,1 hr 15 mins
,FI Team,2026-08-18T18:04:00,In progress,Daniel Cho,35mins
,FI Team,2026-08-18T18:35:00,Closed,Liam O'Connor,
INC0010922,Payments L2 Support,2026-08-24T13:16:00,Open,,17 mins
,Payments L2 Support,2026-08-24T13:33:00,In progress,Omar Siddiqui,2hr 13 mins
,SD Team,2026-08-24T14:13:00,Open,,1 hr 30 mins
,SD Team,2026-08-24T14:33:00,In progress,Priya Sharma,1hr 15 mins
,SD Team,2026-08-24T15:05:00,Closed,Maria Silva,
INC0010923,Payments L2 Support,2026-08-13T18:19:00,Open,,15 mins
,Payments L2 Support,2026-08-13T18:41:00,In progress,Nadia Rahman,2 hr 5 mins
,L3 Team,2026-08-13T18:56:00,Open,,2 hr 5 mins
,L3 Team,2026-08-13T19:23:00,In progress,Omar Siddiqui,15 mins
,SD Team,2026-08-13T20:09:00,Open,,45mins
,SD Team,2026-08-13T20:19:00,In progress,Fatima Al-Sayed,15 mins
,SD Team,2026-08-13T20:40:00,Hold,James Cole,15 mins
INC0010924,L1 Team,2026-06-09T23:22:00,Open,,10 mins
,L1 Team,2026-06-09T23:42:00,In progress,Ethan Brooks,2hr 13 mins
,Payments L2 Support,2026-06-10T00:00:00,Open,,2 hr 13 mins
,Payments L2 Support,2026-06-10T00:15:00,In progress,Omar Siddiqui,10 mins
,Trade Support L2,2026-06-10T01:15:00,Open,,35 mins
,Trade Support L2,2026-06-10T01:33:00,In progress,James Cole,2 hr 13 mins
,Trade Support L2,2026-06-10T01:48:00,Hold,James Cole,2 hr 13 mins
INC0010925,L3 Team,2026-07-09T22:11:00,Open,,10 mins
,L3 Team,2026-07-09T22:26:00,In progress,Arjun Mehta,15 mins
,Payments L2 Support,2026-07-09T22:48:00,Open,,45 mins
,Payments L2 Support,2026-07-09T23:03:00,In progress,Omar Siddiqui,2 hr 13 mins
,SD Team,2026-07-10T00:01:00,Open,,1 hr 15 mins
,SD Team,2026-07-10T00:30:00,In progress,Sofia Rossi,10 mins
,SD Team,2026-07-10T01:03:00,Hold,Priya Sharma,1 hr 15 mins
INC0010926,Access Management Team,2026-07-17T19:58:00,Open,,1 hr 15 mins
,Access Management Team,2026-07-17T20:25:00,In progress,Omar Siddiqui,45mins
,FI Team,2026-07-17T21:17:00,Open,,2 hr 13 mins
,FI Team,2026-07-17T21:34:00,In progress,James Cole,10 mins
,FI Team,2026-07-17T22:14:00,Hold,Liam O'Connor,2 hr 13 mins
INC0010927,Access Management Team,2026-06-16T01:30:00,Open,,35mins
,Access Management Team,2026-06-16T01:58:00,In progress,Hannah Lee,45 mins
,Core Banking L3,2026-06-16T02:21:00,Open,,10 mins
,Core Banking L3,2026-06-16T02:44:00,In progress,Hannah Lee,2 hr 5 mins
,ABAP Team,2026-06-16T03:17:00,Open,,1hr 30 mins
,ABAP Team,2026-06-16T03:47:00,In progress,Fatima Al-Sayed,15 mins
INC0010928,Payments L2 Support,2026-05-26T10:49:00,Open,,1hr 30 mins
,Payments L2 Support,2026-05-26T11:10:00,In progress,Carlos Mendes,45mins
,Access Management Team,2026-05-26T12:01:00,Open,,45 mins
,Access Management Team,2026-05-26T12:12:00,In progress,Noah Williams,10 mins
,FI Team,2026-05-26T12:53:00,Open,,2 hr 5 mins
,FI Team,2026-05-26T13:03:00,In progress,Priya Sharma,1 hr 0 mins
,FI Team,2026-05-26T13:45:00,Closed,Daniel Cho,
INC0010929,Payments L2 Support,2026-08-18T14:34:00,Open,,1hr 15 mins
,Payments L2 Support,2026-08-18T14:52:00,In progress,Arjun Mehta,35 mins
,MM Team,2026-08-18T15:39:00,Open,,2 hr 13 mins
,MM Team,2026-08-18T15:55:00,In progress,Fatima Al-Sayed,2hr 05 mins
INC0010930,Access Management Team,2026-06-23T06:59:00,Open,,10 mins
,Access Management Team,2026-06-23T07:24:00,In progress,Nadia Rahman,45 mins
,L2 Team,2026-06-23T07:39:00,Open,,35 mins
,L2 Team,2026-06-23T08:09:00,In progress,Emily Carter,15 mins
,ABAP Team,2026-06-23T08:37:00,Open,,45 mins
,ABAP Team,2026-06-23T08:51:00,In progress,Kenji Watanabe,17 mins
,ABAP Team,2026-06-23T09:12:00,Closed,Maria Silva,
INC0010931,L2 Team,2026-08-18T03:46:00,Open,,2 hr 13 mins
,L2 Team,2026-08-18T04:14:00,In progress,Noah Williams,35 mins
,Payments L2 Support,2026-08-18T04:48:00,Open,,45 mins
,Payments L2 Support,2026-08-18T05:00:00,In progress,Arjun Mehta,10mins
,ABAP Team,2026-08-18T05:17:00,Open,,1 hr 0 mins
,ABAP Team,2026-08-18T05:28:00,In progress,James Cole,10mins
,ABAP Team,2026-08-18T06:17:00,Hold,James Cole,1 hr 0 mins
INC0010932,L1 Team,2026-07-25T14:00:00,Open,,15 mins
,L1 Team,2026-07-25T14:22:00,In progress,Nadia Rahman,17mins
,FI Team,2026-07-25T14:37:00,Open,,2hr 13 mins
,FI Team,2026-07-25T15:01:00,In progress,Sofia Rossi,2 hr 5 mins
INC0010933,L3 Team,2026-06-22T03:35:00,Open,,15 mins
,L3 Team,2026-06-22T04:03:00,In progress,Chloe Martin,45 mins
,Payments L2 Support,2026-06-22T04:43:00,Open,,10 mins
,Payments L2 Support,2026-06-22T05:00:00,In progress,Noah Williams,10mins
,FI Team,2026-06-22T05:24:00,Open,,45mins
,FI Team,2026-06-22T05:39:00,In progress,James Cole,45 mins
INC0010934,Core Banking L3,2026-08-10T10:39:00,Open,,17 mins
,Core Banking L3,2026-08-10T11:03:00,In progress,Noah Williams,45 mins
,Risk & Compliance Ops,2026-08-10T11:32:00,Open,,1 hr 30 mins
,Risk & Compliance Ops,2026-08-10T11:47:00,In progress,Aisha Khan,1 hr 0 mins
,Risk & Compliance Ops,2026-08-10T12:12:00,Closed,James Cole,
INC0010935,L1 Team,2026-08-01T22:48:00,Open,,1 hr 30 mins
,L1 Team,2026-08-01T23:14:00,In progress,Mei Tan,1 hr 15 mins
,SD Team,2026-08-01T23:29:00,Open,,2 hr 5 mins
,SD Team,2026-08-01T23:52:00,In progress,Sofia Rossi,15mins
,SD Team,2026-08-02T00:34:00,Hold,Sofia Rossi,45 mins
INC0010936,Core Banking L3,2026-07-15T16:13:00,Open,,45mins
,Core Banking L3,2026-07-15T16:37:00,In progress,Chloe Martin,17mins
,Risk & Compliance Ops,2026-07-15T17:36:00,Open,,1 hr 30 mins
,Risk & Compliance Ops,2026-07-15T17:47:00,In progress,Kenji Watanabe,35 mins
INC0010937,L1 Team,2026-06-04T18:24:00,Open,,1 hr 0 mins
,L1 Team,2026-06-04T18:38:00,In progress,Chloe Martin,17mins
,Risk & Compliance Ops,2026-06-04T19:10:00,Open,,45 mins
,Risk & Compliance Ops,2026-06-04T19:23:00,In progress,Daniel Cho,17 mins
INC0010938,L1 Team,2026-06-02T22:53:00,Open,,17mins
,L1 Team,2026-06-02T23:09:00,In progress,Mei Tan,45mins
,ABAP Team,2026-06-02T23:32:00,Open,,35 mins
,ABAP Team,2026-06-02T23:46:00,In progress,Priya Sharma,15 mins
,ABAP Team,2026-06-03T00:18:00,Hold,Priya Sharma,45mins
INC0010939,Core Banking L3,2026-05-18T06:22:00,Open,,15 mins
,Core Banking L3,2026-05-18T06:45:00,In progress,Omar Siddiqui,2 hr 5 mins
,Risk & Compliance Ops,2026-05-18T07:45:00,Open,,10mins
,Risk & Compliance Ops,2026-05-18T07:59:00,In progress,Priya Sharma,17 mins
INC0010940,L1 Team,2026-05-24T01:37:00,Open,,17 mins
,L1 Team,2026-05-24T01:51:00,In progress,Noah Williams,1hr 15 mins
,SD Team,2026-05-24T02:28:00,Open,,17mins
,SD Team,2026-05-24T02:41:00,In progress,Maria Silva,35 mins
,SD Team,2026-05-24T03:04:00,Closed,Maria Silva,
INC0010941,L1 Team,2026-08-25T11:08:00,Open,,1 hr 0 mins
,L1 Team,2026-08-25T11:18:00,In progress,Arjun Mehta,45mins
,L1 Service Desk,2026-08-25T12:11:00,Open,,35 mins
,L1 Service Desk,2026-08-25T12:35:00,In progress,Omar Siddiqui,2 hr 5 mins
,SD Team,2026-08-25T13:29:00,Open,,17 mins
,SD Team,2026-08-25T13:39:00,In progress,Wei Zhang,2 hr 5 mins
,SD Team,2026-08-25T14:20:00,Hold,James Cole,1hr 15 mins
INC0010942,Access Management Team,2026-05-17T05:02:00,Open,,2 hr 5 mins
,Access Management Team,2026-05-17T05:28:00,In progress,Nadia Rahman,15 mins
,FI Team,2026-05-17T05:59:00,Open,,1hr 30 mins
,FI Team,2026-05-17T06:11:00,In progress,Wei Zhang,1 hr 0 mins
INC0010943,Access Management Team,2026-08-16T21:32:00,Open,,15 mins
,Access Management Team,2026-08-16T21:57:00,In progress,Arjun Mehta,1 hr 30 mins
,FI Team,2026-08-16T22:35:00,Open,,45 mins
,FI Team,2026-08-16T22:57:00,In progress,Daniel Cho,10 mins
INC0010944,L2 Team,2026-07-05T07:56:00,Open,,1hr 30 mins
,L2 Team,2026-07-05T08:17:00,In progress,Hannah Lee,10 mins
,L1 Team,2026-07-05T09:09:00,Open,,45 mins
,L1 Team,2026-07-05T09:28:00,In progress,Arjun Mehta,1hr 15 mins
,Risk & Compliance Ops,2026-07-05T10:08:00,Open,,2hr 13 mins
,Risk & Compliance Ops,2026-07-05T10:37:00,In progress,Liam O'Connor,2hr 05 mins
,Risk & Compliance Ops,2026-07-05T11:14:00,Closed,Aisha Khan,
INC0010945,L2 Team,2026-05-25T09:16:00,Open,,17 mins
,L2 Team,2026-05-25T09:38:00,In progress,Noah Williams,1 hr 0 mins
,L1 Service Desk,2026-05-25T09:58:00,Open,,45 mins
,L1 Service Desk,2026-05-25T10:16:00,In progress,Nadia Rahman,1 hr 0 mins
,FI Team,2026-05-25T10:39:00,Open,,45mins
,FI Team,2026-05-25T11:06:00,In progress,Aisha Khan,45mins
,FI Team,2026-05-25T11:30:00,Closed,Aisha Khan,
INC0010946,Payments L2 Support,2026-07-05T22:14:00,Open,,1 hr 15 mins
,Payments L2 Support,2026-07-05T22:43:00,In progress,Omar Siddiqui,2hr 05 mins
,Trade Support L2,2026-07-05T23:07:00,Open,,45mins
,Trade Support L2,2026-07-05T23:19:00,In progress,Fatima Al-Sayed,2 hr 5 mins
,Trade Support L2,2026-07-05T23:58:00,Hold,Liam O'Connor,35 mins
INC0010947,Access Management Team,2026-08-08T17:28:00,Open,,45 mins
,Access Management Team,2026-08-08T17:43:00,In progress,Arjun Mehta,45mins
,L2 Team,2026-08-08T18:13:00,Open,,35 mins
,L2 Team,2026-08-08T18:31:00,In progress,Arjun Mehta,35 mins
,FI Team,2026-08-08T18:51:00,Open,,45mins
,FI Team,2026-08-08T19:17:00,In progress,Maria Silva,1 hr 0 mins
,FI Team,2026-08-08T19:55:00,Closed,Liam O'Connor,
INC0010948,Access Management Team,2026-07-02T17:04:00,Open,,2 hr 5 mins
,Access Management Team,2026-07-02T17:22:00,In progress,Chloe Martin,1 hr 0 mins
,Core Banking L3,2026-07-02T18:22:00,Open,,45mins
,Core Banking L3,2026-07-02T18:52:00,In progress,Nadia Rahman,45 mins
,MM Team,2026-07-02T19:34:00,Open,,1hr 15 mins
,MM Team,2026-07-02T19:56:00,In progress,Kenji Watanabe,2 hr 5 mins
INC0010949,L1 Service Desk,2026-08-27T00:21:00,Open,,45 mins
,L1 Service Desk,2026-08-27T00:33:00,In progress,Noah Williams,45 mins
,FI Team,2026-08-27T00:49:00,Open,,10mins
,FI Team,2026-08-27T01:09:00,In progress,Fatima Al-Sayed,45mins
,FI Team,2026-08-27T01:29:00,Hold,Sofia Rossi,17 mins
INC0010950,L3 Team,2026-08-24T04:22:00,Open,,2hr 05 mins
,L3 Team,2026-08-24T04:44:00,In progress,Carlos Mendes,1 hr 15 mins
,SD Team,2026-08-24T05:06:00,Open,,35 mins
,SD Team,2026-08-24T05:30:00,In progress,Sofia Rossi,17 mins
,SD Team,2026-08-24T06:08:00,Closed,James Cole,
INC0010951,L1 Service Desk,2026-06-19T18:31:00,Open,,45 mins
,L1 Service Desk,2026-06-19T18:49:00,In progress,Ethan Brooks,2 hr 5 mins
,ABAP Team,2026-06-19T19:19:00,Open,,17 mins
,ABAP Team,2026-06-19T19:32:00,In progress,Kenji Watanabe,45 mins
,ABAP Team,2026-06-19T20:00:00,Closed,Priya Sharma,
INC0010952,L2 Team,2026-08-11T08:26:00,Open,,35 mins
,L2 Team,2026-08-11T08:36:00,In progress,Mei Tan,2 hr 13 mins
,Core Banking L3,2026-08-11T08:58:00,Open,,1 hr 15 mins
,Core Banking L3,2026-08-11T09:19:00,In progress,Noah Williams,15 mins
,MM Team,2026-08-11T09:57:00,Open,,1 hr 15 mins
,MM Team,2026-08-11T10:24:00,In progress,Liam O'Connor,45 mins
,MM Team,2026-08-11T10:52:00,Closed,Sofia Rossi,
INC0010953,Core Banking L3,2026-08-24T23:37:00,Open,,1hr 30 mins
,Core Banking L3,2026-08-24T23:55:00,In progress,Carlos Mendes,2 hr 13 mins
,L2 Team,2026-08-25T00:53:00,Open,,1 hr 15 mins
,L2 Team,2026-08-25T01:06:00,In progress,Chloe Martin,35mins
,MM Team,2026-08-25T01:31:00,Open,,2 hr 13 mins
,MM Team,2026-08-25T01:57:00,In progress,Daniel Cho,45mins
,MM Team,2026-08-25T02:21:00,Closed,Daniel Cho,
INC0010954,L1 Service Desk,2026-08-26T02:00:00,Open,,1hr 00 mins
,L1 Service Desk,2026-08-26T02:20:00,In progress,Omar Siddiqui,35 mins
,L2 Team,2026-08-26T03:04:00,Open,,10 mins
,L2 Team,2026-08-26T03:22:00,In progress,Arjun Mehta,2 hr 13 mins
,Risk & Compliance Ops,2026-08-26T04:17:00,Open,,17 mins
,Risk & Compliance Ops,2026-08-26T04:44:00,In progress,Kenji Watanabe,45 mins
,Risk & Compliance Ops,2026-08-26T05:40:00,Closed,Kenji Watanabe,
INC0010955,L1 Team,2026-06-09T15:08:00,Open,,1 hr 15 mins
,L1 Team,2026-06-09T15:23:00,In progress,Emily Carter,45 mins
,FI Team,2026-06-09T15:58:00,Open,,35 mins
,FI Team,2026-06-09T16:21:00,In progress,Priya Sharma,2hr 05 mins
INC0010956,Access Management Team,2026-07-25T13:00:00,Open,,1 hr 0 mins
,Access Management Team,2026-07-25T13:30:00,In progress,Emily Carter,1 hr 15 mins
,FI Team,2026-07-25T13:47:00,Open,,35 mins
,FI Team,2026-07-25T14:16:00,In progress,Kenji Watanabe,17mins
INC0010957,Core Banking L3,2026-05-13T02:42:00,Open,,2 hr 5 mins
,Core Banking L3,2026-05-13T02:57:00,In progress,Ethan Brooks,35 mins
,ABAP Team,2026-05-13T03:20:00,Open,,2hr 05 mins
,ABAP Team,2026-05-13T03:36:00,In progress,Aisha Khan,17 mins
,ABAP Team,2026-05-13T04:00:00,Closed,Maria Silva,
INC0010958,Payments L2 Support,2026-05-31T14:31:00,Open,,2 hr 5 mins
,Payments L2 Support,2026-05-31T14:41:00,In progress,Chloe Martin,35 mins
,Risk & Compliance Ops,2026-05-31T15:10:00,Open,,1hr 00 mins
,Risk & Compliance Ops,2026-05-31T15:22:00,In progress,Daniel Cho,45 mins
INC0010959,L1 Team,2026-06-27T14:04:00,Open,,1 hr 15 mins
,L1 Team,2026-06-27T14:30:00,In progress,Noah Williams,1 hr 0 mins
,Access Management Team,2026-06-27T15:16:00,Open,,15mins
,Access Management Team,2026-06-27T15:31:00,In progress,Nadia Rahman,1 hr 0 mins
,Risk & Compliance Ops,2026-06-27T15:52:00,Open,,15 mins
,Risk & Compliance Ops,2026-06-27T16:14:00,In progress,Kenji Watanabe,2 hr 13 mins
INC0010960,Core Banking L3,2026-07-15T19:00:00,Open,,1 hr 15 mins
,Core Banking L3,2026-07-15T19:30:00,In progress,Omar Siddiqui,45mins
,ABAP Team,2026-07-15T20:01:00,Open,,1 hr 15 mins
,ABAP Team,2026-07-15T20:21:00,In progress,Sofia Rossi,45 mins
,ABAP Team,2026-07-15T20:45:00,Closed,Sofia Rossi,
INC0010961,L2 Team,2026-06-17T10:34:00,Open,,1 hr 30 mins
,L2 Team,2026-06-17T11:04:00,In progress,Hannah Lee,2hr 05 mins
,FI Team,2026-06-17T11:35:00,Open,,45mins
,FI Team,2026-06-17T12:03:00,In progress,Wei Zhang,2 hr 13 mins
,FI Team,2026-06-17T12:58:00,Closed,Wei Zhang,
INC0010962,L1 Service Desk,2026-05-13T09:16:00,Open,,17mins
,L1 Service Desk,2026-05-13T09:36:00,In progress,Mei Tan,2 hr 13 mins
,L1 Team,2026-05-13T10:15:00,Open,,35mins
,L1 Team,2026-05-13T10:40:00,In progress,Nadia Rahman,15mins
,MM Team,2026-05-13T11:02:00,Open,,45 mins
,MM Team,2026-05-13T11:27:00,In progress,Liam O'Connor,15 mins
,MM Team,2026-05-13T11:42:00,Hold,Maria Silva,2hr 13 mins
INC0010963,Access Management Team,2026-06-27T08:48:00,Open,,1hr 30 mins
,Access Management Team,2026-06-27T09:02:00,In progress,Chloe Martin,2 hr 13 mins
,L1 Team,2026-06-27T09:31:00,Open,,1 hr 0 mins
,L1 Team,2026-06-27T09:53:00,In progress,Mei Tan,45mins
,Trade Support L2,2026-06-27T10:33:00,Open,,1 hr 15 mins
,Trade Support L2,2026-06-27T10:54:00,In progress,Kenji Watanabe,15 mins
INC0010964,L1 Team,2026-08-24T13:43:00,Open,,45mins
,L1 Team,2026-08-24T13:55:00,In progress,Emily Carter,45 mins
,L3 Team,2026-08-24T14:37:00,Open,,45 mins
,L3 Team,2026-08-24T14:49:00,In progress,Omar Siddiqui,45 mins
,SD Team,2026-08-24T15:21:00,Open,,2 hr 13 mins
,SD Team,2026-08-24T15:49:00,In progress,Kenji Watanabe,2 hr 5 mins
INC0010965,L1 Service Desk,2026-08-08T05:00:00,Open,,45 mins
,L1 Service Desk,2026-08-08T05:11:00,In progress,Arjun Mehta,17 mins
,Payments L2 Support,2026-08-08T05:42:00,Open,,17 mins
,Payments L2 Support,2026-08-08T05:57:00,In progress,Emily Carter,2 hr 5 mins
,MM Team,2026-08-08T06:43:00,Open,,2 hr 13 mins
,MM Team,2026-08-08T06:57:00,In progress,Liam O'Connor,15 mins
INC0010966,Access Management Team,2026-06-17T07:34:00,Open,,1 hr 0 mins
,Access Management Team,2026-06-17T07:56:00,In progress,Chloe Martin,1 hr 30 mins
,Trade Support L2,2026-06-17T08:52:00,Open,,10mins
,Trade Support L2,2026-06-17T09:18:00,In progress,Liam O'Connor,15 mins
INC0010967,L1 Service Desk,2026-06-15T15:42:00,Open,,2 hr 5 mins
,L1 Service Desk,2026-06-15T15:56:00,In progress,Chloe Martin,2hr 13 mins
,L2 Team,2026-06-15T16:54:00,Open,,10 mins
,L2 Team,2026-06-15T17:14:00,In progress,Mei Tan,1 hr 30 mins
,ABAP Team,2026-06-15T18:08:00,Open,,1hr 30 mins
,ABAP Team,2026-06-15T18:29:00,In progress,Maria Silva,2 hr 13 mins
INC0010968,L2 Team,2026-07-31T10:30:00,Open,,15mins
,L2 Team,2026-07-31T10:52:00,In progress,Hannah Lee,45 mins
,L1 Team,2026-07-31T11:08:00,Open,,1 hr 30 mins
,L1 Team,2026-07-31T11:36:00,In progress,Hannah Lee,17 mins
,Risk & Compliance Ops,2026-07-31T11:58:00,Open,,17 mins
,Risk & Compliance Ops,2026-07-31T12:26:00,In progress,Liam O'Connor,10 mins
INC0010969,L3 Team,2026-08-11T17:51:00,Open,,2hr 13 mins
,L3 Team,2026-08-11T18:10:00,In progress,Chloe Martin,10mins
,Access Management Team,2026-08-11T18:28:00,Open,,10 mins
,Access Management Team,2026-08-11T18:51:00,In progress,Ethan Brooks,1hr 15 mins
,Risk & Compliance Ops,2026-08-11T19:25:00,Open,,2hr 13 mins
,Risk & Compliance Ops,2026-08-11T19:50:00,In progress,Liam O'Connor,2hr 05 mins
INC0010970,L3 Team,2026-07-06T00:17:00,Open,,35 mins
,L3 Team,2026-07-06T00:38:00,In progress,Arjun Mehta,45 mins
,L1 Team,2026-07-06T00:55:00,Open,,10 mins
,L1 Team,2026-07-06T01:12:00,In progress,Nadia Rahman,1 hr 15 mins
,MM Team,2026-07-06T01:29:00,Open,,1hr 00 mins
,MM Team,2026-07-06T01:57:00,In progress,Kenji Watanabe,2 hr 5 mins
,MM Team,2026-07-06T02:41:00,Hold,Maria Silva,15 mins
INC0010971,L2 Team,2026-06-04T23:47:00,Open,,1 hr 0 mins
,L2 Team,2026-06-05T00:07:00,In progress,Carlos Mendes,45mins
,Payments L2 Support,2026-06-05T00:51:00,Open,,10 mins
,Payments L2 Support,2026-06-05T01:12:00,In progress,Noah Williams,1 hr 30 mins
,Trade Support L2,2026-06-05T01:56:00,Open,,35 mins
,Trade Support L2,2026-06-05T02:15:00,In progress,Aisha Khan,15 mins
INC0010972,Payments L2 Support,2026-08-07T08:02:00,Open,,2hr 05 mins
,Payments L2 Support,2026-08-07T08:31:00,In progress,Omar Siddiqui,45 mins
,Access Management Team,2026-08-07T09:12:00,Open,,2hr 13 mins
,Access Management Team,2026-08-07T09:29:00,In progress,Carlos Mendes,45 mins
,Risk & Compliance Ops,2026-08-07T10:02:00,Open,,45mins
,Risk & Compliance Ops,2026-08-07T10:20:00,In progress,Liam O'Connor,2 hr 5 mins
,Risk & Compliance Ops,2026-08-07T11:00:00,Closed,Fatima Al-Sayed,
INC0010973,Access Management Team,2026-07-12T22:27:00,Open,,35mins
,Access Management Team,2026-07-12T22:45:00,In progress,Ethan Brooks,45 mins
,Risk & Compliance Ops,2026-07-12T23:36:00,Open,,1hr 00 mins
,Risk & Compliance Ops,2026-07-12T23:46:00,In progress,Daniel Cho,2 hr 13 mins
,Risk & Compliance Ops,2026-07-13T00:45:00,Closed,Daniel Cho,
INC0010974,L2 Team,2026-07-17T22:52:00,Open,,2hr 05 mins
,L2 Team,2026-07-17T23:18:00,In progress,Omar Siddiqui,17mins
,ABAP Team,2026-07-18T00:03:00,Open,,35mins
,ABAP Team,2026-07-18T00:30:00,In progress,Liam O'Connor,1 hr 30 mins
,ABAP Team,2026-07-18T01:02:00,Closed,Liam O'Connor,
INC0010975,L1 Team,2026-08-20T16:26:00,Open,,1 hr 15 mins
,L1 Team,2026-08-20T16:37:00,In progress,Noah Williams,15 mins
,Risk & Compliance Ops,2026-08-20T16:54:00,Open,,45mins
,Risk & Compliance Ops,2026-08-20T17:15:00,In progress,Daniel Cho,2 hr 13 mins
INC0010976,L3 Team,2026-08-27T09:36:00,Open,,17 mins
,L3 Team,2026-08-27T09:47:00,In progress,Hannah Lee,10 mins
,L1 Service Desk,2026-08-27T10:19:00,Open,,2hr 05 mins
,L1 Service Desk,2026-08-27T10:38:00,In progress,Emily Carter,17mins
,Risk & Compliance Ops,2026-08-27T11:32:00,Open,,10 mins
,Risk & Compliance Ops,2026-08-27T11:46:00,In progress,Sofia Rossi,15 mins
INC0010977,Core Banking L3,2026-08-08T05:15:00,Open,,45 mins
,Core Banking L3,2026-08-08T05:36:00,In progress,Chloe Martin,35 mins
,MM Team,2026-08-08T06:28:00,Open,,2hr 13 mins
,MM Team,2026-08-08T06:38:00,In progress,Daniel Cho,1 hr 0 mins
INC0010978,L1 Team,2026-08-24T17:43:00,Open,,45mins
,L1 Team,2026-08-24T18:02:00,In progress,Nadia Rahman,45mins
,SD Team,2026-08-24T18:37:00,Open,,35 mins
,SD Team,2026-08-24T18:49:00,In progress,James Cole,1 hr 30 mins
INC0010979,L2 Team,2026-08-12T02:45:00,Open,,17 mins
,L2 Team,2026-08-12T03:08:00,In progress,Noah Williams,2 hr 13 mins
,SD Team,2026-08-12T03:31:00,Open,,35 mins
,SD Team,2026-08-12T03:50:00,In progress,Priya Sharma,17 mins
INC0010980,Core Banking L3,2026-08-04T16:22:00,Open,,10 mins
,Core Banking L3,2026-08-04T16:39:00,In progress,Chloe Martin,2hr 05 mins
,ABAP Team,2026-08-04T17:26:00,Open,,2 hr 13 mins
,ABAP Team,2026-08-04T17:48:00,In progress,Fatima Al-Sayed,10 mins
,ABAP Team,2026-08-04T18:38:00,Closed,Kenji Watanabe,
INC0010981,L1 Service Desk,2026-07-09T22:49:00,Open,,17mins
,L1 Service Desk,2026-07-09T23:01:00,In progress,Chloe Martin,1hr 15 mins
,Payments L2 Support,2026-07-09T23:20:00,Open,,1hr 15 mins
,Payments L2 Support,2026-07-09T23:36:00,In progress,Arjun Mehta,45 mins
,ABAP Team,2026-07-10T00:11:00,Open,,35mins
,ABAP Team,2026-07-10T00:32:00,In progress,Wei Zhang,17mins
INC0010982,L1 Service Desk,2026-07-22T01:40:00,Open,,17 mins
,L1 Service Desk,2026-07-22T02:00:00,In progress,Noah Williams,35 mins
,Access Management Team,2026-07-22T02:23:00,Open,,1 hr 30 mins
,Access Management Team,2026-07-22T02:52:00,In progress,Nadia Rahman,10 mins
,SD Team,2026-07-22T03:08:00,Open,,1 hr 0 mins
,SD Team,2026-07-22T03:21:00,In progress,James Cole,10 mins
INC0010983,L2 Team,2026-07-10T06:16:00,Open,,1hr 00 mins
,L2 Team,2026-07-10T06:40:00,In progress,Emily Carter,15mins
,SD Team,2026-07-10T07:22:00,Open,,45 mins
,SD Team,2026-07-10T07:46:00,In progress,Wei Zhang,1 hr 15 mins
,SD Team,2026-07-10T08:40:00,Closed,Daniel Cho,
INC0010984,Core Banking L3,2026-06-14T19:09:00,Open,,17 mins
,Core Banking L3,2026-06-14T19:39:00,In progress,Emily Carter,15 mins
,ABAP Team,2026-06-14T20:08:00,Open,,1hr 30 mins
,ABAP Team,2026-06-14T20:33:00,In progress,Wei Zhang,35 mins
,ABAP Team,2026-06-14T21:01:00,Closed,Liam O'Connor,
INC0010985,L2 Team,2026-07-03T18:01:00,Open,,45 mins
,L2 Team,2026-07-03T18:13:00,In progress,Mei Tan,10 mins
,Risk & Compliance Ops,2026-07-03T18:57:00,Open,,17mins
,Risk & Compliance Ops,2026-07-03T19:11:00,In progress,James Cole,45 mins
,Risk & Compliance Ops,2026-07-03T19:54:00,Closed,Maria Silva,
INC0010986,Core Banking L3,2026-07-12T12:04:00,Open,,2 hr 13 mins
,Core Banking L3,2026-07-12T12:29:00,In progress,Hannah Lee,45 mins
,L1 Team,2026-07-12T12:50:00,Open,,2 hr 5 mins
,L1 Team,2026-07-12T13:05:00,In progress,Carlos Mendes,10 mins
,MM Team,2026-07-12T13:43:00,Open,,35mins
,MM Team,2026-07-12T14:07:00,In progress,Fatima Al-Sayed,2hr 13 mins
,MM Team,2026-07-12T15:02:00,Hold,Fatima Al-Sayed,1 hr 30 mins
INC0010987,L3 Team,2026-08-15T05:57:00,Open,,10mins
,L3 Team,2026-08-15T06:17:00,In progress,Ethan Brooks,45mins
,Risk & Compliance Ops,2026-08-15T06:48:00,Open,,17 mins
,Risk & Compliance Ops,2026-08-15T07:13:00,In progress,Aisha Khan,2 hr 13 mins
,Risk & Compliance Ops,2026-08-15T07:56:00,Closed,Fatima Al-Sayed,
INC0010988,L1 Team,2026-08-27T01:58:00,Open,,15 mins
,L1 Team,2026-08-27T02:09:00,In progress,Ethan Brooks,1 hr 15 mins
,FI Team,2026-08-27T02:26:00,Open,,45mins
,FI Team,2026-08-27T02:53:00,In progress,Kenji Watanabe,2 hr 5 mins
INC0010989,L1 Service Desk,2026-08-10T19:33:00,Open,,1hr 15 mins
,L1 Service Desk,2026-08-10T19:44:00,In progress,Nadia Rahman,2 hr 5 mins
,ABAP Team,2026-08-10T20:21:00,Open,,2 hr 5 mins
,ABAP Team,2026-08-10T20:39:00,In progress,Sofia Rossi,17mins
INC0010990,L1 Service Desk,2026-05-18T21:37:00,Open,,17 mins
,L1 Service Desk,2026-05-18T21:51:00,In progress,Chloe Martin,45 mins
,ABAP Team,2026-05-18T22:20:00,Open,,17 mins
,ABAP Team,2026-05-18T22:30:00,In progress,Sofia Rossi,45 mins
,ABAP Team,2026-05-18T22:54:00,Hold,James Cole,1 hr 0 mins
INC0010991,Core Banking L3,2026-08-27T17:32:00,Open,,2hr 13 mins
,Core Banking L3,2026-08-27T17:48:00,In progress,Nadia Rahman,10mins
,L3 Team,2026-08-27T18:37:00,Open,,35 mins
,L3 Team,2026-08-27T18:56:00,In progress,Carlos Mendes,45 mins
,Risk & Compliance Ops,2026-08-27T19:12:00,Open,,1hr 30 mins
,Risk & Compliance Ops,2026-08-27T19:38:00,In progress,Maria Silva,45 mins
INC0010992,L1 Team,2026-07-25T23:48:00,Open,,45mins
,L1 Team,2026-07-26T00:10:00,In progress,Hannah Lee,15mins
,L2 Team,2026-07-26T00:45:00,Open,,35mins
,L2 Team,2026-07-26T01:09:00,In progress,Noah Williams,1hr 00 mins
,ABAP Team,2026-07-26T02:04:00,Open,,17mins
,ABAP Team,2026-07-26T02:24:00,In progress,Kenji Watanabe,35 mins
,ABAP Team,2026-07-26T02:50:00,Hold,Maria Silva,1hr 15 mins
INC0010993,L2 Team,2026-07-06T10:50:00,Open,,2 hr 5 mins
,L2 Team,2026-07-06T11:00:00,In progress,Omar Siddiqui,15 mins
,SD Team,2026-07-06T11:37:00,Open,,17mins
,SD Team,2026-07-06T11:51:00,In progress,Fatima Al-Sayed,45mins
,SD Team,2026-07-06T12:16:00,Hold,Fatima Al-Sayed,45 mins
INC0010994,Access Management Team,2026-08-25T05:01:00,Open,,10 mins
,Access Management Team,2026-08-25T05:29:00,In progress,Chloe Martin,35 mins
,L1 Service Desk,2026-08-25T05:59:00,Open,,1 hr 15 mins
,L1 Service Desk,2026-08-25T06:13:00,In progress,Nadia Rahman,2 hr 5 mins
,FI Team,2026-08-25T06:46:00,Open,,17 mins
,FI Team,2026-08-25T07:09:00,In progress,Kenji Watanabe,15 mins
,FI Team,2026-08-25T08:06:00,Hold,Liam O'Connor,2 hr 5 mins
INC0010995,L1 Team,2026-08-12T22:45:00,Open,,15 mins
,L1 Team,2026-08-12T23:15:00,In progress,Arjun Mehta,10 mins
,L2 Team,2026-08-13T00:06:00,Open,,1 hr 30 mins
,L2 Team,2026-08-13T00:21:00,In progress,Nadia Rahman,2 hr 13 mins
,FI Team,2026-08-13T00:47:00,Open,,15 mins
,FI Team,2026-08-13T00:59:00,In progress,Sofia Rossi,45mins
,FI Team,2026-08-13T01:56:00,Closed,James Cole,
INC0010996,Access Management Team,2026-08-11T22:46:00,Open,,1hr 30 mins
,Access Management Team,2026-08-11T23:13:00,In progress,Chloe Martin,45 mins
,MM Team,2026-08-11T23:34:00,Open,,15mins
,MM Team,2026-08-11T23:54:00,In progress,Liam O'Connor,1 hr 30 mins
,MM Team,2026-08-12T00:12:00,Closed,Kenji Watanabe,
INC0010997,Access Management Team,2026-06-04T22:05:00,Open,,10 mins
,Access Management Team,2026-06-04T22:27:00,In progress,Noah Williams,2 hr 5 mins
,L2 Team,2026-06-04T23:13:00,Open,,1 hr 15 mins
,L2 Team,2026-06-04T23:39:00,In progress,Chloe Martin,35 mins
,Trade Support L2,2026-06-05T00:27:00,Open,,1 hr 0 mins
,Trade Support L2,2026-06-05T00:49:00,In progress,Daniel Cho,1 hr 0 mins
INC0010998,Payments L2 Support,2026-08-17T03:15:00,Open,,17 mins
,Payments L2 Support,2026-08-17T03:34:00,In progress,Emily Carter,2 hr 5 mins
,MM Team,2026-08-17T04:34:00,Open,,17 mins
,MM Team,2026-08-17T04:46:00,In progress,Aisha Khan,17 mins
,MM Team,2026-08-17T05:20:00,Closed,James Cole,
INC0010999,L2 Team,2026-08-09T18:25:00,Open,,1 hr 30 mins
,L2 Team,2026-08-09T18:38:00,In progress,Ethan Brooks,1 hr 30 mins
,Payments L2 Support,2026-08-09T19:37:00,Open,,15 mins
,Payments L2 Support,2026-08-09T20:02:00,In progress,Ethan Brooks,17 mins
,SD Team,2026-08-09T20:54:00,Open,,2hr 05 mins
,SD Team,2026-08-09T21:22:00,In progress,Daniel Cho,15mins
,SD Team,2026-08-09T21:47:00,Hold,Daniel Cho,35 mins
INC0011000,L1 Team,2026-08-27T06:23:00,Open,,1hr 00 mins
,L1 Team,2026-08-27T06:46:00,In progress,Noah Williams,17mins
,FI Team,2026-08-27T07:01:00,Open,,45 mins
,FI Team,2026-08-27T07:16:00,In progress,Daniel Cho,45 mins
INC0011001,L2 Team,2026-08-27T10:47:00,Open,,45mins
,L2 Team,2026-08-27T10:58:00,In progress,Noah Williams,45 mins
,L1 Team,2026-08-27T11:46:00,Open,,35mins
,L1 Team,2026-08-27T11:56:00,In progress,Mei Tan,17 mins
,ABAP Team,2026-08-27T12:50:00,Open,,2 hr 5 mins
,ABAP Team,2026-08-27T13:01:00,In progress,Priya Sharma,1hr 15 mins
INC0011002,L2 Team,2026-07-28T20:11:00,Open,,35 mins
,L2 Team,2026-07-28T20:26:00,In progress,Nadia Rahman,1 hr 30 mins
,L1 Service Desk,2026-07-28T21:05:00,Open,,2 hr 13 mins
,L1 Service Desk,2026-07-28T21:21:00,In progress,Chloe Martin,15mins
,MM Team,2026-07-28T21:57:00,Open,,2 hr 13 mins
,MM Team,2026-07-28T22:19:00,In progress,Wei Zhang,1hr 00 mins
,MM Team,2026-07-28T22:40:00,Hold,Aisha Khan,1 hr 0 mins
INC0011003,L1 Team,2026-08-25T19:02:00,Open,,35 mins
,L1 Team,2026-08-25T19:28:00,In progress,Nadia Rahman,35mins
,ABAP Team,2026-08-25T20:21:00,Open,,2 hr 13 mins
,ABAP Team,2026-08-25T20:47:00,In progress,Aisha Khan,45 mins
INC0011004,Payments L2 Support,2026-06-29T10:50:00,Open,,45mins
,Payments L2 Support,2026-06-29T11:00:00,In progress,Ethan Brooks,1hr 15 mins
,MM Team,2026-06-29T11:21:00,Open,,1 hr 0 mins
,MM Team,2026-06-29T11:42:00,In progress,Fatima Al-Sayed,17 mins
,MM Team,2026-06-29T12:37:00,Hold,Daniel Cho,1 hr 30 mins
INC0011005,L2 Team,2026-06-01T11:21:00,Open,,17 mins
,L2 Team,2026-06-01T11:50:00,In progress,Omar Siddiqui,15 mins
,L1 Team,2026-06-01T12:37:00,Open,,15 mins
,L1 Team,2026-06-01T13:05:00,In progress,Mei Tan,2 hr 13 mins
,Risk & Compliance Ops,2026-06-01T13:54:00,Open,,45mins
,Risk & Compliance Ops,2026-06-01T14:19:00,In progress,Wei Zhang,2 hr 13 mins
,Risk & Compliance Ops,2026-06-01T15:19:00,Hold,Wei Zhang,1hr 00 mins
INC0011006,Payments L2 Support,2026-08-26T07:53:00,Open,,2hr 05 mins
,Payments L2 Support,2026-08-26T08:21:00,In progress,Noah Williams,45 mins
,L1 Service Desk,2026-08-26T08:49:00,Open,,45mins
,L1 Service Desk,2026-08-26T09:15:00,In progress,Noah Williams,45 mins
,FI Team,2026-08-26T09:44:00,Open,,2hr 13 mins
,FI Team,2026-08-26T10:14:00,In progress,Priya Sharma,1 hr 15 mins
,FI Team,2026-08-26T10:48:00,Hold,Wei Zhang,2 hr 5 mins
INC0011007,L3 Team,2026-07-26T08:51:00,Open,,17mins
,L3 Team,2026-07-26T09:14:00,In progress,Carlos Mendes,15 mins
,Core Banking L3,2026-07-26T10:05:00,Open,,2hr 05 mins
,Core Banking L3,2026-07-26T10:30:00,In progress,Omar Siddiqui,10mins
,MM Team,2026-07-26T11:23:00,Open,,2 hr 13 mins
,MM Team,2026-07-26T11:48:00,In progress,Liam O'Connor,1hr 30 mins
INC0011008,L1 Service Desk,2026-05-18T22:18:00,Open,,1 hr 30 mins
,L1 Service Desk,2026-05-18T22:47:00,In progress,Ethan Brooks,45 mins
,L3 Team,2026-05-18T23:28:00,Open,,1 hr 15 mins
,L3 Team,2026-05-18T23:47:00,In progress,Chloe Martin,1 hr 30 mins
,ABAP Team,2026-05-19T00:23:00,Open,,2 hr 5 mins
,ABAP Team,2026-05-19T00:50:00,In progress,Liam O'Connor,1hr 00 mins
INC0011009,L3 Team,2026-08-12T14:21:00,Open,,45 mins
,L3 Team,2026-08-12T14:50:00,In progress,Arjun Mehta,2 hr 13 mins
,SD Team,2026-08-12T15:30:00,Open,,45 mins
,SD Team,2026-08-12T15:43:00,In progress,Priya Sharma,17 mins
,SD Team,2026-08-12T16:06:00,Closed,Maria Silva,
INC0011010,L1 Service Desk,2026-06-29T09:49:00,Open,,2 hr 5 mins
,L1 Service Desk,2026-06-29T09:59:00,In progress,Ethan Brooks,17 mins
,L3 Team,2026-06-29T10:48:00,Open,,45 mins
,L3 Team,2026-06-29T11:14:00,In progress,Emily Carter,35 mins
,Risk & Compliance Ops,2026-06-29T12:04:00,Open,,2 hr 5 mins
,Risk & Compliance Ops,2026-06-29T12:20:00,In progress,Priya Sharma,45 mins
,Risk & Compliance Ops,2026-06-29T12:54:00,Closed,Fatima Al-Sayed,
INC0011011,Payments L2 Support,2026-08-18T18:56:00,Open,,1hr 15 mins
,Payments L2 Support,2026-08-18T19:09:00,In progress,Chloe Martin,35 mins
,Risk & Compliance Ops,2026-08-18T19:33:00,Open,,1hr 15 mins
,Risk & Compliance Ops,2026-08-18T19:43:00,In progress,Priya Sharma,10 mins
,Risk & Compliance Ops,2026-08-18T20:00:00,Closed,Sofia Rossi,
INC0011012,L1 Team,2026-07-09T12:33:00,Open,,45mins
,L1 Team,2026-07-09T12:49:00,In progress,Mei Tan,45 mins
,Payments L2 Support,2026-07-09T13:22:00,Open,,15mins
,Payments L2 Support,2026-07-09T13:40:00,In progress,Nadia Rahman,1 hr 15 mins
,Risk & Compliance Ops,2026-07-09T14:37:00,Open,,45 mins
,Risk & Compliance Ops,2026-07-09T15:01:00,In progress,Fatima Al-Sayed,10mins
,Risk & Compliance Ops,2026-07-09T15:46:00,Closed,Priya Sharma,
INC0011013,Payments L2 Support,2026-08-10T21:50:00,Open,,17 mins
,Payments L2 Support,2026-08-10T22:20:00,In progress,Arjun Mehta,15mins
,MM Team,2026-08-10T22:48:00,Open,,15 mins
,MM Team,2026-08-10T23:05:00,In progress,Liam O'Connor,45 mins
INC0011014,Payments L2 Support,2026-06-20T23:31:00,Open,,10 mins
,Payments L2 Support,2026-06-20T23:56:00,In progress,Carlos Mendes,2hr 13 mins
,Risk & Compliance Ops,2026-06-21T00:38:00,Open,,1hr 00 mins
,Risk & Compliance Ops,2026-06-21T00:53:00,In progress,Liam O'Connor,10 mins
,Risk & Compliance Ops,2026-06-21T01:17:00,Hold,Wei Zhang,15 mins
INC0011015,Access Management Team,2026-08-21T02:33:00,Open,,45 mins
,Access Management Team,2026-08-21T02:48:00,In progress,Arjun Mehta,17 mins
,L1 Service Desk,2026-08-21T03:41:00,Open,,10 mins
,L1 Service Desk,2026-08-21T03:58:00,In progress,Arjun Mehta,2 hr 13 mins
,FI Team,2026-08-21T04:55:00,Open,,10 mins
,FI Team,2026-08-21T05:20:00,In progress,Liam O'Connor,1hr 15 mins
INC0011016,Core Banking L3,2026-05-15T23:26:00,Open,,2 hr 5 mins
,Core Banking L3,2026-05-15T23:55:00,In progress,Omar Siddiqui,45 mins
,L3 Team,2026-05-16T00:16:00,Open,,35mins
,L3 Team,2026-05-16T00:33:00,In progress,Hannah Lee,10 mins
,SD Team,2026-05-16T00:53:00,Open,,45 mins
,SD Team,2026-05-16T01:14:00,In progress,Sofia Rossi,17mins
,SD Team,2026-05-16T02:07:00,Closed,Sofia Rossi,
INC0011017,L2 Team,2026-07-21T12:00:00,Open,,15 mins
,L2 Team,2026-07-21T12:25:00,In progress,Nadia Rahman,2 hr 13 mins
,Core Banking L3,2026-07-21T13:20:00,Open,,1hr 15 mins
,Core Banking L3,2026-07-21T13:35:00,In progress,Omar Siddiqui,45mins
,FI Team,2026-07-21T14:31:00,Open,,35mins
,FI Team,2026-07-21T14:52:00,In progress,Priya Sharma,2hr 13 mins
,FI Team,2026-07-21T15:42:00,Hold,Priya Sharma,17mins
INC0011018,L2 Team,2026-06-02T13:16:00,Open,,17mins
,L2 Team,2026-06-02T13:36:00,In progress,Hannah Lee,15mins
,Core Banking L3,2026-06-02T14:11:00,Open,,1hr 15 mins
,Core Banking L3,2026-06-02T14:40:00,In progress,Hannah Lee,15 mins
,SD Team,2026-06-02T15:16:00,Open,,1 hr 30 mins
,SD Team,2026-06-02T15:27:00,In progress,Sofia Rossi,45mins
,SD Team,2026-06-02T15:47:00,Closed,Liam O'Connor,
INC0011019,L3 Team,2026-07-02T21:05:00,Open,,35 mins
,L3 Team,2026-07-02T21:35:00,In progress,Nadia Rahman,45 mins
,Access Management Team,2026-07-02T22:09:00,Open,,1 hr 15 mins
,Access Management Team,2026-07-02T22:28:00,In progress,Emily Carter,1 hr 15 mins
,MM Team,2026-07-02T23:05:00,Open,,2hr 05 mins
,MM Team,2026-07-02T23:21:00,In progress,Maria Silva,2 hr 5 mins
,MM Team,2026-07-02T23:38:00,Hold,Maria Silva,1 hr 15 mins
INC0011020,L2 Team,2026-06-26T02:25:00,Open,,15mins
,L2 Team,2026-06-26T02:41:00,In progress,Omar Siddiqui,15 mins
,FI Team,2026-06-26T03:40:00,Open,,2 hr 13 mins
,FI Team,2026-06-26T04:09:00,In progress,Kenji Watanabe,10mins
INC0011021,Access Management Team,2026-05-15T13:00:00,Open,,15 mins
,Access Management Team,2026-05-15T13:15:00,In progress,Chloe Martin,1hr 30 mins
,Risk & Compliance Ops,2026-05-15T13:42:00,Open,,1hr 30 mins
,Risk & Compliance Ops,2026-05-15T13:57:00,In progress,Liam O'Connor,15 mins
INC0011022,L1 Service Desk,2026-08-20T13:54:00,Open,,45 mins
,L1 Service Desk,2026-08-20T14:14:00,In progress,Carlos Mendes,45mins
,Trade Support L2,2026-08-20T14:43:00,Open,,1 hr 30 mins
,Trade Support L2,2026-08-20T14:56:00,In progress,Daniel Cho,2 hr 5 mins
INC0011023,Core Banking L3,2026-08-25T13:21:00,Open,,45 mins
,Core Banking L3,2026-08-25T13:43:00,In progress,Chloe Martin,1 hr 15 mins
,L1 Service Desk,2026-08-25T14:22:00,Open,,17mins
,L1 Service Desk,2026-08-25T14:44:00,In progress,Emily Carter,45 mins
,FI Team,2026-08-25T15:12:00,Open,,17mins
,FI Team,2026-08-25T15:41:00,In progress,Fatima Al-Sayed,45 mins
,FI Team,2026-08-25T16:36:00,Closed,Kenji Watanabe,
INC0011024,L1 Team,2026-08-21T22:46:00,Open,,2 hr 5 mins
,L1 Team,2026-08-21T22:56:00,In progress,Emily Carter,10mins
,Payments L2 Support,2026-08-21T23:49:00,Open,,1hr 30 mins
,Payments L2 Support,2026-08-22T00:14:00,In progress,Mei Tan,10mins
,Risk & Compliance Ops,2026-08-22T00:43:00,Open,,2 hr 13 mins
,Risk & Compliance Ops,2026-08-22T01:03:00,In progress,Wei Zhang,15mins
,Risk & Compliance Ops,2026-08-22T01:23:00,Closed,Daniel Cho,
INC0011025,Core Banking L3,2026-06-10T23:37:00,Open,,45 mins
,Core Banking L3,2026-06-11T00:07:00,In progress,Carlos Mendes,1hr 00 mins
,Payments L2 Support,2026-06-11T00:54:00,Open,,1hr 30 mins
,Payments L2 Support,2026-06-11T01:23:00,In progress,Mei Tan,1 hr 15 mins
,SD Team,2026-06-11T02:01:00,Open,,1hr 30 mins
,SD Team,2026-06-11T02:26:00,In progress,Kenji Watanabe,2hr 05 mins
INC0011026,Payments L2 Support,2026-08-21T03:38:00,Open,,15mins
,Payments L2 Support,2026-08-21T03:49:00,In progress,Omar Siddiqui,15 mins
,Trade Support L2,2026-08-21T04:41:00,Open,,1 hr 30 mins
,Trade Support L2,2026-08-21T05:11:00,In progress,James Cole,17 mins
INC0011027,Core Banking L3,2026-06-13T18:24:00,Open,,1 hr 15 mins
,Core Banking L3,2026-06-13T18:48:00,In progress,Arjun Mehta,45mins
,Risk & Compliance Ops,2026-06-13T19:36:00,Open,,45 mins
,Risk & Compliance Ops,2026-06-13T19:49:00,In progress,Liam O'Connor,1hr 00 mins
INC0011028,Payments L2 Support,2026-07-29T15:41:00,Open,,17mins
,Payments L2 Support,2026-07-29T15:57:00,In progress,Carlos Mendes,1 hr 30 mins
,L1 Team,2026-07-29T16:33:00,Open,,1 hr 0 mins
,L1 Team,2026-07-29T16:46:00,In progress,Carlos Mendes,2hr 05 mins
,ABAP Team,2026-07-29T17:35:00,Open,,45mins
,ABAP Team,2026-07-29T17:45:00,In progress,Priya Sharma,2 hr 5 mins
INC0011029,Access Management Team,2026-08-20T02:33:00,Open,,1hr 15 mins
,Access Management Team,2026-08-20T03:01:00,In progress,Carlos Mendes,45 mins
,ABAP Team,2026-08-20T03:51:00,Open,,1 hr 0 mins
,ABAP Team,2026-08-20T04:07:00,In progress,Aisha Khan,45 mins
,ABAP Team,2026-08-20T05:02:00,Closed,Sofia Rossi,
INC0011030,Access Management Team,2026-06-01T14:56:00,Open,,1 hr 15 mins
,Access Management Team,2026-06-01T15:06:00,In progress,Omar Siddiqui,35 mins
,Trade Support L2,2026-06-01T16:04:00,Open,,15 mins
,Trade Support L2,2026-06-01T16:32:00,In progress,Aisha Khan,2 hr 5 mins
INC0011031,Access Management Team,2026-08-06T18:31:00,Open,,17mins
,Access Management Team,2026-08-06T18:56:00,In progress,Omar Siddiqui,45 mins
,Risk & Compliance Ops,2026-08-06T19:26:00,Open,,10mins
,Risk & Compliance Ops,2026-08-06T19:37:00,In progress,Daniel Cho,45mins
,Risk & Compliance Ops,2026-08-06T19:58:00,Closed,Daniel Cho,
INC0011032,L3 Team,2026-06-29T22:17:00,Open,,10 mins
,L3 Team,2026-06-29T22:36:00,In progress,Noah Williams,1 hr 15 mins
,SD Team,2026-06-29T23:16:00,Open,,45mins
,SD Team,2026-06-29T23:42:00,In progress,Maria Silva,35 mins
INC0011033,L1 Service Desk,2026-08-09T16:14:00,Open,,35mins
,L1 Service Desk,2026-08-09T16:35:00,In progress,Ethan Brooks,2hr 05 mins
,ABAP Team,2026-08-09T17:26:00,Open,,45 mins
,ABAP Team,2026-08-09T17:55:00,In progress,Sofia Rossi,10mins
INC0011034,Access Management Team,2026-05-27T07:15:00,Open,,45mins
,Access Management Team,2026-05-27T07:34:00,In progress,Chloe Martin,2 hr 13 mins
,L1 Service Desk,2026-05-27T07:54:00,Open,,2hr 13 mins
,L1 Service Desk,2026-05-27T08:16:00,In progress,Omar Siddiqui,35mins
,ABAP Team,2026-05-27T09:02:00,Open,,45 mins
,ABAP Team,2026-05-27T09:15:00,In progress,Priya Sharma,45 mins
,ABAP Team,2026-05-27T09:55:00,Hold,James Cole,2 hr 13 mins
INC0011035,L1 Service Desk,2026-07-31T10:48:00,Open,,17 mins
,L1 Service Desk,2026-07-31T10:58:00,In progress,Noah Williams,1 hr 30 mins
,MM Team,2026-07-31T11:39:00,Open,,2hr 13 mins
,MM Team,2026-07-31T12:02:00,In progress,Kenji Watanabe,35 mins
,MM Team,2026-07-31T12:28:00,Closed,Kenji Watanabe,
INC0011036,L3 Team,2026-08-28T00:25:00,Open,,2hr 13 mins
,L3 Team,2026-08-28T00:37:00,In progress,Arjun Mehta,15mins
,L1 Team,2026-08-28T01:36:00,Open,,1hr 15 mins
,L1 Team,2026-08-28T02:06:00,In progress,Nadia Rahman,45mins
,Trade Support L2,2026-08-28T03:01:00,Open,,1hr 00 mins
,Trade Support L2,2026-08-28T03:12:00,In progress,Wei Zhang,10 mins
,Trade Support L2,2026-08-28T04:09:00,Closed,Priya Sharma,
INC0011037,L1 Service Desk,2026-07-29T19:21:00,Open,,10 mins
,L1 Service Desk,2026-07-29T19:35:00,In progress,Nadia Rahman,1 hr 0 mins
,FI Team,2026-07-29T20:22:00,Open,,45mins
,FI Team,2026-07-29T20:40:00,In progress,Liam O'Connor,1 hr 15 mins
,FI Team,2026-07-29T21:28:00,Closed,Fatima Al-Sayed,
INC0011038,Access Management Team,2026-08-16T01:20:00,Open,,2hr 05 mins
,Access Management Team,2026-08-16T01:48:00,In progress,Chloe Martin,1hr 15 mins
,L2 Team,2026-08-16T02:19:00,Open,,2 hr 13 mins
,L2 Team,2026-08-16T02:49:00,In progress,Arjun Mehta,2 hr 5 mins
,ABAP Team,2026-08-16T03:15:00,Open,,45mins
,ABAP Team,2026-08-16T03:41:00,In progress,Maria Silva,45 mins
,ABAP Team,2026-08-16T04:18:00,Hold,James Cole,35 mins
INC0011039,L2 Team,2026-06-22T05:09:00,Open,,1hr 15 mins
,L2 Team,2026-06-22T05:25:00,In progress,Hannah Lee,1 hr 0 mins
,L1 Service Desk,2026-06-22T06:15:00,Open,,15 mins
,L1 Service Desk,2026-06-22T06:37:00,In progress,Carlos Mendes,10 mins
,ABAP Team,2026-06-22T07:11:00,Open,,2 hr 5 mins
,ABAP Team,2026-06-22T07:37:00,In progress,James Cole,1hr 30 mins
,ABAP Team,2026-06-22T08:05:00,Closed,Daniel Cho,
INC0011040,Core Banking L3,2026-08-19T22:17:00,Open,,1 hr 30 mins
,Core Banking L3,2026-08-19T22:34:00,In progress,Ethan Brooks,45 mins
,Access Management Team,2026-08-19T23:17:00,Open,,10 mins
,Access Management Team,2026-08-19T23:30:00,In progress,Ethan Brooks,10mins
,SD Team,2026-08-19T23:45:00,Open,,15 mins
,SD Team,2026-08-20T00:01:00,In progress,Daniel Cho,2hr 13 mins
,SD Team,2026-08-20T00:17:00,Hold,Wei Zhang,1 hr 30 mins
INC0011041,L3 Team,2026-05-18T11:14:00,Open,,17 mins
,L3 Team,2026-05-18T11:32:00,In progress,Emily Carter,2 hr 13 mins
,SD Team,2026-05-18T12:01:00,Open,,2 hr 5 mins
,SD Team,2026-05-18T12:31:00,In progress,Liam O'Connor,1 hr 15 mins
,SD Team,2026-05-18T12:46:00,Closed,Liam O'Connor,
INC0011042,L1 Team,2026-08-23T07:00:00,Open,,1 hr 15 mins
,L1 Team,2026-08-23T07:28:00,In progress,Hannah Lee,15mins
,ABAP Team,2026-08-23T07:56:00,Open,,45 mins
,ABAP Team,2026-08-23T08:23:00,In progress,James Cole,10mins
INC0011043,L1 Team,2026-05-17T14:41:00,Open,,17 mins
,L1 Team,2026-05-17T15:08:00,In progress,Arjun Mehta,2 hr 5 mins
,Core Banking L3,2026-05-17T15:58:00,Open,,1 hr 15 mins
,Core Banking L3,2026-05-17T16:20:00,In progress,Chloe Martin,35 mins
,FI Team,2026-05-17T16:46:00,Open,,1hr 15 mins
,FI Team,2026-05-17T17:00:00,In progress,Wei Zhang,45 mins
INC0011044,L2 Team,2026-06-02T10:38:00,Open,,15 mins
,L2 Team,2026-06-02T11:05:00,In progress,Arjun Mehta,10 mins
,MM Team,2026-06-02T11:39:00,Open,,1 hr 0 mins
,MM Team,2026-06-02T12:01:00,In progress,Aisha Khan,10 mins
INC0011045,Payments L2 Support,2026-08-16T05:50:00,Open,,1 hr 15 mins
,Payments L2 Support,2026-08-16T06:20:00,In progress,Noah Williams,10 mins
,MM Team,2026-08-16T06:37:00,Open,,45 mins
,MM Team,2026-08-16T06:59:00,In progress,Maria Silva,17 mins
INC0011046,L2 Team,2026-08-09T09:14:00,Open,,2 hr 5 mins
,L2 Team,2026-08-09T09:24:00,In progress,Ethan Brooks,2hr 05 mins
,L1 Service Desk,2026-08-09T09:40:00,Open,,10 mins
,L1 Service Desk,2026-08-09T10:05:00,In progress,Carlos Mendes,45mins
,Risk & Compliance Ops,2026-08-09T10:20:00,Open,,1 hr 15 mins
,Risk & Compliance Ops,2026-08-09T10:49:00,In progress,Maria Silva,15 mins
INC0011047,L2 Team,2026-07-27T09:05:00,Open,,15 mins
,L2 Team,2026-07-27T09:32:00,In progress,Arjun Mehta,1hr 30 mins
,Access Management Team,2026-07-27T09:51:00,Open,,2hr 13 mins
,Access Management Team,2026-07-27T10:16:00,In progress,Hannah Lee,15 mins
,ABAP Team,2026-07-27T10:47:00,Open,,45mins
,ABAP Team,2026-07-27T11:10:00,In progress,James Cole,1 hr 15 mins
INC0011048,Payments L2 Support,2026-06-01T06:55:00,Open,,1 hr 15 mins
,Payments L2 Support,2026-06-01T07:19:00,In progress,Nadia Rahman,1 hr 0 mins
,ABAP Team,2026-06-01T07:43:00,Open,,45 mins
,ABAP Team,2026-06-01T07:57:00,In progress,Wei Zhang,45 mins
,ABAP Team,2026-06-01T08:17:00,Closed,Kenji Watanabe,
INC0011049,L3 Team,2026-08-21T01:50:00,Open,,35mins
,L3 Team,2026-08-21T02:08:00,In progress,Emily Carter,17mins
,FI Team,2026-08-21T03:05:00,Open,,2hr 05 mins
,FI Team,2026-08-21T03:24:00,In progress,Daniel Cho,1 hr 15 mins
,FI Team,2026-08-21T04:03:00,Closed,Maria Silva,
INC0011050,L1 Service Desk,2026-06-04T15:11:00,Open,,2hr 13 mins
,L1 Service Desk,2026-06-04T15:31:00,In progress,Emily Carter,35 mins
,Trade Support L2,2026-06-04T16:16:00,Open,,2hr 13 mins
,Trade Support L2,2026-06-04T16:45:00,In progress,Fatima Al-Sayed,10mins
INC0011051,L3 Team,2026-08-12T00:33:00,Open,,2 hr 5 mins
,L3 Team,2026-08-12T00:54:00,In progress,Emily Carter,10 mins
,Core Banking L3,2026-08-12T01:15:00,Open,,15mins
,Core Banking L3,2026-08-12T01:28:00,In progress,Mei Tan,2 hr 5 mins
,SD Team,2026-08-12T01:53:00,Open,,1hr 30 mins
,SD Team,2026-08-12T02:12:00,In progress,Fatima Al-Sayed,1hr 30 mins
,SD Team,2026-08-12T02:43:00,Closed,Maria Silva,
INC0011052,Access Management Team,2026-08-25T07:54:00,Open,,1 hr 0 mins
,Access Management Team,2026-08-25T08:10:00,In progress,Chloe Martin,1 hr 0 mins
,Payments L2 Support,2026-08-25T08:25:00,Open,,1 hr 30 mins
,Payments L2 Support,2026-08-25T08:43:00,In progress,Carlos Mendes,1hr 15 mins
,Trade Support L2,2026-08-25T08:59:00,Open,,35 mins
,Trade Support L2,2026-08-25T09:26:00,In progress,James Cole,2 hr 5 mins
,Trade Support L2,2026-08-25T10:12:00,Hold,Sofia Rossi,2 hr 5 mins
INC0011053,L3 Team,2026-08-22T03:16:00,Open,,1 hr 0 mins
,L3 Team,2026-08-22T03:42:00,In progress,Nadia Rahman,1 hr 0 mins
,L1 Team,2026-08-22T04:37:00,Open,,17 mins
,L1 Team,2026-08-22T04:57:00,In progress,Carlos Mendes,1hr 30 mins
,ABAP Team,2026-08-22T05:44:00,Open,,1 hr 15 mins
,ABAP Team,2026-08-22T06:10:00,In progress,Wei Zhang,15 mins
INC0011054,L3 Team,2026-08-07T03:37:00,Open,,17 mins
,L3 Team,2026-08-07T03:47:00,In progress,Noah Williams,15 mins
,Access Management Team,2026-08-07T04:14:00,Open,,1 hr 15 mins
,Access Management Team,2026-08-07T04:28:00,In progress,Arjun Mehta,45 mins
,MM Team,2026-08-07T04:43:00,Open,,35 mins
,MM Team,2026-08-07T04:54:00,In progress,Maria Silva,1 hr 30 mins
,MM Team,2026-08-07T05:33:00,Closed,Maria Silva,
INC0011055,L1 Service Desk,2026-06-06T08:31:00,Open,,15mins
,L1 Service Desk,2026-06-06T08:41:00,In progress,Noah Williams,1 hr 30 mins
,L2 Team,2026-06-06T09:32:00,Open,,15 mins
,L2 Team,2026-06-06T09:50:00,In progress,Noah Williams,10 mins
,Risk & Compliance Ops,2026-06-06T10:42:00,Open,,15 mins
,Risk & Compliance Ops,2026-06-06T11:10:00,In progress,Wei Zhang,35 mins
,Risk & Compliance Ops,2026-06-06T12:08:00,Closed,Maria Silva,
INC0011056,Core Banking L3,2026-08-22T00:50:00,Open,,1 hr 30 mins
,Core Banking L3,2026-08-22T01:14:00,In progress,Mei Tan,10 mins
,Payments L2 Support,2026-08-22T01:29:00,Open,,1 hr 30 mins
,Payments L2 Support,2026-08-22T01:49:00,In progress,Carlos Mendes,1 hr 30 mins
,Trade Support L2,2026-08-22T02:39:00,Open,,45 mins
,Trade Support L2,2026-08-22T02:56:00,In progress,Daniel Cho,10mins
INC0011057,Core Banking L3,2026-08-10T07:49:00,Open,,1 hr 0 mins
,Core Banking L3,2026-08-10T08:02:00,In progress,Nadia Rahman,1 hr 15 mins
,L2 Team,2026-08-10T08:23:00,Open,,1 hr 30 mins
,L2 Team,2026-08-10T08:43:00,In progress,Hannah Lee,2 hr 5 mins
,FI Team,2026-08-10T09:39:00,Open,,45 mins
,FI Team,2026-08-10T10:05:00,In progress,Wei Zhang,2hr 05 mins
INC0011058,L2 Team,2026-06-23T13:05:00,Open,,45mins
,L2 Team,2026-06-23T13:15:00,In progress,Emily Carter,45 mins
,Trade Support L2,2026-06-23T13:50:00,Open,,45 mins
,Trade Support L2,2026-06-23T14:13:00,In progress,Daniel Cho,45 mins
,Trade Support L2,2026-06-23T15:04:00,Closed,Daniel Cho,
INC0011059,Payments L2 Support,2026-05-11T13:45:00,Open,,1hr 00 mins
,Payments L2 Support,2026-05-11T14:09:00,In progress,Ethan Brooks,10 mins
,Core Banking L3,2026-05-11T14:27:00,Open,,1 hr 30 mins
,Core Banking L3,2026-05-11T14:45:00,In progress,Arjun Mehta,17mins
,SD Team,2026-05-11T15:34:00,Open,,1 hr 30 mins
,SD Team,2026-05-11T15:48:00,In progress,Aisha Khan,1hr 30 mins
,SD Team,2026-05-11T16:41:00,Closed,Liam O'Connor,
INC0011060,L1 Service Desk,2026-08-12T04:55:00,Open,,10mins
,L1 Service Desk,2026-08-12T05:16:00,In progress,Noah Williams,1hr 15 mins
,FI Team,2026-08-12T06:15:00,Open,,17 mins
,FI Team,2026-08-12T06:32:00,In progress,Sofia Rossi,2 hr 13 mins
INC0011061,L2 Team,2026-07-22T08:59:00,Open,,1 hr 15 mins
,L2 Team,2026-07-22T09:09:00,In progress,Noah Williams,2 hr 5 mins
,Access Management Team,2026-07-22T09:59:00,Open,,17mins
,Access Management Team,2026-07-22T10:19:00,In progress,Carlos Mendes,15mins
,SD Team,2026-07-22T11:00:00,Open,,2 hr 13 mins
,SD Team,2026-07-22T11:30:00,In progress,Sofia Rossi,45mins
,SD Team,2026-07-22T11:46:00,Closed,Liam O'Connor,
INC0011062,L1 Team,2026-07-03T10:33:00,Open,,1 hr 15 mins
,L1 Team,2026-07-03T10:48:00,In progress,Nadia Rahman,10 mins
,Access Management Team,2026-07-03T11:30:00,Open,,1 hr 0 mins
,Access Management Team,2026-07-03T11:41:00,In progress,Emily Carter,17mins
,ABAP Team,2026-07-03T12:11:00,Open,,1 hr 15 mins
,ABAP Team,2026-07-03T12:21:00,In progress,Kenji Watanabe,17 mins
,ABAP Team,2026-07-03T12:44:00,Hold,Kenji Watanabe,2hr 13 mins
INC0011063,L1 Team,2026-06-01T04:09:00,Open,,2hr 13 mins
,L1 Team,2026-06-01T04:36:00,In progress,Hannah Lee,10 mins
,L2 Team,2026-06-01T05:18:00,Open,,1hr 00 mins
,L2 Team,2026-06-01T05:35:00,In progress,Carlos Mendes,45 mins
,ABAP Team,2026-06-01T05:52:00,Open,,45mins
,ABAP Team,2026-06-01T06:07:00,In progress,Daniel Cho,1 hr 0 mins
,ABAP Team,2026-06-01T07:02:00,Closed,Aisha Khan,
INC0011064,Payments L2 Support,2026-08-27T12:45:00,Open,,45 mins
,Payments L2 Support,2026-08-27T12:55:00,In progress,Nadia Rahman,45 mins
,ABAP Team,2026-08-27T13:19:00,Open,,45mins
,ABAP Team,2026-08-27T13:42:00,In progress,James Cole,1hr 15 mins
INC0011065,L2 Team,2026-07-14T15:44:00,Open,,15mins
,L2 Team,2026-07-14T15:58:00,In progress,Chloe Martin,2 hr 13 mins
,SD Team,2026-07-14T16:38:00,Open,,10mins
,SD Team,2026-07-14T17:00:00,In progress,Maria Silva,45mins
INC0011066,Access Management Team,2026-07-28T22:38:00,Open,,45 mins
,Access Management Team,2026-07-28T23:07:00,In progress,Chloe Martin,1 hr 0 mins
,FI Team,2026-07-28T23:50:00,Open,,45mins
,FI Team,2026-07-29T00:09:00,In progress,Priya Sharma,15mins
,FI Team,2026-07-29T00:34:00,Hold,Priya Sharma,2 hr 13 mins
INC0011067,L1 Team,2026-08-26T14:21:00,Open,,15mins
,L1 Team,2026-08-26T14:40:00,In progress,Ethan Brooks,45 mins
,MM Team,2026-08-26T15:03:00,Open,,45 mins
,MM Team,2026-08-26T15:22:00,In progress,Priya Sharma,45mins
INC0011068,Payments L2 Support,2026-08-24T13:46:00,Open,,17 mins
,Payments L2 Support,2026-08-24T14:06:00,In progress,Omar Siddiqui,45mins
,L2 Team,2026-08-24T14:43:00,Open,,17 mins
,L2 Team,2026-08-24T15:01:00,In progress,Noah Williams,10 mins
,ABAP Team,2026-08-24T15:58:00,Open,,45mins
,ABAP Team,2026-08-24T16:10:00,In progress,James Cole,15mins
,ABAP Team,2026-08-24T17:10:00,Hold,Fatima Al-Sayed,1 hr 15 mins
INC0011069,Payments L2 Support,2026-08-07T10:30:00,Open,,1 hr 15 mins
,Payments L2 Support,2026-08-07T10:40:00,In progress,Chloe Martin,35 mins
,FI Team,2026-08-07T11:09:00,Open,,2hr 05 mins
,FI Team,2026-08-07T11:35:00,In progress,Daniel Cho,17mins
INC0011070,Payments L2 Support,2026-05-27T21:52:00,Open,,10 mins
,Payments L2 Support,2026-05-27T22:14:00,In progress,Arjun Mehta,45 mins
,L1 Service Desk,2026-05-27T22:35:00,Open,,10 mins
,L1 Service Desk,2026-05-27T22:47:00,In progress,Noah Williams,45 mins
,Risk & Compliance Ops,2026-05-27T23:14:00,Open,,45 mins
,Risk & Compliance Ops,2026-05-27T23:29:00,In progress,Aisha Khan,10 mins
,Risk & Compliance Ops,2026-05-28T00:29:00,Hold,Kenji Watanabe,10 mins
INC0011071,L1 Team,2026-08-22T07:34:00,Open,,17 mins
,L1 Team,2026-08-22T08:04:00,In progress,Chloe Martin,10 mins
,L2 Team,2026-08-22T08:31:00,Open,,17 mins
,L2 Team,2026-08-22T08:47:00,In progress,Noah Williams,1 hr 15 mins
,MM Team,2026-08-22T09:39:00,Open,,10 mins
,MM Team,2026-08-22T09:51:00,In progress,Liam O'Connor,10 mins
,MM Team,2026-08-22T10:19:00,Hold,Liam O'Connor,1 hr 15 mins
INC0011072,Access Management Team,2026-05-24T14:59:00,Open,,1 hr 15 mins
,Access Management Team,2026-05-24T15:12:00,In progress,Mei Tan,1 hr 15 mins
,Trade Support L2,2026-05-24T16:02:00,Open,,15mins
,Trade Support L2,2026-05-24T16:24:00,In progress,Wei Zhang,45mins
INC0011073,Core Banking L3,2026-07-31T13:34:00,Open,,45 mins
,Core Banking L3,2026-07-31T14:02:00,In progress,Ethan Brooks,1hr 30 mins
,Risk & Compliance Ops,2026-07-31T14:40:00,Open,,2 hr 13 mins
,Risk & Compliance Ops,2026-07-31T14:52:00,In progress,Aisha Khan,1hr 15 mins
,Risk & Compliance Ops,2026-07-31T15:21:00,Closed,Sofia Rossi,
INC0011074,Core Banking L3,2026-07-14T18:30:00,Open,,10 mins
,Core Banking L3,2026-07-14T18:45:00,In progress,Ethan Brooks,1 hr 30 mins
,ABAP Team,2026-07-14T19:00:00,Open,,1 hr 15 mins
,ABAP Team,2026-07-14T19:11:00,In progress,Aisha Khan,1 hr 15 mins
INC0011075,L1 Service Desk,2026-08-26T10:55:00,Open,,1 hr 30 mins
,L1 Service Desk,2026-08-26T11:21:00,In progress,Hannah Lee,2hr 05 mins
,ABAP Team,2026-08-26T11:45:00,Open,,35mins
,ABAP Team,2026-08-26T12:14:00,In progress,Fatima Al-Sayed,2hr 13 mins
INC0011076,L1 Service Desk,2026-08-10T15:34:00,Open,,35 mins
,L1 Service Desk,2026-08-10T15:54:00,In progress,Nadia Rahman,10 mins
,L1 Team,2026-08-10T16:35:00,Open,,1 hr 30 mins
,L1 Team,2026-08-10T16:45:00,In progress,Noah Williams,45mins
,Risk & Compliance Ops,2026-08-10T17:00:00,Open,,1hr 30 mins
,Risk & Compliance Ops,2026-08-10T17:21:00,In progress,Liam O'Connor,1 hr 30 mins
,Risk & Compliance Ops,2026-08-10T17:36:00,Hold,Liam O'Connor,45mins
INC0011077,Access Management Team,2026-05-27T09:17:00,Open,,35 mins
,Access Management Team,2026-05-27T09:32:00,In progress,Hannah Lee,15 mins
,FI Team,2026-05-27T10:24:00,Open,,1 hr 0 mins
,FI Team,2026-05-27T10:46:00,In progress,Daniel Cho,45 mins
INC0011078,Core Banking L3,2026-08-22T03:18:00,Open,,1hr 00 mins
,Core Banking L3,2026-08-22T03:39:00,In progress,Emily Carter,1 hr 0 mins
,L1 Service Desk,2026-08-22T04:38:00,Open,,15 mins
,L1 Service Desk,2026-08-22T05:06:00,In progress,Hannah Lee,17 mins
,ABAP Team,2026-08-22T05:41:00,Open,,15 mins
,ABAP Team,2026-08-22T06:00:00,In progress,Kenji Watanabe,15 mins
INC0011079,L2 Team,2026-08-12T04:10:00,Open,,45 mins
,L2 Team,2026-08-12T04:40:00,In progress,Ethan Brooks,45 mins
,FI Team,2026-08-12T05:13:00,Open,,15mins
,FI Team,2026-08-12T05:40:00,In progress,Wei Zhang,45mins
,FI Team,2026-08-12T06:13:00,Closed,Daniel Cho,
INC0011080,L1 Team,2026-08-06T06:47:00,Open,,15mins
,L1 Team,2026-08-06T07:10:00,In progress,Emily Carter,10 mins
,SD Team,2026-08-06T07:39:00,Open,,15 mins
,SD Team,2026-08-06T07:51:00,In progress,Kenji Watanabe,1 hr 15 mins
INC0011081,Core Banking L3,2026-06-16T23:41:00,Open,,35 mins
,Core Banking L3,2026-06-17T00:10:00,In progress,Carlos Mendes,45mins
,L3 Team,2026-06-17T00:30:00,Open,,15 mins
,L3 Team,2026-06-17T00:50:00,In progress,Nadia Rahman,15 mins
,MM Team,2026-06-17T01:36:00,Open,,17 mins
,MM Team,2026-06-17T02:02:00,In progress,Fatima Al-Sayed,1 hr 0 mins
INC0011082,L2 Team,2026-08-22T19:44:00,Open,,45mins
,L2 Team,2026-08-22T19:57:00,In progress,Carlos Mendes,15 mins
,Payments L2 Support,2026-08-22T20:43:00,Open,,45 mins
,Payments L2 Support,2026-08-22T20:57:00,In progress,Carlos Mendes,45mins
,SD Team,2026-08-22T21:43:00,Open,,45 mins
,SD Team,2026-08-22T22:01:00,In progress,Wei Zhang,1 hr 0 mins
,SD Team,2026-08-22T22:18:00,Hold,Fatima Al-Sayed,1 hr 15 mins
INC0011083,L1 Team,2026-05-27T07:10:00,Open,,45 mins
,L1 Team,2026-05-27T07:31:00,In progress,Omar Siddiqui,1hr 15 mins
,L2 Team,2026-05-27T07:55:00,Open,,10 mins
,L2 Team,2026-05-27T08:07:00,In progress,Arjun Mehta,1 hr 15 mins
,SD Team,2026-05-27T08:25:00,Open,,1 hr 15 mins
,SD Team,2026-05-27T08:46:00,In progress,Kenji Watanabe,45mins
,SD Team,2026-05-27T09:31:00,Closed,Daniel Cho,
INC0011084,L1 Service Desk,2026-06-29T10:57:00,Open,,10 mins
,L1 Service Desk,2026-06-29T11:10:00,In progress,Carlos Mendes,35mins
,Trade Support L2,2026-06-29T11:26:00,Open,,1hr 15 mins
,Trade Support L2,2026-06-29T11:38:00,In progress,Liam O'Connor,1hr 30 mins
,Trade Support L2,2026-06-29T12:38:00,Closed,Maria Silva,
INC0011085,L1 Service Desk,2026-08-07T04:02:00,Open,,17mins
,L1 Service Desk,2026-08-07T04:17:00,In progress,Hannah Lee,45 mins
,ABAP Team,2026-08-07T05:15:00,Open,,17 mins
,ABAP Team,2026-08-07T05:30:00,In progress,Kenji Watanabe,45 mins
,ABAP Team,2026-08-07T06:13:00,Hold,Kenji Watanabe,45 mins
INC0011086,Core Banking L3,2026-08-09T16:06:00,Open,,35 mins
,Core Banking L3,2026-08-09T16:31:00,In progress,Nadia Rahman,45 mins
,L1 Service Desk,2026-08-09T17:21:00,Open,,1hr 00 mins
,L1 Service Desk,2026-08-09T17:44:00,In progress,Hannah Lee,2 hr 5 mins
,Trade Support L2,2026-08-09T18:12:00,Open,,1 hr 0 mins
,Trade Support L2,2026-08-09T18:38:00,In progress,Maria Silva,2 hr 5 mins
,Trade Support L2,2026-08-09T19:19:00,Closed,Priya Sharma,
INC0011087,Payments L2 Support,2026-08-10T11:22:00,Open,,17 mins
,Payments L2 Support,2026-08-10T11:42:00,In progress,Nadia Rahman,45 mins
,Core Banking L3,2026-08-10T12:19:00,Open,,10mins
,Core Banking L3,2026-08-10T12:45:00,In progress,Noah Williams,1 hr 15 mins
,FI Team,2026-08-10T13:36:00,Open,,15 mins
,FI Team,2026-08-10T14:05:00,In progress,Maria Silva,1hr 00 mins
INC0011088,L2 Team,2026-05-25T06:00:00,Open,,45 mins
,L2 Team,2026-05-25T06:24:00,In progress,Arjun Mehta,1 hr 15 mins
,Core Banking L3,2026-05-25T07:17:00,Open,,1hr 15 mins
,Core Banking L3,2026-05-25T07:37:00,In progress,Hannah Lee,45 mins
,Trade Support L2,2026-05-25T08:19:00,Open,,2 hr 5 mins
,Trade Support L2,2026-05-25T08:29:00,In progress,Maria Silva,1hr 30 mins
,Trade Support L2,2026-05-25T08:53:00,Closed,Daniel Cho,
INC0011089,Core Banking L3,2026-08-08T22:20:00,Open,,35 mins
,Core Banking L3,2026-08-08T22:31:00,In progress,Noah Williams,2 hr 13 mins
,L2 Team,2026-08-08T23:16:00,Open,,15 mins
,L2 Team,2026-08-08T23:28:00,In progress,Omar Siddiqui,2hr 13 mins
,MM Team,2026-08-09T00:10:00,Open,,1 hr 15 mins
,MM Team,2026-08-09T00:33:00,In progress,Wei Zhang,10 mins
,MM Team,2026-08-09T00:58:00,Hold,Fatima Al-Sayed,1hr 30 mins
INC0011090,L3 Team,2026-07-07T03:05:00,Open,,2 hr 5 mins
,L3 Team,2026-07-07T03:22:00,In progress,Emily Carter,17 mins
,Payments L2 Support,2026-07-07T04:04:00,Open,,2 hr 5 mins
,Payments L2 Support,2026-07-07T04:20:00,In progress,Nadia Rahman,17 mins
,MM Team,2026-07-07T04:46:00,Open,,2 hr 5 mins
,MM Team,2026-07-07T04:56:00,In progress,James Cole,45 mins
,MM Team,2026-07-07T05:54:00,Closed,Kenji Watanabe,
INC0011091,Access Management Team,2026-07-12T08:13:00,Open,,1 hr 0 mins
,Access Management Team,2026-07-12T08:23:00,In progress,Emily Carter,1hr 15 mins
,L1 Team,2026-07-12T08:39:00,Open,,35 mins
,L1 Team,2026-07-12T09:01:00,In progress,Nadia Rahman,1 hr 15 mins
,ABAP Team,2026-07-12T09:37:00,Open,,10 mins
,ABAP Team,2026-07-12T10:05:00,In progress,James Cole,17 mins
,ABAP Team,2026-07-12T10:49:00,Hold,James Cole,45 mins
INC0011092,Access Management Team,2026-07-17T06:21:00,Open,,1 hr 15 mins
,Access Management Team,2026-07-17T06:49:00,In progress,Ethan Brooks,1 hr 0 mins
,ABAP Team,2026-07-17T07:39:00,Open,,35mins
,ABAP Team,2026-07-17T07:50:00,In progress,Kenji Watanabe,45 mins
INC0011093,L3 Team,2026-05-27T10:09:00,Open,,2 hr 5 mins
,L3 Team,2026-05-27T10:29:00,In progress,Emily Carter,2 hr 5 mins
,Risk & Compliance Ops,2026-05-27T11:22:00,Open,,1 hr 15 mins
,Risk & Compliance Ops,2026-05-27T11:37:00,In progress,Daniel Cho,17mins
INC0011094,Payments L2 Support,2026-07-15T15:44:00,Open,,1 hr 0 mins
,Payments L2 Support,2026-07-15T16:05:00,In progress,Hannah Lee,2hr 05 mins
,ABAP Team,2026-07-15T16:23:00,Open,,1 hr 0 mins
,ABAP Team,2026-07-15T16:46:00,In progress,Maria Silva,1 hr 0 mins
INC0011095,L1 Service Desk,2026-07-18T11:28:00,Open,,1 hr 30 mins
,L1 Service Desk,2026-07-18T11:47:00,In progress,Hannah Lee,35mins
,FI Team,2026-07-18T12:33:00,Open,,2 hr 13 mins
,FI Team,2026-07-18T12:54:00,In progress,Fatima Al-Sayed,10mins
INC0011096,L3 Team,2026-08-12T15:12:00,Open,,1hr 15 mins
,L3 Team,2026-08-12T15:35:00,In progress,Arjun Mehta,17 mins
,L1 Team,2026-08-12T16:24:00,Open,,10mins
,L1 Team,2026-08-12T16:37:00,In progress,Mei Tan,17mins
,MM Team,2026-08-12T16:54:00,Open,,15 mins
,MM Team,2026-08-12T17:13:00,In progress,Aisha Khan,2 hr 5 mins
INC0011097,Payments L2 Support,2026-08-12T18:01:00,Open,,2 hr 5 mins
,Payments L2 Support,2026-08-12T18:16:00,In progress,Noah Williams,45 mins
,Access Management Team,2026-08-12T18:46:00,Open,,35 mins
,Access Management Team,2026-08-12T18:56:00,In progress,Noah Williams,35 mins
,ABAP Team,2026-08-12T19:15:00,Open,,45mins
,ABAP Team,2026-08-12T19:35:00,In progress,Wei Zhang,10 mins
INC0011098,L3 Team,2026-08-25T15:41:00,Open,,45mins
,L3 Team,2026-08-25T15:52:00,In progress,Nadia Rahman,1 hr 0 mins
,SD Team,2026-08-25T16:39:00,Open,,1hr 30 mins
,SD Team,2026-08-25T16:55:00,In progress,Priya Sharma,35 mins
,SD Team,2026-08-25T17:20:00,Closed,Priya Sharma,
INC0011099,L2 Team,2026-05-31T19:39:00,Open,,17 mins
,L2 Team,2026-05-31T20:06:00,In progress,Noah Williams,2 hr 5 mins
,Payments L2 Support,2026-05-31T20:55:00,Open,,2 hr 13 mins
,Payments L2 Support,2026-05-31T21:08:00,In progress,Noah Williams,45 mins
,MM Team,2026-05-31T21:28:00,Open,,2 hr 5 mins
,MM Team,2026-05-31T21:52:00,In progress,Sofia Rossi,2hr 05 mins
INC0011100,L1 Team,2026-06-12T09:30:00,Open,,17 mins
,L1 Team,2026-06-12T09:55:00,In progress,Emily Carter,1hr 15 mins
,ABAP Team,2026-06-12T10:29:00,Open,,45 mins
,ABAP Team,2026-06-12T10:41:00,In progress,Priya Sharma,1 hr 0 mins
,ABAP Team,2026-06-12T11:34:00,Hold,Liam O'Connor,2 hr 13 mins
INC0011101,L1 Service Desk,2026-08-11T18:39:00,Open,,2 hr 5 mins
,L1 Service Desk,2026-08-11T19:07:00,In progress,Noah Williams,17 mins
,SD Team,2026-08-11T19:50:00,Open,,35 mins
,SD Team,2026-08-11T20:15:00,In progress,Kenji Watanabe,1 hr 0 mins
INC0011102,L1 Service Desk,2026-07-30T00:46:00,Open,,2 hr 13 mins
,L1 Service Desk,2026-07-30T01:16:00,In progress,Hannah Lee,1 hr 0 mins
,L3 Team,2026-07-30T01:40:00,Open,,10mins
,L3 Team,2026-07-30T02:03:00,In progress,Arjun Mehta,35 mins
,FI Team,2026-07-30T02:18:00,Open,,17mins
,FI Team,2026-07-30T02:45:00,In progress,Liam O'Connor,45 mins
,FI Team,2026-07-30T03:17:00,Hold,Priya Sharma,35 mins
INC0011103,L3 Team,2026-07-05T02:05:00,Open,,35 mins
,L3 Team,2026-07-05T02:26:00,In progress,Chloe Martin,15 mins
,Trade Support L2,2026-07-05T02:54:00,Open,,17 mins
,Trade Support L2,2026-07-05T03:22:00,In progress,James Cole,45 mins
,Trade Support L2,2026-07-05T04:19:00,Closed,Priya Sharma,
INC0011104,L1 Service Desk,2026-06-08T22:12:00,Open,,2 hr 13 mins
,L1 Service Desk,2026-06-08T22:30:00,In progress,Noah Williams,45mins
,Payments L2 Support,2026-06-08T23:01:00,Open,,17 mins
,Payments L2 Support,2026-06-08T23:13:00,In progress,Carlos Mendes,45mins
,MM Team,2026-06-09T00:11:00,Open,,1 hr 30 mins
,MM Team,2026-06-09T00:39:00,In progress,Wei Zhang,10 mins
INC0011105,L1 Service Desk,2026-08-13T00:40:00,Open,,1 hr 15 mins
,L1 Service Desk,2026-08-13T01:02:00,In progress,Carlos Mendes,35 mins
,L1 Team,2026-08-13T01:27:00,Open,,2 hr 5 mins
,L1 Team,2026-08-13T01:54:00,In progress,Noah Williams,45mins
,MM Team,2026-08-13T02:12:00,Open,,1 hr 15 mins
,MM Team,2026-08-13T02:39:00,In progress,Liam O'Connor,1hr 00 mins
INC0011106,Core Banking L3,2026-05-12T13:21:00,Open,,1 hr 30 mins
,Core Banking L3,2026-05-12T13:37:00,In progress,Ethan Brooks,17 mins
,Payments L2 Support,2026-05-12T14:36:00,Open,,1 hr 0 mins
,Payments L2 Support,2026-05-12T15:01:00,In progress,Noah Williams,1 hr 0 mins
,SD Team,2026-05-12T15:17:00,Open,,45 mins
,SD Team,2026-05-12T15:42:00,In progress,Fatima Al-Sayed,2 hr 5 mins
,SD Team,2026-05-12T16:20:00,Closed,Fatima Al-Sayed,
INC0011107,Core Banking L3,2026-08-16T16:06:00,Open,,2hr 05 mins
,Core Banking L3,2026-08-16T16:21:00,In progress,Nadia Rahman,17 mins
,L3 Team,2026-08-16T16:36:00,Open,,15mins
,L3 Team,2026-08-16T16:51:00,In progress,Chloe Martin,17 mins
,ABAP Team,2026-08-16T17:34:00,Open,,1 hr 0 mins
,ABAP Team,2026-08-16T18:02:00,In progress,Liam O'Connor,17mins
INC0011108,Access Management Team,2026-07-22T14:33:00,Open,,17 mins
,Access Management Team,2026-07-22T14:51:00,In progress,Hannah Lee,2 hr 5 mins
,FI Team,2026-07-22T15:17:00,Open,,10mins
,FI Team,2026-07-22T15:47:00,In progress,Kenji Watanabe,1 hr 0 mins
,FI Team,2026-07-22T16:46:00,Hold,Maria Silva,10 mins
INC0011109,L1 Team,2026-06-05T03:30:00,Open,,10mins
,L1 Team,2026-06-05T03:51:00,In progress,Omar Siddiqui,35 mins
,L3 Team,2026-06-05T04:10:00,Open,,1hr 15 mins
,L3 Team,2026-06-05T04:40:00,In progress,Arjun Mehta,10mins
,SD Team,2026-06-05T05:09:00,Open,,10mins
,SD Team,2026-06-05T05:21:00,In progress,Liam O'Connor,35 mins
,SD Team,2026-06-05T05:48:00,Hold,Liam O'Connor,17 mins
INC0011110,Access Management Team,2026-07-16T21:35:00,Open,,15mins
,Access Management Team,2026-07-16T21:52:00,In progress,Omar Siddiqui,10mins
,L1 Service Desk,2026-07-16T22:09:00,Open,,1 hr 0 mins
,L1 Service Desk,2026-07-16T22:35:00,In progress,Noah Williams,1hr 15 mins
,ABAP Team,2026-07-16T23:32:00,Open,,1hr 00 mins
,ABAP Team,2026-07-16T23:54:00,In progress,James Cole,2 hr 13 mins
INC0011111,L1 Service Desk,2026-07-17T01:53:00,Open,,17 mins
,L1 Service Desk,2026-07-17T02:12:00,In progress,Noah Williams,1 hr 30 mins
,MM Team,2026-07-17T02:49:00,Open,,2hr 05 mins
,MM Team,2026-07-17T03:06:00,In progress,Maria Silva,17 mins
INC0011112,L1 Team,2026-05-28T22:56:00,Open,,2 hr 13 mins
,L1 Team,2026-05-28T23:13:00,In progress,Carlos Mendes,35 mins
,L1 Service Desk,2026-05-28T23:35:00,Open,,10mins
,L1 Service Desk,2026-05-29T00:04:00,In progress,Noah Williams,1hr 00 mins
,MM Team,2026-05-29T00:27:00,Open,,15 mins
,MM Team,2026-05-29T00:48:00,In progress,Liam O'Connor,45 mins
,MM Team,2026-05-29T01:15:00,Closed,Maria Silva,
INC0011113,L1 Service Desk,2026-05-25T05:06:00,Open,,1hr 30 mins
,L1 Service Desk,2026-05-25T05:31:00,In progress,Omar Siddiqui,10 mins
,Core Banking L3,2026-05-25T06:30:00,Open,,35 mins
,Core Banking L3,2026-05-25T06:59:00,In progress,Carlos Mendes,17mins
,MM Team,2026-05-25T07:16:00,Open,,1 hr 0 mins
,MM Team,2026-05-25T07:41:00,In progress,Maria Silva,45 mins
,MM Team,2026-05-25T08:28:00,Closed,Maria Silva,
INC0011114,Access Management Team,2026-07-16T00:32:00,Open,,2 hr 5 mins
,Access Management Team,2026-07-16T01:00:00,In progress,Mei Tan,45mins
,MM Team,2026-07-16T01:26:00,Open,,17 mins
,MM Team,2026-07-16T01:53:00,In progress,Aisha Khan,1hr 15 mins
INC0011115,L1 Team,2026-08-13T20:37:00,Open,,35 mins
,L1 Team,2026-08-13T20:58:00,In progress,Omar Siddiqui,35mins
,L1 Service Desk,2026-08-13T21:37:00,Open,,2hr 05 mins
,L1 Service Desk,2026-08-13T22:01:00,In progress,Arjun Mehta,17 mins
,FI Team,2026-08-13T22:34:00,Open,,45mins
,FI Team,2026-08-13T22:51:00,In progress,Kenji Watanabe,17 mins
,FI Team,2026-08-13T23:41:00,Closed,Fatima Al-Sayed,
INC0011116,Core Banking L3,2026-06-30T08:55:00,Open,,35mins
,Core Banking L3,2026-06-30T09:18:00,In progress,Carlos Mendes,15mins
,L1 Service Desk,2026-06-30T09:33:00,Open,,10mins
,L1 Service Desk,2026-06-30T09:53:00,In progress,Nadia Rahman,1hr 30 mins
,FI Team,2026-06-30T10:48:00,Open,,1 hr 15 mins
,FI Team,2026-06-30T11:06:00,In progress,Wei Zhang,1 hr 0 mins
,FI Team,2026-06-30T11:38:00,Closed,Wei Zhang,
INC0011117,Access Management Team,2026-06-07T02:21:00,Open,,2 hr 5 mins
,Access Management Team,2026-06-07T02:46:00,In progress,Carlos Mendes,2hr 13 mins
,ABAP Team,2026-06-07T03:04:00,Open,,2 hr 13 mins
,ABAP Team,2026-06-07T03:27:00,In progress,James Cole,45 mins
INC0011118,L3 Team,2026-08-26T10:39:00,Open,,10 mins
,L3 Team,2026-08-26T11:01:00,In progress,Emily Carter,1hr 30 mins
,L2 Team,2026-08-26T11:57:00,Open,,45 mins
,L2 Team,2026-08-26T12:15:00,In progress,Omar Siddiqui,1 hr 15 mins
,MM Team,2026-08-26T13:13:00,Open,,35 mins
,MM Team,2026-08-26T13:40:00,In progress,James Cole,45mins
,MM Team,2026-08-26T14:14:00,Closed,James Cole,
INC0011119,Access Management Team,2026-06-05T08:17:00,Open,,2 hr 5 mins
,Access Management Team,2026-06-05T08:28:00,In progress,Arjun Mehta,17 mins
,Payments L2 Support,2026-06-05T09:13:00,Open,,17mins
,Payments L2 Support,2026-06-05T09:26:00,In progress,Arjun Mehta,1hr 30 mins
,Trade Support L2,2026-06-05T10:02:00,Open,,1 hr 15 mins
,Trade Support L2,2026-06-05T10:29:00,In progress,James Cole,45 mins
INC0011120,Access Management Team,2026-07-07T18:42:00,Open,,45 mins
,Access Management Team,2026-07-07T18:59:00,In progress,Ethan Brooks,45 mins
,L1 Service Desk,2026-07-07T19:51:00,Open,,1 hr 30 mins
,L1 Service Desk,2026-07-07T20:07:00,In progress,Hannah Lee,1 hr 15 mins
,ABAP Team,2026-07-07T20:50:00,Open,,10 mins
,ABAP Team,2026-07-07T21:15:00,In progress,James Cole,1 hr 30 mins
,ABAP Team,2026-07-07T21:41:00,Hold,Wei Zhang,1hr 00 mins
INC0011121,Access Management Team,2026-05-31T00:45:00,Open,,10mins
,Access Management Team,2026-05-31T01:09:00,In progress,Ethan Brooks,2 hr 13 mins
,L1 Team,2026-05-31T01:51:00,Open,,45 mins
,L1 Team,2026-05-31T02:17:00,In progress,Hannah Lee,2 hr 13 mins
,Risk & Compliance Ops,2026-05-31T02:34:00,Open,,35mins
,Risk & Compliance Ops,2026-05-31T02:57:00,In progress,Kenji Watanabe,2 hr 13 mins
INC0011122,L1 Service Desk,2026-08-15T19:00:00,Open,,45mins
,L1 Service Desk,2026-08-15T19:20:00,In progress,Hannah Lee,2 hr 5 mins
,L1 Team,2026-08-15T19:43:00,Open,,15mins
,L1 Team,2026-08-15T20:07:00,In progress,Arjun Mehta,2 hr 13 mins
,Trade Support L2,2026-08-15T20:49:00,Open,,15mins
,Trade Support L2,2026-08-15T21:11:00,In progress,Maria Silva,10 mins
,Trade Support L2,2026-08-15T21:51:00,Closed,Aisha Khan,
INC0011123,Access Management Team,2026-06-29T20:18:00,Open,,1 hr 0 mins
,Access Management Team,2026-06-29T20:46:00,In progress,Arjun Mehta,1 hr 15 mins
,ABAP Team,2026-06-29T21:38:00,Open,,1 hr 30 mins
,ABAP Team,2026-06-29T21:50:00,In progress,Kenji Watanabe,2 hr 5 mins
,ABAP Team,2026-06-29T22:15:00,Hold,Kenji Watanabe,1 hr 30 mins
INC0011124,Access Management Team,2026-07-10T07:23:00,Open,,1 hr 15 mins
,Access Management Team,2026-07-10T07:47:00,In progress,Arjun Mehta,1hr 30 mins
,L2 Team,2026-07-10T08:21:00,Open,,2hr 05 mins
,L2 Team,2026-07-10T08:36:00,In progress,Hannah Lee,17 mins
,FI Team,2026-07-10T09:04:00,Open,,2 hr 5 mins
,FI Team,2026-07-10T09:21:00,In progress,James Cole,2 hr 13 mins
,FI Team,2026-07-10T09:56:00,Closed,Liam O'Connor,
INC0011125,L1 Team,2026-07-26T08:24:00,Open,,45mins
,L1 Team,2026-07-26T08:53:00,In progress,Chloe Martin,10 mins
,SD Team,2026-07-26T09:46:00,Open,,2hr 05 mins
,SD Team,2026-07-26T10:13:00,In progress,Maria Silva,35 mins
INC0011126,Payments L2 Support,2026-07-24T02:04:00,Open,,45 mins
,Payments L2 Support,2026-07-24T02:31:00,In progress,Carlos Mendes,2 hr 13 mins
,Access Management Team,2026-07-24T02:49:00,Open,,17mins
,Access Management Team,2026-07-24T03:01:00,In progress,Mei Tan,15 mins
,FI Team,2026-07-24T03:46:00,Open,,10 mins
,FI Team,2026-07-24T04:16:00,In progress,Kenji Watanabe,2hr 13 mins
,FI Team,2026-07-24T05:13:00,Hold,Aisha Khan,2 hr 13 mins
INC0011127,L1 Team,2026-06-02T13:35:00,Open,,2hr 13 mins
,L1 Team,2026-06-02T14:03:00,In progress,Noah Williams,2 hr 13 mins
,MM Team,2026-06-02T14:23:00,Open,,35 mins
,MM Team,2026-06-02T14:34:00,In progress,James Cole,1 hr 15 mins
INC0011128,L1 Service Desk,2026-08-10T16:25:00,Open,,45 mins
,L1 Service Desk,2026-08-10T16:49:00,In progress,Carlos Mendes,10mins
,Trade Support L2,2026-08-10T17:44:00,Open,,1 hr 30 mins
,Trade Support L2,2026-08-10T17:56:00,In progress,Maria Silva,17 mins
,Trade Support L2,2026-08-10T18:20:00,Hold,Daniel Cho,17mins
INC0011129,Core Banking L3,2026-07-29T05:07:00,Open,,45mins
,Core Banking L3,2026-07-29T05:27:00,In progress,Arjun Mehta,2 hr 13 mins
,SD Team,2026-07-29T06:11:00,Open,,1 hr 30 mins
,SD Team,2026-07-29T06:39:00,In progress,Sofia Rossi,2 hr 5 mins
INC0011130,Core Banking L3,2026-07-07T17:12:00,Open,,15 mins
,Core Banking L3,2026-07-07T17:39:00,In progress,Hannah Lee,2 hr 5 mins
,L3 Team,2026-07-07T18:01:00,Open,,2hr 05 mins
,L3 Team,2026-07-07T18:14:00,In progress,Hannah Lee,1hr 15 mins
,ABAP Team,2026-07-07T18:54:00,Open,,1 hr 30 mins
,ABAP Team,2026-07-07T19:20:00,In progress,Wei Zhang,10 mins
INC0011131,L1 Service Desk,2026-06-25T07:50:00,Open,,2 hr 13 mins
,L1 Service Desk,2026-06-25T08:13:00,In progress,Nadia Rahman,2hr 13 mins
,ABAP Team,2026-06-25T08:45:00,Open,,45mins
,ABAP Team,2026-06-25T09:07:00,In progress,Kenji Watanabe,17mins
INC0011132,Payments L2 Support,2026-08-13T01:14:00,Open,,10 mins
,Payments L2 Support,2026-08-13T01:29:00,In progress,Chloe Martin,45mins
,Core Banking L3,2026-08-13T02:26:00,Open,,17 mins
,Core Banking L3,2026-08-13T02:41:00,In progress,Hannah Lee,35 mins
,MM Team,2026-08-13T03:34:00,Open,,15 mins
,MM Team,2026-08-13T03:51:00,In progress,Maria Silva,45 mins
INC0011133,Payments L2 Support,2026-07-13T11:58:00,Open,,2hr 05 mins
,Payments L2 Support,2026-07-13T12:20:00,In progress,Arjun Mehta,35mins
,SD Team,2026-07-13T12:59:00,Open,,1 hr 15 mins
,SD Team,2026-07-13T13:13:00,In progress,Sofia Rossi,35 mins
,SD Team,2026-07-13T13:48:00,Hold,Wei Zhang,45 mins
INC0011134,L2 Team,2026-08-14T20:09:00,Open,,45mins
,L2 Team,2026-08-14T20:21:00,In progress,Ethan Brooks,1hr 15 mins
,Core Banking L3,2026-08-14T20:53:00,Open,,2 hr 13 mins
,Core Banking L3,2026-08-14T21:10:00,In progress,Omar Siddiqui,45mins
,MM Team,2026-08-14T21:59:00,Open,,45mins
,MM Team,2026-08-14T22:27:00,In progress,Fatima Al-Sayed,1 hr 15 mins
INC0011135,L3 Team,2026-05-27T08:07:00,Open,,1 hr 0 mins
,L3 Team,2026-05-27T08:23:00,In progress,Noah Williams,35 mins
,Core Banking L3,2026-05-27T08:40:00,Open,,1hr 00 mins
,Core Banking L3,2026-05-27T09:04:00,In progress,Mei Tan,2 hr 5 mins
,MM Team,2026-05-27T09:45:00,Open,,15 mins
,MM Team,2026-05-27T10:06:00,In progress,Kenji Watanabe,2hr 05 mins
INC0011136,L2 Team,2026-07-02T08:53:00,Open,,10 mins
,L2 Team,2026-07-02T09:08:00,In progress,Chloe Martin,17 mins
,Trade Support L2,2026-07-02T09:49:00,Open,,17 mins
,Trade Support L2,2026-07-02T10:11:00,In progress,Kenji Watanabe,1 hr 0 mins
,Trade Support L2,2026-07-02T10:55:00,Hold,Fatima Al-Sayed,2hr 05 mins
INC0011137,L3 Team,2026-05-29T23:27:00,Open,,2 hr 5 mins
,L3 Team,2026-05-29T23:56:00,In progress,Noah Williams,2 hr 5 mins
,MM Team,2026-05-30T00:49:00,Open,,1 hr 30 mins
,MM Team,2026-05-30T01:05:00,In progress,Sofia Rossi,1 hr 30 mins
,MM Team,2026-05-30T01:50:00,Closed,Kenji Watanabe,
INC0011138,Core Banking L3,2026-08-06T03:21:00,Open,,2 hr 5 mins
,Core Banking L3,2026-08-06T03:42:00,In progress,Chloe Martin,10 mins
,L1 Service Desk,2026-08-06T04:04:00,Open,,35 mins
,L1 Service Desk,2026-08-06T04:30:00,In progress,Emily Carter,1hr 30 mins
,MM Team,2026-08-06T05:23:00,Open,,15 mins
,MM Team,2026-08-06T05:39:00,In progress,Fatima Al-Sayed,1 hr 30 mins
,MM Team,2026-08-06T06:06:00,Closed,Fatima Al-Sayed,
INC0011139,L2 Team,2026-08-11T06:36:00,Open,,10 mins
,L2 Team,2026-08-11T06:46:00,In progress,Carlos Mendes,45 mins
,MM Team,2026-08-11T07:42:00,Open,,1hr 15 mins
,MM Team,2026-08-11T07:56:00,In progress,Fatima Al-Sayed,15 mins
,MM Team,2026-08-11T08:52:00,Closed,Aisha Khan,
INC0011140,Core Banking L3,2026-08-13T14:35:00,Open,,35 mins
,Core Banking L3,2026-08-13T14:48:00,In progress,Arjun Mehta,35mins
,Payments L2 Support,2026-08-13T15:39:00,Open,,1hr 15 mins
,Payments L2 Support,2026-08-13T15:53:00,In progress,Ethan Brooks,1 hr 15 mins
,ABAP Team,2026-08-13T16:10:00,Open,,1hr 30 mins
,ABAP Team,2026-08-13T16:40:00,In progress,Liam O'Connor,2hr 13 mins
,ABAP Team,2026-08-13T17:14:00,Hold,Liam O'Connor,2 hr 13 mins
INC0011141,L1 Team,2026-06-13T13:49:00,Open,,2 hr 13 mins
,L1 Team,2026-06-13T14:00:00,In progress,Carlos Mendes,45 mins
,L3 Team,2026-06-13T14:16:00,Open,,2hr 05 mins
,L3 Team,2026-06-13T14:39:00,In progress,Emily Carter,2hr 05 mins
,Risk & Compliance Ops,2026-06-13T15:29:00,Open,,1 hr 0 mins
,Risk & Compliance Ops,2026-06-13T15:57:00,In progress,Daniel Cho,10mins
,Risk & Compliance Ops,2026-06-13T16:35:00,Closed,Kenji Watanabe,
INC0011142,L1 Team,2026-07-12T02:08:00,Open,,1 hr 15 mins
,L1 Team,2026-07-12T02:29:00,In progress,Nadia Rahman,2 hr 13 mins
,ABAP Team,2026-07-12T03:12:00,Open,,1 hr 0 mins
,ABAP Team,2026-07-12T03:38:00,In progress,Daniel Cho,45 mins
,ABAP Team,2026-07-12T04:02:00,Hold,Liam O'Connor,10 mins
INC0011143,L1 Service Desk,2026-08-13T05:18:00,Open,,17 mins
,L1 Service Desk,2026-08-13T05:35:00,In progress,Nadia Rahman,1 hr 15 mins
,L3 Team,2026-08-13T06:29:00,Open,,45 mins
,L3 Team,2026-08-13T06:42:00,In progress,Omar Siddiqui,1hr 15 mins
,ABAP Team,2026-08-13T07:28:00,Open,,17 mins
,ABAP Team,2026-08-13T07:53:00,In progress,Sofia Rossi,10 mins
INC0011144,Access Management Team,2026-06-30T14:41:00,Open,,2 hr 13 mins
,Access Management Team,2026-06-30T14:52:00,In progress,Nadia Rahman,45mins
,Risk & Compliance Ops,2026-06-30T15:44:00,Open,,15mins
,Risk & Compliance Ops,2026-06-30T16:00:00,In progress,Daniel Cho,1 hr 15 mins
,Risk & Compliance Ops,2026-06-30T16:28:00,Hold,Maria Silva,10 mins
INC0011145,Access Management Team,2026-08-18T05:35:00,Open,,45 mins
,Access Management Team,2026-08-18T05:59:00,In progress,Arjun Mehta,45 mins
,SD Team,2026-08-18T06:41:00,Open,,1hr 30 mins
,SD Team,2026-08-18T06:55:00,In progress,Aisha Khan,45 mins
INC0011146,L1 Service Desk,2026-08-21T20:03:00,Open,,2 hr 5 mins
,L1 Service Desk,2026-08-21T20:28:00,In progress,Mei Tan,45 mins
,L3 Team,2026-08-21T21:13:00,Open,,35mins
,L3 Team,2026-08-21T21:28:00,In progress,Hannah Lee,15 mins
,ABAP Team,2026-08-21T22:05:00,Open,,45 mins
,ABAP Team,2026-08-21T22:34:00,In progress,James Cole,1hr 30 mins
INC0011147,L3 Team,2026-08-12T09:16:00,Open,,1 hr 30 mins
,L3 Team,2026-08-12T09:28:00,In progress,Emily Carter,45 mins
,SD Team,2026-08-12T09:59:00,Open,,2hr 05 mins
,SD Team,2026-08-12T10:20:00,In progress,Aisha Khan,2 hr 5 mins
INC0011148,L1 Team,2026-08-23T06:44:00,Open,,1 hr 15 mins
,L1 Team,2026-08-23T06:55:00,In progress,Carlos Mendes,10mins
,Core Banking L3,2026-08-23T07:25:00,Open,,10mins
,Core Banking L3,2026-08-23T07:44:00,In progress,Hannah Lee,45 mins
,MM Team,2026-08-23T08:33:00,Open,,10 mins
,MM Team,2026-08-23T09:02:00,In progress,Fatima Al-Sayed,17 mins
INC0011149,Core Banking L3,2026-07-31T08:03:00,Open,,2hr 05 mins
,Core Banking L3,2026-07-31T08:25:00,In progress,Arjun Mehta,35mins
,FI Team,2026-07-31T09:03:00,Open,,1 hr 30 mins
,FI Team,2026-07-31T09:25:00,In progress,Liam O'Connor,2 hr 13 mins
,FI Team,2026-07-31T09:41:00,Closed,Maria Silva,
INC0011150,L2 Team,2026-08-26T04:51:00,Open,,45 mins
,L2 Team,2026-08-26T05:20:00,In progress,Emily Carter,1hr 00 mins
,MM Team,2026-08-26T06:19:00,Open,,2 hr 5 mins
,MM Team,2026-08-26T06:35:00,In progress,Aisha Khan,45mins
INC0011151,L2 Team,2026-06-18T11:19:00,Open,,35mins
,L2 Team,2026-06-18T11:43:00,In progress,Arjun Mehta,1 hr 30 mins
,ABAP Team,2026-06-18T12:01:00,Open,,1hr 00 mins
,ABAP Team,2026-06-18T12:12:00,In progress,Daniel Cho,2 hr 5 mins
,ABAP Team,2026-06-18T12:57:00,Closed,Priya Sharma,
INC0011152,L1 Team,2026-08-06T00:11:00,Open,,15mins
,L1 Team,2026-08-06T00:40:00,In progress,Noah Williams,2hr 13 mins
,Trade Support L2,2026-08-06T01:09:00,Open,,35mins
,Trade Support L2,2026-08-06T01:23:00,In progress,Kenji Watanabe,1 hr 0 mins
INC0011153,Payments L2 Support,2026-08-27T15:01:00,Open,,45mins
,Payments L2 Support,2026-08-27T15:12:00,In progress,Hannah Lee,17 mins
,L3 Team,2026-08-27T15:42:00,Open,,17mins
,L3 Team,2026-08-27T15:55:00,In progress,Emily Carter,2 hr 5 mins
,Risk & Compliance Ops,2026-08-27T16:35:00,Open,,1 hr 15 mins
,Risk & Compliance Ops,2026-08-27T16:50:00,In progress,James Cole,45 mins
INC0011154,Core Banking L3,2026-08-25T23:33:00,Open,,1hr 15 mins
,Core Banking L3,2026-08-25T23:54:00,In progress,Carlos Mendes,1 hr 15 mins
,L1 Team,2026-08-26T00:53:00,Open,,10mins
,L1 Team,2026-08-26T01:07:00,In progress,Nadia Rahman,15 mins
,MM Team,2026-08-26T01:26:00,Open,,15mins
,MM Team,2026-08-26T01:54:00,In progress,Sofia Rossi,35mins
INC0011155,Access Management Team,2026-08-15T10:48:00,Open,,1 hr 0 mins
,Access Management Team,2026-08-15T11:11:00,In progress,Noah Williams,45mins
,L1 Service Desk,2026-08-15T12:02:00,Open,,1 hr 0 mins
,L1 Service Desk,2026-08-15T12:23:00,In progress,Noah Williams,10 mins
,MM Team,2026-08-15T13:02:00,Open,,1hr 30 mins
,MM Team,2026-08-15T13:12:00,In progress,Wei Zhang,45 mins
INC0011156,L1 Team,2026-05-11T01:58:00,Open,,1hr 30 mins
,L1 Team,2026-05-11T02:09:00,In progress,Arjun Mehta,1 hr 0 mins
,L2 Team,2026-05-11T02:26:00,Open,,1hr 00 mins
,L2 Team,2026-05-11T02:43:00,In progress,Arjun Mehta,45 mins
,MM Team,2026-05-11T03:06:00,Open,,2 hr 13 mins
,MM Team,2026-05-11T03:36:00,In progress,Kenji Watanabe,45 mins
,MM Team,2026-05-11T04:30:00,Closed,Daniel Cho,
INC0011157,L1 Team,2026-07-03T15:43:00,Open,,2 hr 5 mins
,L1 Team,2026-07-03T16:11:00,In progress,Hannah Lee,17 mins
,FI Team,2026-07-03T16:41:00,Open,,17 mins
,FI Team,2026-07-03T16:55:00,In progress,Priya Sharma,2hr 05 mins
,FI Team,2026-07-03T17:31:00,Hold,Wei Zhang,35 mins
INC0011158,Core Banking L3,2026-05-25T17:43:00,Open,,35 mins
,Core Banking L3,2026-05-25T18:11:00,In progress,Noah Williams,1 hr 0 mins
,Payments L2 Support,2026-05-25T18:29:00,Open,,2 hr 5 mins
,Payments L2 Support,2026-05-25T18:56:00,In progress,Noah Williams,1hr 15 mins
,SD Team,2026-05-25T19:42:00,Open,,2hr 13 mins
,SD Team,2026-05-25T20:00:00,In progress,Liam O'Connor,2 hr 13 mins
,SD Team,2026-05-25T20:23:00,Closed,Priya Sharma,
INC0011159,Core Banking L3,2026-06-24T05:57:00,Open,,45mins
,Core Banking L3,2026-06-24T06:16:00,In progress,Nadia Rahman,1 hr 30 mins
,Payments L2 Support,2026-06-24T06:38:00,Open,,1 hr 30 mins
,Payments L2 Support,2026-06-24T07:08:00,In progress,Mei Tan,2hr 05 mins
,Risk & Compliance Ops,2026-06-24T07:45:00,Open,,1 hr 30 mins
,Risk & Compliance Ops,2026-06-24T08:04:00,In progress,Liam O'Connor,45 mins
,Risk & Compliance Ops,2026-06-24T08:44:00,Hold,Wei Zhang,17mins
INC0011160,L1 Team,2026-05-24T14:20:00,Open,,2hr 05 mins
,L1 Team,2026-05-24T14:31:00,In progress,Hannah Lee,1hr 00 mins
,MM Team,2026-05-24T14:46:00,Open,,1 hr 0 mins
,MM Team,2026-05-24T15:09:00,In progress,Sofia Rossi,1hr 30 mins
INC0011161,L1 Team,2026-07-11T20:09:00,Open,,2 hr 13 mins
,L1 Team,2026-07-11T20:32:00,In progress,Chloe Martin,10 mins
,L3 Team,2026-07-11T20:59:00,Open,,45 mins
,L3 Team,2026-07-11T21:20:00,In progress,Arjun Mehta,15 mins
,MM Team,2026-07-11T21:47:00,Open,,15 mins
,MM Team,2026-07-11T22:04:00,In progress,James Cole,1hr 00 mins
,MM Team,2026-07-11T22:25:00,Hold,Sofia Rossi,1 hr 0 mins
INC0011162,Payments L2 Support,2026-08-24T07:28:00,Open,,17 mins
,Payments L2 Support,2026-08-24T07:46:00,In progress,Carlos Mendes,15 mins
,L1 Team,2026-08-24T08:16:00,Open,,2hr 05 mins
,L1 Team,2026-08-24T08:35:00,In progress,Chloe Martin,2hr 05 mins
,SD Team,2026-08-24T08:53:00,Open,,45mins
,SD Team,2026-08-24T09:14:00,In progress,Sofia Rossi,2hr 13 mins
,SD Team,2026-08-24T10:13:00,Closed,Daniel Cho,
INC0011163,L3 Team,2026-05-18T05:11:00,Open,,1 hr 15 mins
,L3 Team,2026-05-18T05:39:00,In progress,Noah Williams,2 hr 13 mins
,Trade Support L2,2026-05-18T06:34:00,Open,,1hr 00 mins
,Trade Support L2,2026-05-18T06:53:00,In progress,Kenji Watanabe,2 hr 5 mins
,Trade Support L2,2026-05-18T07:35:00,Hold,Sofia Rossi,1 hr 0 mins
INC0011164,L2 Team,2026-06-18T17:44:00,Open,,2hr 05 mins
,L2 Team,2026-06-18T18:02:00,In progress,Mei Tan,1hr 15 mins
,SD Team,2026-06-18T18:52:00,Open,,45mins
,SD Team,2026-06-18T19:16:00,In progress,Priya Sharma,17 mins
,SD Team,2026-06-18T20:15:00,Closed,Maria Silva,
INC0011165,Payments L2 Support,2026-06-28T10:04:00,Open,,35 mins
,Payments L2 Support,2026-06-28T10:34:00,In progress,Mei Tan,17 mins
,SD Team,2026-06-28T10:50:00,Open,,1hr 00 mins
,SD Team,2026-06-28T11:07:00,In progress,Aisha Khan,35 mins
,SD Team,2026-06-28T12:06:00,Hold,Fatima Al-Sayed,1 hr 15 mins
INC0011166,Payments L2 Support,2026-08-05T14:07:00,Open,,45 mins
,Payments L2 Support,2026-08-05T14:18:00,In progress,Carlos Mendes,1 hr 30 mins
,MM Team,2026-08-05T14:53:00,Open,,17 mins
,MM Team,2026-08-05T15:17:00,In progress,Kenji Watanabe,2 hr 5 mins
INC0011167,L3 Team,2026-05-27T13:05:00,Open,,1hr 15 mins
,L3 Team,2026-05-27T13:22:00,In progress,Nadia Rahman,35mins
,FI Team,2026-05-27T14:11:00,Open,,2 hr 13 mins
,FI Team,2026-05-27T14:22:00,In progress,Wei Zhang,35mins
,FI Team,2026-05-27T14:48:00,Closed,Priya Sharma,
INC0011168,L3 Team,2026-08-11T11:21:00,Open,,10 mins
,L3 Team,2026-08-11T11:44:00,In progress,Nadia Rahman,17mins
,Trade Support L2,2026-08-11T12:16:00,Open,,35 mins
,Trade Support L2,2026-08-11T12:41:00,In progress,James Cole,2 hr 5 mins
INC0011169,Payments L2 Support,2026-08-22T11:13:00,Open,,2hr 13 mins
,Payments L2 Support,2026-08-22T11:33:00,In progress,Hannah Lee,15 mins
,ABAP Team,2026-08-22T12:05:00,Open,,17 mins
,ABAP Team,2026-08-22T12:16:00,In progress,Daniel Cho,45 mins
,ABAP Team,2026-08-22T13:07:00,Hold,Kenji Watanabe,2 hr 5 mins
INC0011170,L1 Team,2026-06-02T00:34:00,Open,,10mins
,L1 Team,2026-06-02T00:56:00,In progress,Carlos Mendes,35mins
,ABAP Team,2026-06-02T01:20:00,Open,,1 hr 0 mins
,ABAP Team,2026-06-02T01:34:00,In progress,Wei Zhang,1hr 15 mins
INC0011171,L2 Team,2026-07-10T02:11:00,Open,,1 hr 0 mins
,L2 Team,2026-07-10T02:37:00,In progress,Arjun Mehta,1hr 00 mins
,Access Management Team,2026-07-10T03:11:00,Open,,1 hr 15 mins
,Access Management Team,2026-07-10T03:35:00,In progress,Mei Tan,1hr 30 mins
,ABAP Team,2026-07-10T03:53:00,Open,,10 mins
,ABAP Team,2026-07-10T04:22:00,In progress,Sofia Rossi,17mins
INC0011172,L2 Team,2026-08-11T07:32:00,Open,,15mins
,L2 Team,2026-08-11T07:43:00,In progress,Hannah Lee,10 mins
,Core Banking L3,2026-08-11T08:29:00,Open,,45 mins
,Core Banking L3,2026-08-11T08:59:00,In progress,Ethan Brooks,45mins
,SD Team,2026-08-11T09:24:00,Open,,1 hr 0 mins
,SD Team,2026-08-11T09:45:00,In progress,Fatima Al-Sayed,10 mins
INC0011173,Access Management Team,2026-08-21T21:06:00,Open,,35mins
,Access Management Team,2026-08-21T21:28:00,In progress,Arjun Mehta,1 hr 30 mins
,ABAP Team,2026-08-21T22:05:00,Open,,1hr 00 mins
,ABAP Team,2026-08-21T22:28:00,In progress,James Cole,45mins
,ABAP Team,2026-08-21T23:11:00,Hold,Liam O'Connor,45mins
INC0011174,L1 Team,2026-05-13T14:03:00,Open,,35mins
,L1 Team,2026-05-13T14:31:00,In progress,Chloe Martin,2 hr 5 mins
,Risk & Compliance Ops,2026-05-13T15:31:00,Open,,2 hr 5 mins
,Risk & Compliance Ops,2026-05-13T15:49:00,In progress,James Cole,1hr 30 mins
INC0011175,Access Management Team,2026-08-10T01:03:00,Open,,45mins
,Access Management Team,2026-08-10T01:19:00,In progress,Noah Williams,1hr 00 mins
,L3 Team,2026-08-10T01:52:00,Open,,35 mins
,L3 Team,2026-08-10T02:06:00,In progress,Nadia Rahman,2hr 05 mins
,ABAP Team,2026-08-10T02:45:00,Open,,15 mins
,ABAP Team,2026-08-10T03:12:00,In progress,Fatima Al-Sayed,1 hr 30 mins
INC0011176,L3 Team,2026-07-11T20:54:00,Open,,45mins
,L3 Team,2026-07-11T21:14:00,In progress,Noah Williams,10 mins
,Risk & Compliance Ops,2026-07-11T22:13:00,Open,,2hr 13 mins
,Risk & Compliance Ops,2026-07-11T22:36:00,In progress,Wei Zhang,17 mins
INC0011177,L1 Service Desk,2026-06-30T01:12:00,Open,,2 hr 13 mins
,L1 Service Desk,2026-06-30T01:32:00,In progress,Ethan Brooks,1 hr 30 mins
,L3 Team,2026-06-30T02:18:00,Open,,15mins
,L3 Team,2026-06-30T02:44:00,In progress,Noah Williams,35 mins
,FI Team,2026-06-30T03:32:00,Open,,2hr 13 mins
,FI Team,2026-06-30T03:43:00,In progress,Sofia Rossi,2 hr 13 mins
,FI Team,2026-06-30T04:16:00,Hold,James Cole,1 hr 0 mins
INC0011178,Core Banking L3,2026-08-21T15:52:00,Open,,35mins
,Core Banking L3,2026-08-21T16:10:00,In progress,Hannah Lee,1hr 00 mins
,L1 Team,2026-08-21T16:54:00,Open,,2 hr 5 mins
,L1 Team,2026-08-21T17:21:00,In progress,Carlos Mendes,1 hr 0 mins
,Trade Support L2,2026-08-21T18:19:00,Open,,1 hr 0 mins
,Trade Support L2,2026-08-21T18:43:00,In progress,Fatima Al-Sayed,45mins
INC0011179,Core Banking L3,2026-08-21T00:49:00,Open,,35 mins
,Core Banking L3,2026-08-21T01:18:00,In progress,Chloe Martin,17 mins
,Risk & Compliance Ops,2026-08-21T01:58:00,Open,,10mins
,Risk & Compliance Ops,2026-08-21T02:09:00,In progress,James Cole,17 mins
,Risk & Compliance Ops,2026-08-21T02:29:00,Closed,James Cole,
INC0011180,L1 Team,2026-08-24T04:37:00,Open,,45 mins
,L1 Team,2026-08-24T04:57:00,In progress,Mei Tan,1hr 00 mins
,MM Team,2026-08-24T05:33:00,Open,,1hr 30 mins
,MM Team,2026-08-24T05:53:00,In progress,Sofia Rossi,45 mins
INC0011181,L2 Team,2026-08-23T04:46:00,Open,,1hr 15 mins
,L2 Team,2026-08-23T05:04:00,In progress,Omar Siddiqui,10 mins
,SD Team,2026-08-23T05:52:00,Open,,1hr 30 mins
,SD Team,2026-08-23T06:18:00,In progress,Wei Zhang,45mins
INC0011182,L1 Team,2026-08-11T16:40:00,Open,,45 mins
,L1 Team,2026-08-11T17:00:00,In progress,Hannah Lee,17 mins
,L1 Service Desk,2026-08-11T17:34:00,Open,,45 mins
,L1 Service Desk,2026-08-11T18:00:00,In progress,Ethan Brooks,45 mins
,MM Team,2026-08-11T18:24:00,Open,,35 mins
,MM Team,2026-08-11T18:50:00,In progress,Kenji Watanabe,1hr 30 mins
,MM Team,2026-08-11T19:06:00,Closed,Daniel Cho,
INC0011183,Access Management Team,2026-07-14T12:15:00,Open,,15 mins
,Access Management Team,2026-07-14T12:25:00,In progress,Nadia Rahman,1 hr 0 mins
,L1 Service Desk,2026-07-14T12:42:00,Open,,2hr 05 mins
,L1 Service Desk,2026-07-14T13:00:00,In progress,Noah Williams,35mins
,ABAP Team,2026-07-14T13:56:00,Open,,17 mins
,ABAP Team,2026-07-14T14:16:00,In progress,Fatima Al-Sayed,2 hr 5 mins
INC0011184,L1 Team,2026-05-19T11:56:00,Open,,45mins
,L1 Team,2026-05-19T12:08:00,In progress,Omar Siddiqui,2 hr 13 mins
,Risk & Compliance Ops,2026-05-19T12:23:00,Open,,1 hr 0 mins
,Risk & Compliance Ops,2026-05-19T12:35:00,In progress,Fatima Al-Sayed,1 hr 15 mins
,Risk & Compliance Ops,2026-05-19T13:21:00,Hold,Fatima Al-Sayed,1 hr 15 mins
INC0011185,L2 Team,2026-08-26T13:20:00,Open,,15 mins
,L2 Team,2026-08-26T13:41:00,In progress,Hannah Lee,1 hr 30 mins
,Payments L2 Support,2026-08-26T14:15:00,Open,,45 mins
,Payments L2 Support,2026-08-26T14:39:00,In progress,Emily Carter,1 hr 0 mins
,SD Team,2026-08-26T15:25:00,Open,,1 hr 30 mins
,SD Team,2026-08-26T15:53:00,In progress,Sofia Rossi,1 hr 15 mins
INC0011186,Payments L2 Support,2026-08-09T08:24:00,Open,,2 hr 13 mins
,Payments L2 Support,2026-08-09T08:44:00,In progress,Ethan Brooks,10 mins
,SD Team,2026-08-09T09:41:00,Open,,10 mins
,SD Team,2026-08-09T10:10:00,In progress,Liam O'Connor,45 mins
,SD Team,2026-08-09T11:06:00,Closed,Priya Sharma,
INC0011187,L3 Team,2026-06-26T23:50:00,Open,,2 hr 5 mins
,L3 Team,2026-06-27T00:10:00,In progress,Arjun Mehta,1 hr 15 mins
,Risk & Compliance Ops,2026-06-27T00:44:00,Open,,35 mins
,Risk & Compliance Ops,2026-06-27T01:12:00,In progress,Maria Silva,2hr 13 mins
INC0011188,Payments L2 Support,2026-08-20T08:10:00,Open,,45mins
,Payments L2 Support,2026-08-20T08:31:00,In progress,Noah Williams,2hr 13 mins
,L1 Service Desk,2026-08-20T08:50:00,Open,,1hr 30 mins
,L1 Service Desk,2026-08-20T09:08:00,In progress,Mei Tan,17 mins
,MM Team,2026-08-20T09:23:00,Open,,17mins
,MM Team,2026-08-20T09:43:00,In progress,Daniel Cho,1 hr 0 mins
,MM Team,2026-08-20T10:30:00,Hold,Liam O'Connor,15mins
INC0011189,L2 Team,2026-08-16T20:56:00,Open,,35 mins
,L2 Team,2026-08-16T21:19:00,In progress,Nadia Rahman,2hr 13 mins
,Trade Support L2,2026-08-16T22:09:00,Open,,2hr 05 mins
,Trade Support L2,2026-08-16T22:24:00,In progress,Maria Silva,1hr 00 mins
INC0011190,L1 Team,2026-08-10T02:57:00,Open,,35mins
,L1 Team,2026-08-10T03:07:00,In progress,Omar Siddiqui,1 hr 0 mins
,MM Team,2026-08-10T03:59:00,Open,,2 hr 13 mins
,MM Team,2026-08-10T04:11:00,In progress,James Cole,1 hr 30 mins
INC0011191,L3 Team,2026-07-22T04:29:00,Open,,1hr 00 mins
,L3 Team,2026-07-22T04:49:00,In progress,Mei Tan,45 mins
,FI Team,2026-07-22T05:43:00,Open,,10 mins
,FI Team,2026-07-22T05:57:00,In progress,James Cole,1 hr 15 mins
,FI Team,2026-07-22T06:21:00,Hold,James Cole,1 hr 15 mins
INC0011192,L2 Team,2026-08-12T14:19:00,Open,,35 mins
,L2 Team,2026-08-12T14:47:00,In progress,Chloe Martin,1hr 00 mins
,FI Team,2026-08-12T15:19:00,Open,,1 hr 30 mins
,FI Team,2026-08-12T15:49:00,In progress,Maria Silva,10mins
,FI Team,2026-08-12T16:39:00,Closed,Liam O'Connor,
INC0011193,Payments L2 Support,2026-08-27T00:37:00,Open,,45 mins
,Payments L2 Support,2026-08-27T01:07:00,In progress,Chloe Martin,1hr 00 mins
,L3 Team,2026-08-27T01:42:00,Open,,45 mins
,L3 Team,2026-08-27T02:10:00,In progress,Ethan Brooks,15mins
,Trade Support L2,2026-08-27T02:59:00,Open,,10 mins
,Trade Support L2,2026-08-27T03:15:00,In progress,Sofia Rossi,15 mins
,Trade Support L2,2026-08-27T04:07:00,Hold,Sofia Rossi,1 hr 15 mins
INC0011194,L3 Team,2026-05-24T01:39:00,Open,,2hr 13 mins
,L3 Team,2026-05-24T01:54:00,In progress,Mei Tan,35mins
,Payments L2 Support,2026-05-24T02:25:00,Open,,1 hr 30 mins
,Payments L2 Support,2026-05-24T02:49:00,In progress,Mei Tan,10 mins
,Risk & Compliance Ops,2026-05-24T03:05:00,Open,,1 hr 0 mins
,Risk & Compliance Ops,2026-05-24T03:19:00,In progress,Aisha Khan,2hr 05 mins
,Risk & Compliance Ops,2026-05-24T04:17:00,Hold,James Cole,17 mins
INC0011195,Core Banking L3,2026-06-15T06:08:00,Open,,15mins
,Core Banking L3,2026-06-15T06:35:00,In progress,Arjun Mehta,2 hr 5 mins
,SD Team,2026-06-15T07:24:00,Open,,1 hr 0 mins
,SD Team,2026-06-15T07:37:00,In progress,Daniel Cho,17 mins
,SD Team,2026-06-15T08:33:00,Hold,Maria Silva,10 mins
INC0011196,Access Management Team,2026-06-12T16:47:00,Open,,10 mins
,Access Management Team,2026-06-12T17:15:00,In progress,Arjun Mehta,1 hr 15 mins
,ABAP Team,2026-06-12T18:07:00,Open,,1 hr 0 mins
,ABAP Team,2026-06-12T18:36:00,In progress,Aisha Khan,35 mins
,ABAP Team,2026-06-12T19:36:00,Hold,Daniel Cho,2hr 13 mins
INC0011197,Payments L2 Support,2026-08-26T12:36:00,Open,,35mins
,Payments L2 Support,2026-08-26T12:56:00,In progress,Arjun Mehta,1hr 00 mins
,L1 Service Desk,2026-08-26T13:31:00,Open,,1 hr 15 mins
,L1 Service Desk,2026-08-26T14:00:00,In progress,Omar Siddiqui,1 hr 30 mins
,ABAP Team,2026-08-26T14:29:00,Open,,35 mins
,ABAP Team,2026-08-26T14:50:00,In progress,Sofia Rossi,10 mins
,ABAP Team,2026-08-26T15:33:00,Closed,Sofia Rossi,
INC0011198,Access Management Team,2026-08-13T12:17:00,Open,,35 mins
,Access Management Team,2026-08-13T12:37:00,In progress,Arjun Mehta,2hr 13 mins
,Trade Support L2,2026-08-13T13:20:00,Open,,10 mins
,Trade Support L2,2026-08-13T13:34:00,In progress,James Cole,1hr 30 mins
,Trade Support L2,2026-08-13T14:28:00,Hold,Fatima Al-Sayed,2 hr 13 mins
INC0011199,Core Banking L3,2026-08-27T04:08:00,Open,,10 mins
,Core Banking L3,2026-08-27T04:29:00,In progress,Mei Tan,35 mins
,L3 Team,2026-08-27T04:48:00,Open,,45 mins
,L3 Team,2026-08-27T05:07:00,In progress,Arjun Mehta,2 hr 13 mins
,SD Team,2026-08-27T05:28:00,Open,,35mins
,SD Team,2026-08-27T05:48:00,In progress,Priya Sharma,35 mins
,SD Team,2026-08-27T06:37:00,Closed,Maria Silva,
INC0011200,Core Banking L3,2026-08-07T05:52:00,Open,,2 hr 5 mins
,Core Banking L3,2026-08-07T06:03:00,In progress,Ethan Brooks,1 hr 15 mins
,L1 Service Desk,2026-08-07T06:46:00,Open,,1 hr 30 mins
,L1 Service Desk,2026-08-07T07:00:00,In progress,Nadia Rahman,45mins
,Risk & Compliance Ops,2026-08-07T07:32:00,Open,,1hr 30 mins
,Risk & Compliance Ops,2026-08-07T07:50:00,In progress,Kenji Watanabe,1 hr 15 mins
INC0011201,Access Management Team,2026-08-24T00:48:00,Open,,1 hr 0 mins
,Access Management Team,2026-08-24T01:11:00,In progress,Carlos Mendes,10 mins
,FI Team,2026-08-24T01:53:00,Open,,17mins
,FI Team,2026-08-24T02:13:00,In progress,Wei Zhang,1 hr 15 mins
INC0011202,Access Management Team,2026-07-27T03:01:00,Open,,45mins
,Access Management Team,2026-07-27T03:26:00,In progress,Noah Williams,2 hr 5 mins
,ABAP Team,2026-07-27T04:23:00,Open,,1 hr 15 mins
,ABAP Team,2026-07-27T04:36:00,In progress,Daniel Cho,1 hr 0 mins
INC0011203,L2 Team,2026-06-13T01:38:00,Open,,15 mins
,L2 Team,2026-06-13T02:05:00,In progress,Hannah Lee,2 hr 13 mins
,Risk & Compliance Ops,2026-06-13T02:34:00,Open,,45 mins
,Risk & Compliance Ops,2026-06-13T02:56:00,In progress,Sofia Rossi,15mins
INC0011204,Payments L2 Support,2026-05-21T06:18:00,Open,,1hr 00 mins
,Payments L2 Support,2026-05-21T06:28:00,In progress,Chloe Martin,35 mins
,L2 Team,2026-05-21T07:01:00,Open,,1hr 00 mins
,L2 Team,2026-05-21T07:19:00,In progress,Omar Siddiqui,17mins
,Risk & Compliance Ops,2026-05-21T07:41:00,Open,,2 hr 13 mins
,Risk & Compliance Ops,2026-05-21T08:02:00,In progress,Fatima Al-Sayed,2 hr 13 mins
INC0011205,L3 Team,2026-07-24T19:22:00,Open,,15 mins
,L3 Team,2026-07-24T19:34:00,In progress,Chloe Martin,10 mins
,Core Banking L3,2026-07-24T19:49:00,Open,,17 mins
,Core Banking L3,2026-07-24T20:01:00,In progress,Ethan Brooks,2 hr 13 mins
,Risk & Compliance Ops,2026-07-24T20:41:00,Open,,15mins
,Risk & Compliance Ops,2026-07-24T21:00:00,In progress,Wei Zhang,35 mins
,Risk & Compliance Ops,2026-07-24T21:32:00,Hold,James Cole,1 hr 0 mins
INC0011206,Access Management Team,2026-06-27T05:49:00,Open,,1hr 15 mins
,Access Management Team,2026-06-27T06:08:00,In progress,Arjun Mehta,17mins
,Payments L2 Support,2026-06-27T06:31:00,Open,,1hr 30 mins
,Payments L2 Support,2026-06-27T06:50:00,In progress,Carlos Mendes,35 mins
,FI Team,2026-06-27T07:14:00,Open,,2hr 13 mins
,FI Team,2026-06-27T07:24:00,In progress,Fatima Al-Sayed,2 hr 13 mins
INC0011207,L1 Team,2026-06-02T15:23:00,Open,,35 mins
,L1 Team,2026-06-02T15:45:00,In progress,Chloe Martin,1 hr 15 mins
,Risk & Compliance Ops,2026-06-02T16:38:00,Open,,1hr 00 mins
,Risk & Compliance Ops,2026-06-02T17:01:00,In progress,Priya Sharma,17 mins
,Risk & Compliance Ops,2026-06-02T17:41:00,Closed,Liam O'Connor,
INC0011208,L2 Team,2026-08-10T23:10:00,Open,,17mins
,L2 Team,2026-08-10T23:27:00,In progress,Mei Tan,10 mins
,FI Team,2026-08-10T23:55:00,Open,,1 hr 0 mins
,FI Team,2026-08-11T00:12:00,In progress,Kenji Watanabe,1hr 15 mins
,FI Team,2026-08-11T01:06:00,Closed,Priya Sharma,
INC0011209,Access Management Team,2026-08-17T22:03:00,Open,,15 mins
,Access Management Team,2026-08-17T22:17:00,In progress,Carlos Mendes,45 mins
,L1 Service Desk,2026-08-17T22:39:00,Open,,45 mins
,L1 Service Desk,2026-08-17T22:49:00,In progress,Mei Tan,17 mins
,Risk & Compliance Ops,2026-08-17T23:19:00,Open,,45 mins
,Risk & Compliance Ops,2026-08-17T23:43:00,In progress,Kenji Watanabe,1hr 00 mins
,Risk & Compliance Ops,2026-08-18T00:25:00,Closed,Wei Zhang,
INC0011210,L1 Team,2026-05-09T09:33:00,Open,,1 hr 0 mins
,L1 Team,2026-05-09T09:58:00,In progress,Chloe Martin,35 mins
,Risk & Compliance Ops,2026-05-09T10:49:00,Open,,45mins
,Risk & Compliance Ops,2026-05-09T11:19:00,In progress,Kenji Watanabe,2 hr 5 mins
,Risk & Compliance Ops,2026-05-09T11:55:00,Hold,Sofia Rossi,2 hr 5 mins
INC0011211,L1 Service Desk,2026-08-24T05:40:00,Open,,1hr 15 mins
,L1 Service Desk,2026-08-24T05:58:00,In progress,Hannah Lee,2 hr 5 mins
,Trade Support L2,2026-08-24T06:14:00,Open,,1hr 30 mins
,Trade Support L2,2026-08-24T06:24:00,In progress,Wei Zhang,45 mins
INC0011212,Access Management Team,2026-06-21T09:33:00,Open,,45mins
,Access Management Team,2026-06-21T09:51:00,In progress,Chloe Martin,1 hr 15 mins
,SD Team,2026-06-21T10:17:00,Open,,1 hr 30 mins
,SD Team,2026-06-21T10:45:00,In progress,Priya Sharma,45 mins
,SD Team,2026-06-21T11:15:00,Hold,Aisha Khan,15 mins
INC0011213,L1 Service Desk,2026-08-13T01:03:00,Open,,15 mins
,L1 Service Desk,2026-08-13T01:28:00,In progress,Nadia Rahman,17 mins
,Core Banking L3,2026-08-13T01:48:00,Open,,15 mins
,Core Banking L3,2026-08-13T02:16:00,In progress,Mei Tan,1 hr 15 mins
,Trade Support L2,2026-08-13T02:51:00,Open,,17mins
,Trade Support L2,2026-08-13T03:01:00,In progress,Liam O'Connor,10mins
INC0011214,L2 Team,2026-07-19T15:21:00,Open,,2hr 13 mins
,L2 Team,2026-07-19T15:44:00,In progress,Noah Williams,35 mins
,L1 Service Desk,2026-07-19T16:43:00,Open,,1hr 30 mins
,L1 Service Desk,2026-07-19T17:09:00,In progress,Noah Williams,15mins
,MM Team,2026-07-19T18:08:00,Open,,35 mins
,MM Team,2026-07-19T18:27:00,In progress,Aisha Khan,2 hr 5 mins
,MM Team,2026-07-19T19:02:00,Hold,James Cole,15 mins
INC0011215,L1 Service Desk,2026-08-11T23:56:00,Open,,17mins
,L1 Service Desk,2026-08-12T00:09:00,In progress,Arjun Mehta,1 hr 15 mins
,Payments L2 Support,2026-08-12T00:28:00,Open,,1hr 30 mins
,Payments L2 Support,2026-08-12T00:41:00,In progress,Arjun Mehta,2 hr 5 mins
,MM Team,2026-08-12T01:21:00,Open,,45 mins
,MM Team,2026-08-12T01:40:00,In progress,Maria Silva,1 hr 15 mins
,MM Team,2026-08-12T02:21:00,Hold,Maria Silva,2 hr 13 mins
INC0011216,Access Management Team,2026-06-13T18:22:00,Open,,35 mins
,Access Management Team,2026-06-13T18:34:00,In progress,Carlos Mendes,17mins
,Payments L2 Support,2026-06-13T19:01:00,Open,,10 mins
,Payments L2 Support,2026-06-13T19:12:00,In progress,Omar Siddiqui,35 mins
,Trade Support L2,2026-06-13T19:38:00,Open,,1hr 00 mins
,Trade Support L2,2026-06-13T20:08:00,In progress,Sofia Rossi,10mins
,Trade Support L2,2026-06-13T20:43:00,Closed,Wei Zhang,
INC0011217,Core Banking L3,2026-08-25T23:02:00,Open,,45 mins
,Core Banking L3,2026-08-25T23:12:00,In progress,Ethan Brooks,10 mins
,L1 Team,2026-08-25T23:47:00,Open,,15 mins
,L1 Team,2026-08-26T00:07:00,In progress,Noah Williams,10 mins
,ABAP Team,2026-08-26T00:47:00,Open,,35 mins
,ABAP Team,2026-08-26T01:13:00,In progress,Wei Zhang,17 mins
INC0011218,L1 Team,2026-06-03T03:17:00,Open,,35mins
,L1 Team,2026-06-03T03:31:00,In progress,Noah Williams,2 hr 13 mins
,Access Management Team,2026-06-03T03:49:00,Open,,45 mins
,Access Management Team,2026-06-03T04:03:00,In progress,Arjun Mehta,15mins
,SD Team,2026-06-03T04:57:00,Open,,15 mins
,SD Team,2026-06-03T05:13:00,In progress,Fatima Al-Sayed,45 mins
,SD Team,2026-06-03T05:42:00,Closed,Fatima Al-Sayed,
INC0011219,Core Banking L3,2026-07-08T22:29:00,Open,,45 mins
,Core Banking L3,2026-07-08T22:55:00,In progress,Emily Carter,35 mins
,FI Team,2026-07-08T23:25:00,Open,,45 mins
,FI Team,2026-07-08T23:48:00,In progress,Liam O'Connor,45 mins
,FI Team,2026-07-09T00:16:00,Closed,Liam O'Connor,
INC0011220,L3 Team,2026-07-13T06:35:00,Open,,1hr 15 mins
,L3 Team,2026-07-13T06:45:00,In progress,Omar Siddiqui,2 hr 5 mins
,Access Management Team,2026-07-13T07:27:00,Open,,1 hr 0 mins
,Access Management Team,2026-07-13T07:45:00,In progress,Omar Siddiqui,10mins
,Risk & Compliance Ops,2026-07-13T08:37:00,Open,,35 mins
,Risk & Compliance Ops,2026-07-13T09:01:00,In progress,Maria Silva,2 hr 13 mins
,Risk & Compliance Ops,2026-07-13T09:33:00,Closed,Fatima Al-Sayed,
INC0011221,L2 Team,2026-08-14T19:33:00,Open,,35 mins
,L2 Team,2026-08-14T19:55:00,In progress,Emily Carter,45mins
,Payments L2 Support,2026-08-14T20:21:00,Open,,1hr 00 mins
,Payments L2 Support,2026-08-14T20:42:00,In progress,Hannah Lee,2 hr 5 mins
,MM Team,2026-08-14T21:14:00,Open,,1 hr 0 mins
,MM Team,2026-08-14T21:35:00,In progress,Fatima Al-Sayed,10mins
INC0011222,L3 Team,2026-08-07T22:57:00,Open,,1hr 15 mins
,L3 Team,2026-08-07T23:14:00,In progress,Omar Siddiqui,2 hr 5 mins
,L1 Team,2026-08-07T23:52:00,Open,,17 mins
,L1 Team,2026-08-08T00:16:00,In progress,Carlos Mendes,1hr 00 mins
,SD Team,2026-08-08T00:51:00,Open,,45 mins
,SD Team,2026-08-08T01:18:00,In progress,Fatima Al-Sayed,1 hr 0 mins
,SD Team,2026-08-08T02:13:00,Hold,Fatima Al-Sayed,1hr 30 mins
INC0011223,L3 Team,2026-08-09T23:28:00,Open,,1hr 00 mins
,L3 Team,2026-08-09T23:56:00,In progress,Noah Williams,45 mins
,FI Team,2026-08-10T00:32:00,Open,,17mins
,FI Team,2026-08-10T00:56:00,In progress,Kenji Watanabe,35mins
INC0011224,L3 Team,2026-06-13T12:02:00,Open,,35mins
,L3 Team,2026-06-13T12:21:00,In progress,Omar Siddiqui,1 hr 30 mins
,SD Team,2026-06-13T13:03:00,Open,,2 hr 5 mins
,SD Team,2026-06-13T13:26:00,In progress,James Cole,1 hr 0 mins
INC0011225,L3 Team,2026-08-09T01:34:00,Open,,1 hr 15 mins
,L3 Team,2026-08-09T02:04:00,In progress,Hannah Lee,2 hr 5 mins
,Risk & Compliance Ops,2026-08-09T03:01:00,Open,,15 mins
,Risk & Compliance Ops,2026-08-09T03:18:00,In progress,Daniel Cho,15 mins
INC0011226,Core Banking L3,2026-08-22T19:29:00,Open,,15 mins
,Core Banking L3,2026-08-22T19:46:00,In progress,Nadia Rahman,35 mins
,MM Team,2026-08-22T20:09:00,Open,,1 hr 15 mins
,MM Team,2026-08-22T20:24:00,In progress,Priya Sharma,15 mins
INC0011227,Access Management Team,2026-05-09T03:32:00,Open,,10mins
,Access Management Team,2026-05-09T03:46:00,In progress,Omar Siddiqui,45mins
,L1 Service Desk,2026-05-09T04:14:00,Open,,15 mins
,L1 Service Desk,2026-05-09T04:27:00,In progress,Carlos Mendes,1 hr 0 mins
,Risk & Compliance Ops,2026-05-09T05:19:00,Open,,1hr 15 mins
,Risk & Compliance Ops,2026-05-09T05:34:00,In progress,Kenji Watanabe,45 mins
,Risk & Compliance Ops,2026-05-09T06:26:00,Closed,Wei Zhang,
INC0011228,L3 Team,2026-07-27T13:34:00,Open,,35mins
,L3 Team,2026-07-27T13:47:00,In progress,Hannah Lee,10 mins
,L1 Service Desk,2026-07-27T14:27:00,Open,,2hr 05 mins
,L1 Service Desk,2026-07-27T14:53:00,In progress,Noah Williams,2 hr 13 mins
,FI Team,2026-07-27T15:19:00,Open,,1 hr 0 mins
,FI Team,2026-07-27T15:38:00,In progress,Fatima Al-Sayed,1 hr 15 mins
,FI Team,2026-07-27T16:32:00,Hold,Kenji Watanabe,1 hr 15 mins
INC0011229,Core Banking L3,2026-08-25T02:41:00,Open,,35 mins
,Core Banking L3,2026-08-25T02:58:00,In progress,Mei Tan,15 mins
,Payments L2 Support,2026-08-25T03:19:00,Open,,1 hr 0 mins
,Payments L2 Support,2026-08-25T03:34:00,In progress,Hannah Lee,2 hr 5 mins
,FI Team,2026-08-25T03:56:00,Open,,35mins
,FI Team,2026-08-25T04:25:00,In progress,Priya Sharma,2 hr 5 mins
INC0011230,L2 Team,2026-08-11T11:42:00,Open,,45 mins
,L2 Team,2026-08-11T11:58:00,In progress,Chloe Martin,2hr 13 mins
,FI Team,2026-08-11T12:43:00,Open,,35mins
,FI Team,2026-08-11T13:01:00,In progress,Priya Sharma,15 mins
,FI Team,2026-08-11T13:18:00,Hold,Fatima Al-Sayed,45 mins
INC0011231,Access Management Team,2026-05-12T08:46:00,Open,,1 hr 15 mins
,Access Management Team,2026-05-12T09:02:00,In progress,Noah Williams,45mins
,MM Team,2026-05-12T09:22:00,Open,,10 mins
,MM Team,2026-05-12T09:50:00,In progress,Fatima Al-Sayed,2 hr 13 mins
INC0011232,L1 Team,2026-08-26T17:20:00,Open,,2 hr 13 mins
,L1 Team,2026-08-26T17:31:00,In progress,Noah Williams,1 hr 30 mins
,SD Team,2026-08-26T18:12:00,Open,,15 mins
,SD Team,2026-08-26T18:39:00,In progress,James Cole,2 hr 5 mins
,SD Team,2026-08-26T18:56:00,Closed,Daniel Cho,
INC0011233,Access Management Team,2026-07-11T08:42:00,Open,,45mins
,Access Management Team,2026-07-11T09:02:00,In progress,Hannah Lee,17 mins
,FI Team,2026-07-11T09:30:00,Open,,15 mins
,FI Team,2026-07-11T09:41:00,In progress,Maria Silva,2 hr 5 mins
INC0011234,Access Management Team,2026-08-12T22:22:00,Open,,35mins
,Access Management Team,2026-08-12T22:44:00,In progress,Noah Williams,45 mins
,Payments L2 Support,2026-08-12T23:05:00,Open,,15 mins
,Payments L2 Support,2026-08-12T23:18:00,In progress,Noah Williams,17mins
,ABAP Team,2026-08-12T23:39:00,Open,,45 mins
,ABAP Team,2026-08-12T23:53:00,In progress,Liam O'Connor,1 hr 15 mins
,ABAP Team,2026-08-13T00:08:00,Hold,Wei Zhang,1 hr 30 mins
INC0011235,L3 Team,2026-08-06T11:27:00,Open,,15 mins
,L3 Team,2026-08-06T11:54:00,In progress,Carlos Mendes,45 mins
,ABAP Team,2026-08-06T12:40:00,Open,,15mins
,ABAP Team,2026-08-06T12:56:00,In progress,Kenji Watanabe,1 hr 15 mins
,ABAP Team,2026-08-06T13:34:00,Closed,Maria Silva,
INC0011236,Access Management Team,2026-08-08T18:24:00,Open,,2 hr 5 mins
,Access Management Team,2026-08-08T18:41:00,In progress,Noah Williams,10mins
,L1 Service Desk,2026-08-08T19:27:00,Open,,45mins
,L1 Service Desk,2026-08-08T19:40:00,In progress,Chloe Martin,15mins
,FI Team,2026-08-08T20:13:00,Open,,2 hr 13 mins
,FI Team,2026-08-08T20:26:00,In progress,Sofia Rossi,45 mins
INC0011237,L1 Team,2026-08-24T05:07:00,Open,,35 mins
,L1 Team,2026-08-24T05:18:00,In progress,Chloe Martin,2 hr 13 mins
,SD Team,2026-08-24T05:57:00,Open,,1hr 30 mins
,SD Team,2026-08-24T06:18:00,In progress,Sofia Rossi,17 mins
INC0011238,Core Banking L3,2026-08-24T18:40:00,Open,,10 mins
,Core Banking L3,2026-08-24T19:10:00,In progress,Hannah Lee,45 mins
,L3 Team,2026-08-24T19:29:00,Open,,1 hr 15 mins
,L3 Team,2026-08-24T19:56:00,In progress,Mei Tan,2hr 05 mins
,ABAP Team,2026-08-24T20:44:00,Open,,45 mins
,ABAP Team,2026-08-24T21:06:00,In progress,Daniel Cho,1 hr 30 mins
,ABAP Team,2026-08-24T21:59:00,Hold,Daniel Cho,10 mins
INC0011239,Payments L2 Support,2026-06-28T14:45:00,Open,,45 mins
,Payments L2 Support,2026-06-28T15:09:00,In progress,Chloe Martin,35 mins
,Trade Support L2,2026-06-28T15:47:00,Open,,45 mins
,Trade Support L2,2026-06-28T16:02:00,In progress,Maria Silva,2 hr 13 mins
,Trade Support L2,2026-06-28T16:22:00,Closed,Maria Silva,
INC0011240,L1 Service Desk,2026-08-01T01:54:00,Open,,45 mins
,L1 Service Desk,2026-08-01T02:15:00,In progress,Arjun Mehta,45 mins
,L2 Team,2026-08-01T02:30:00,Open,,1 hr 15 mins
,L2 Team,2026-08-01T02:41:00,In progress,Emily Carter,45mins
,Trade Support L2,2026-08-01T03:13:00,Open,,35 mins
,Trade Support L2,2026-08-01T03:35:00,In progress,Kenji Watanabe,1 hr 0 mins
INC0011241,Access Management Team,2026-08-27T22:23:00,Open,,1hr 30 mins
,Access Management Team,2026-08-27T22:36:00,In progress,Arjun Mehta,10mins
,Trade Support L2,2026-08-27T23:17:00,Open,,2 hr 5 mins
,Trade Support L2,2026-08-27T23:35:00,In progress,James Cole,1 hr 15 mins
INC0011242,L1 Team,2026-08-03T13:06:00,Open,,1 hr 0 mins
,L1 Team,2026-08-03T13:22:00,In progress,Emily Carter,15 mins
,MM Team,2026-08-03T14:19:00,Open,,35 mins
,MM Team,2026-08-03T14:46:00,In progress,Wei Zhang,17 mins
INC0011243,L3 Team,2026-08-24T15:17:00,Open,,1hr 30 mins
,L3 Team,2026-08-24T15:42:00,In progress,Hannah Lee,17mins
,ABAP Team,2026-08-24T16:09:00,Open,,2 hr 5 mins
,ABAP Team,2026-08-24T16:38:00,In progress,Aisha Khan,10 mins
INC0011244,Core Banking L3,2026-07-27T17:51:00,Open,,45 mins
,Core Banking L3,2026-07-27T18:20:00,In progress,Nadia Rahman,45 mins
,Risk & Compliance Ops,2026-07-27T19:20:00,Open,,35 mins
,Risk & Compliance Ops,2026-07-27T19:30:00,In progress,Sofia Rossi,35 mins
INC0011245,L2 Team,2026-08-03T22:18:00,Open,,1 hr 30 mins
,L2 Team,2026-08-03T22:32:00,In progress,Arjun Mehta,1hr 00 mins
,Trade Support L2,2026-08-03T22:54:00,Open,,2hr 13 mins
,Trade Support L2,2026-08-03T23:19:00,In progress,Daniel Cho,10mins
,Trade Support L2,2026-08-04T00:03:00,Hold,Daniel Cho,35 mins
INC0011246,Access Management Team,2026-08-15T01:25:00,Open,,10 mins
,Access Management Team,2026-08-15T01:38:00,In progress,Hannah Lee,35 mins
,ABAP Team,2026-08-15T01:57:00,Open,,17mins
,ABAP Team,2026-08-15T02:10:00,In progress,Liam O'Connor,45 mins
,ABAP Team,2026-08-15T03:00:00,Hold,Kenji Watanabe,1hr 15 mins
INC0011247,Payments L2 Support,2026-08-05T07:18:00,Open,,17 mins
,Payments L2 Support,2026-08-05T07:48:00,In progress,Mei Tan,2 hr 5 mins
,ABAP Team,2026-08-05T08:04:00,Open,,45 mins
,ABAP Team,2026-08-05T08:31:00,In progress,Priya Sharma,2 hr 13 mins
INC0011248,Core Banking L3,2026-08-14T03:59:00,Open,,15 mins
,Core Banking L3,2026-08-14T04:28:00,In progress,Chloe Martin,45 mins
,FI Team,2026-08-14T05:08:00,Open,,10 mins
,FI Team,2026-08-14T05:28:00,In progress,Daniel Cho,45 mins
,FI Team,2026-08-14T06:14:00,Hold,Sofia Rossi,2 hr 5 mins
INC0011249,Payments L2 Support,2026-07-04T20:08:00,Open,,17mins
,Payments L2 Support,2026-07-04T20:18:00,In progress,Omar Siddiqui,2hr 05 mins
,SD Team,2026-07-04T21:09:00,Open,,45 mins
,SD Team,2026-07-04T21:23:00,In progress,Wei Zhang,1hr 30 mins
,SD Team,2026-07-04T21:38:00,Hold,Wei Zhang,10 mins
INC0011250,L1 Service Desk,2026-06-18T16:52:00,Open,,1hr 15 mins
,L1 Service Desk,2026-06-18T17:13:00,In progress,Emily Carter,15 mins
,L2 Team,2026-06-18T17:48:00,Open,,17 mins
,L2 Team,2026-06-18T18:11:00,In progress,Arjun Mehta,35 mins
,FI Team,2026-06-18T19:08:00,Open,,45mins
,FI Team,2026-06-18T19:35:00,In progress,Priya Sharma,17 mins
,FI Team,2026-06-18T20:04:00,Hold,Priya Sharma,1hr 30 mins
INC0011251,Core Banking L3,2026-08-27T21:44:00,Open,,2 hr 5 mins
,Core Banking L3,2026-08-27T22:14:00,In progress,Mei Tan,1hr 00 mins
,L1 Service Desk,2026-08-27T22:46:00,Open,,45 mins
,L1 Service Desk,2026-08-27T23:11:00,In progress,Noah Williams,45 mins
,Risk & Compliance Ops,2026-08-28T00:00:00,Open,,17 mins
,Risk & Compliance Ops,2026-08-28T00:14:00,In progress,Wei Zhang,35 mins
INC0011252,Access Management Team,2026-06-16T23:16:00,Open,,45 mins
,Access Management Team,2026-06-16T23:40:00,In progress,Hannah Lee,15mins
,ABAP Team,2026-06-17T00:16:00,Open,,1 hr 0 mins
,ABAP Team,2026-06-17T00:29:00,In progress,Sofia Rossi,1hr 30 mins
INC0011253,L3 Team,2026-06-18T11:00:00,Open,,1 hr 0 mins
,L3 Team,2026-06-18T11:25:00,In progress,Mei Tan,1 hr 0 mins
,Payments L2 Support,2026-06-18T11:50:00,Open,,45 mins
,Payments L2 Support,2026-06-18T12:11:00,In progress,Chloe Martin,10 mins
,ABAP Team,2026-06-18T12:39:00,Open,,17mins
,ABAP Team,2026-06-18T12:59:00,In progress,Aisha Khan,45 mins
INC0011254,Access Management Team,2026-06-11T07:27:00,Open,,45mins
,Access Management Team,2026-06-11T07:54:00,In progress,Noah Williams,1hr 30 mins
,ABAP Team,2026-06-11T08:23:00,Open,,10 mins
,ABAP Team,2026-06-11T08:52:00,In progress,Kenji Watanabe,1 hr 0 mins
INC0011255,L1 Service Desk,2026-08-23T02:00:00,Open,,15 mins
,L1 Service Desk,2026-08-23T02:19:00,In progress,Noah Williams,17 mins
,FI Team,2026-08-23T02:53:00,Open,,1 hr 15 mins
,FI Team,2026-08-23T03:08:00,In progress,James Cole,45mins
INC0011256,L1 Service Desk,2026-07-11T09:05:00,Open,,2 hr 5 mins
,L1 Service Desk,2026-07-11T09:30:00,In progress,Arjun Mehta,1 hr 0 mins
,MM Team,2026-07-11T09:53:00,Open,,10 mins
,MM Team,2026-07-11T10:06:00,In progress,Aisha Khan,2 hr 5 mins
,MM Team,2026-07-11T10:53:00,Closed,Priya Sharma,
INC0011257,L1 Team,2026-08-14T18:52:00,Open,,10 mins
,L1 Team,2026-08-14T19:05:00,In progress,Mei Tan,10 mins
,L2 Team,2026-08-14T19:56:00,Open,,35mins
,L2 Team,2026-08-14T20:13:00,In progress,Nadia Rahman,45mins
,FI Team,2026-08-14T20:42:00,Open,,1 hr 15 mins
,FI Team,2026-08-14T21:11:00,In progress,Maria Silva,10mins
INC0011258,Core Banking L3,2026-08-21T01:07:00,Open,,2hr 13 mins
,Core Banking L3,2026-08-21T01:30:00,In progress,Nadia Rahman,17 mins
,Risk & Compliance Ops,2026-08-21T02:06:00,Open,,2hr 13 mins
,Risk & Compliance Ops,2026-08-21T02:31:00,In progress,James Cole,1 hr 30 mins
INC0011259,Payments L2 Support,2026-08-26T01:28:00,Open,,1 hr 15 mins
,Payments L2 Support,2026-08-26T01:57:00,In progress,Noah Williams,35 mins
,L3 Team,2026-08-26T02:30:00,Open,,45mins
,L3 Team,2026-08-26T02:46:00,In progress,Mei Tan,35 mins
,ABAP Team,2026-08-26T03:25:00,Open,,1hr 15 mins
,ABAP Team,2026-08-26T03:52:00,In progress,James Cole,45 mins
,ABAP Team,2026-08-26T04:31:00,Hold,Liam O'Connor,1 hr 15 mins
INC0011260,L1 Service Desk,2026-08-23T09:49:00,Open,,15mins
,L1 Service Desk,2026-08-23T10:08:00,In progress,Omar Siddiqui,35mins
,ABAP Team,2026-08-23T11:02:00,Open,,15 mins
,ABAP Team,2026-08-23T11:26:00,In progress,Maria Silva,1hr 00 mins
,ABAP Team,2026-08-23T12:26:00,Hold,Kenji Watanabe,45 mins
INC0011261,Core Banking L3,2026-06-29T13:56:00,Open,,2hr 13 mins
,Core Banking L3,2026-06-29T14:08:00,In progress,Noah Williams,10mins
,MM Team,2026-06-29T14:33:00,Open,,2hr 13 mins
,MM Team,2026-06-29T14:58:00,In progress,Maria Silva,1 hr 0 mins
,MM Team,2026-06-29T15:17:00,Hold,Priya Sharma,17 mins
INC0011262,Core Banking L3,2026-06-03T12:24:00,Open,,1hr 00 mins
,Core Banking L3,2026-06-03T12:54:00,In progress,Ethan Brooks,10 mins
,ABAP Team,2026-06-03T13:49:00,Open,,2hr 13 mins
,ABAP Team,2026-06-03T14:05:00,In progress,Sofia Rossi,35 mins
,ABAP Team,2026-06-03T14:29:00,Closed,Aisha Khan,
INC0011263,Payments L2 Support,2026-08-27T23:43:00,Open,,2 hr 5 mins
,Payments L2 Support,2026-08-27T23:55:00,In progress,Noah Williams,1 hr 0 mins
,SD Team,2026-08-28T00:43:00,Open,,2 hr 13 mins
,SD Team,2026-08-28T01:04:00,In progress,Fatima Al-Sayed,1 hr 15 mins
,SD Team,2026-08-28T01:24:00,Closed,Fatima Al-Sayed,
INC0011264,L2 Team,2026-08-26T04:17:00,Open,,10mins
,L2 Team,2026-08-26T04:34:00,In progress,Omar Siddiqui,35mins
,L1 Team,2026-08-26T05:23:00,Open,,2 hr 5 mins
,L1 Team,2026-08-26T05:37:00,In progress,Emily Carter,35 mins
,ABAP Team,2026-08-26T06:08:00,Open,,2 hr 5 mins
,ABAP Team,2026-08-26T06:38:00,In progress,Daniel Cho,1hr 00 mins
INC0011265,L2 Team,2026-07-04T19:09:00,Open,,1 hr 30 mins
,L2 Team,2026-07-04T19:27:00,In progress,Omar Siddiqui,2 hr 13 mins
,MM Team,2026-07-04T19:54:00,Open,,1hr 15 mins
,MM Team,2026-07-04T20:14:00,In progress,Fatima Al-Sayed,15 mins
,MM Team,2026-07-04T20:42:00,Closed,Daniel Cho,
INC0011266,L1 Team,2026-08-18T06:53:00,Open,,45mins
,L1 Team,2026-08-18T07:03:00,In progress,Omar Siddiqui,45 mins
,ABAP Team,2026-08-18T08:02:00,Open,,45 mins
,ABAP Team,2026-08-18T08:25:00,In progress,Daniel Cho,35 mins
INC0011267,L1 Service Desk,2026-07-16T00:38:00,Open,,45 mins
,L1 Service Desk,2026-07-16T00:59:00,In progress,Nadia Rahman,35 mins
,FI Team,2026-07-16T01:37:00,Open,,45 mins
,FI Team,2026-07-16T02:06:00,In progress,Priya Sharma,1hr 00 mins
,FI Team,2026-07-16T02:54:00,Hold,Priya Sharma,45mins
INC0011268,L2 Team,2026-06-17T03:35:00,Open,,2hr 05 mins
,L2 Team,2026-06-17T03:56:00,In progress,Emily Carter,10 mins
,SD Team,2026-06-17T04:37:00,Open,,45 mins
,SD Team,2026-06-17T05:00:00,In progress,Sofia Rossi,2hr 05 mins
,SD Team,2026-06-17T05:35:00,Hold,Sofia Rossi,45 mins
INC0011269,Access Management Team,2026-08-20T15:37:00,Open,,17 mins
,Access Management Team,2026-08-20T16:00:00,In progress,Noah Williams,2 hr 5 mins
,MM Team,2026-08-20T16:35:00,Open,,2hr 05 mins
,MM Team,2026-08-20T17:03:00,In progress,Aisha Khan,45mins
,MM Team,2026-08-20T17:35:00,Closed,Wei Zhang,
INC0011270,Payments L2 Support,2026-05-20T09:30:00,Open,,45 mins
,Payments L2 Support,2026-05-20T09:51:00,In progress,Noah Williams,17 mins
,ABAP Team,2026-05-20T10:24:00,Open,,1 hr 15 mins
,ABAP Team,2026-05-20T10:34:00,In progress,Liam O'Connor,45 mins
,ABAP Team,2026-05-20T11:25:00,Closed,Maria Silva,
INC0011271,L1 Team,2026-08-08T22:58:00,Open,,2 hr 13 mins
,L1 Team,2026-08-08T23:22:00,In progress,Hannah Lee,35mins
,Payments L2 Support,2026-08-09T00:16:00,Open,,1 hr 30 mins
,Payments L2 Support,2026-08-09T00:28:00,In progress,Mei Tan,2 hr 13 mins
,SD Team,2026-08-09T00:58:00,Open,,2 hr 13 mins
,SD Team,2026-08-09T01:12:00,In progress,Priya Sharma,2 hr 5 mins
INC0011272,L1 Team,2026-08-22T18:02:00,Open,,1hr 15 mins
,L1 Team,2026-08-22T18:26:00,In progress,Carlos Mendes,35 mins
,Core Banking L3,2026-08-22T19:21:00,Open,,35mins
,Core Banking L3,2026-08-22T19:35:00,In progress,Mei Tan,1 hr 0 mins
,MM Team,2026-08-22T19:50:00,Open,,17 mins
,MM Team,2026-08-22T20:00:00,In progress,Priya Sharma,2 hr 13 mins
INC0011273,L2 Team,2026-08-18T09:09:00,Open,,1 hr 30 mins
,L2 Team,2026-08-18T09:25:00,In progress,Nadia Rahman,1hr 00 mins
,L1 Service Desk,2026-08-18T10:23:00,Open,,2hr 05 mins
,L1 Service Desk,2026-08-18T10:33:00,In progress,Mei Tan,17mins
,SD Team,2026-08-18T11:22:00,Open,,1 hr 15 mins
,SD Team,2026-08-18T11:52:00,In progress,James Cole,35 mins
,SD Team,2026-08-18T12:07:00,Hold,Sofia Rossi,2 hr 13 mins
INC0011274,L1 Service Desk,2026-06-03T20:28:00,Open,,10mins
,L1 Service Desk,2026-06-03T20:49:00,In progress,Omar Siddiqui,45mins
,Payments L2 Support,2026-06-03T21:49:00,Open,,10 mins
,Payments L2 Support,2026-06-03T22:05:00,In progress,Noah Williams,45mins
,FI Team,2026-06-03T22:43:00,Open,,15mins
,FI Team,2026-06-03T22:59:00,In progress,Liam O'Connor,2 hr 13 mins
,FI Team,2026-06-03T23:18:00,Closed,Liam O'Connor,
INC0011275,L1 Service Desk,2026-07-31T16:40:00,Open,,45mins
,L1 Service Desk,2026-07-31T17:10:00,In progress,Mei Tan,10 mins
,L1 Team,2026-07-31T17:58:00,Open,,1 hr 30 mins
,L1 Team,2026-07-31T18:28:00,In progress,Arjun Mehta,45 mins
,MM Team,2026-07-31T19:23:00,Open,,45 mins
,MM Team,2026-07-31T19:41:00,In progress,Aisha Khan,15 mins
INC0011276,Payments L2 Support,2026-08-04T01:31:00,Open,,2 hr 13 mins
,Payments L2 Support,2026-08-04T01:51:00,In progress,Arjun Mehta,2 hr 13 mins
,L3 Team,2026-08-04T02:12:00,Open,,45mins
,L3 Team,2026-08-04T02:42:00,In progress,Arjun Mehta,45 mins
,ABAP Team,2026-08-04T03:17:00,Open,,10 mins
,ABAP Team,2026-08-04T03:28:00,In progress,Fatima Al-Sayed,2 hr 13 mins
INC0011277,Payments L2 Support,2026-06-07T21:03:00,Open,,45 mins
,Payments L2 Support,2026-06-07T21:16:00,In progress,Chloe Martin,1hr 30 mins
,L3 Team,2026-06-07T21:33:00,Open,,15mins
,L3 Team,2026-06-07T21:44:00,In progress,Ethan Brooks,1 hr 15 mins
,MM Team,2026-06-07T22:05:00,Open,,2 hr 5 mins
,MM Team,2026-06-07T22:32:00,In progress,Aisha Khan,1 hr 15 mins
INC0011278,L1 Team,2026-08-08T20:54:00,Open,,1hr 30 mins
,L1 Team,2026-08-08T21:17:00,In progress,Mei Tan,1 hr 0 mins
,Access Management Team,2026-08-08T21:37:00,Open,,2 hr 5 mins
,Access Management Team,2026-08-08T22:02:00,In progress,Omar Siddiqui,1hr 15 mins
,SD Team,2026-08-08T22:54:00,Open,,1 hr 30 mins
,SD Team,2026-08-08T23:10:00,In progress,Wei Zhang,1 hr 0 mins
,SD Team,2026-08-08T23:55:00,Closed,Priya Sharma,
INC0011279,L3 Team,2026-05-24T05:12:00,Open,,35 mins
,L3 Team,2026-05-24T05:28:00,In progress,Carlos Mendes,45mins
,Risk & Compliance Ops,2026-05-24T06:17:00,Open,,45 mins
,Risk & Compliance Ops,2026-05-24T06:37:00,In progress,Priya Sharma,17mins
INC0011280,L3 Team,2026-06-24T14:25:00,Open,,35mins
,L3 Team,2026-06-24T14:55:00,In progress,Mei Tan,1 hr 30 mins
,FI Team,2026-06-24T15:28:00,Open,,1 hr 0 mins
,FI Team,2026-06-24T15:42:00,In progress,Fatima Al-Sayed,1hr 15 mins
INC0011281,L1 Team,2026-08-23T01:14:00,Open,,45mins
,L1 Team,2026-08-23T01:32:00,In progress,Omar Siddiqui,1 hr 0 mins
,Trade Support L2,2026-08-23T02:18:00,Open,,35 mins
,Trade Support L2,2026-08-23T02:34:00,In progress,Liam O'Connor,1hr 30 mins
,Trade Support L2,2026-08-23T03:02:00,Hold,Liam O'Connor,1 hr 15 mins
INC0011282,L1 Service Desk,2026-08-25T18:52:00,Open,,2 hr 13 mins
,L1 Service Desk,2026-08-25T19:10:00,In progress,Hannah Lee,10 mins
,Payments L2 Support,2026-08-25T19:45:00,Open,,17mins
,Payments L2 Support,2026-08-25T20:06:00,In progress,Omar Siddiqui,15 mins
,Risk & Compliance Ops,2026-08-25T20:21:00,Open,,1 hr 15 mins
,Risk & Compliance Ops,2026-08-25T20:31:00,In progress,Daniel Cho,2hr 05 mins
,Risk & Compliance Ops,2026-08-25T20:54:00,Closed,Priya Sharma,
INC0011283,Access Management Team,2026-06-20T14:23:00,Open,,17 mins
,Access Management Team,2026-06-20T14:48:00,In progress,Noah Williams,15mins
,L2 Team,2026-06-20T15:21:00,Open,,17 mins
,L2 Team,2026-06-20T15:35:00,In progress,Ethan Brooks,2 hr 13 mins
,Risk & Compliance Ops,2026-06-20T16:14:00,Open,,2 hr 5 mins
,Risk & Compliance Ops,2026-06-20T16:24:00,In progress,Maria Silva,15 mins
INC0011284,Access Management Team,2026-06-01T11:45:00,Open,,45 mins
,Access Management Team,2026-06-01T12:01:00,In progress,Hannah Lee,1 hr 15 mins
,FI Team,2026-06-01T12:59:00,Open,,45mins
,FI Team,2026-06-01T13:24:00,In progress,Maria Silva,1 hr 15 mins
,FI Team,2026-06-01T14:18:00,Closed,Kenji Watanabe,
INC0011285,L1 Team,2026-07-31T23:06:00,Open,,2hr 05 mins
,L1 Team,2026-07-31T23:27:00,In progress,Chloe Martin,1hr 15 mins
,L1 Service Desk,2026-08-01T00:00:00,Open,,10mins
,L1 Service Desk,2026-08-01T00:29:00,In progress,Chloe Martin,1 hr 30 mins
,SD Team,2026-08-01T00:56:00,Open,,45 mins
,SD Team,2026-08-01T01:06:00,In progress,Fatima Al-Sayed,45 mins
INC0011286,L2 Team,2026-08-07T07:26:00,Open,,2 hr 13 mins
,L2 Team,2026-08-07T07:47:00,In progress,Nadia Rahman,1 hr 15 mins
,Core Banking L3,2026-08-07T08:14:00,Open,,17 mins
,Core Banking L3,2026-08-07T08:26:00,In progress,Hannah Lee,35mins
,MM Team,2026-08-07T09:26:00,Open,,10 mins
,MM Team,2026-08-07T09:45:00,In progress,Maria Silva,2 hr 13 mins
INC0011287,Access Management Team,2026-08-15T12:03:00,Open,,45 mins
,Access Management Team,2026-08-15T12:33:00,In progress,Emily Carter,45 mins
,ABAP Team,2026-08-15T13:32:00,Open,,15 mins
,ABAP Team,2026-08-15T13:46:00,In progress,Kenji Watanabe,10 mins
INC0011288,L2 Team,2026-08-23T14:53:00,Open,,45mins
,L2 Team,2026-08-23T15:21:00,In progress,Nadia Rahman,2hr 13 mins
,MM Team,2026-08-23T16:05:00,Open,,2hr 05 mins
,MM Team,2026-08-23T16:32:00,In progress,Aisha Khan,35 mins
,MM Team,2026-08-23T17:05:00,Closed,Fatima Al-Sayed,
INC0011289,L1 Service Desk,2026-08-26T18:39:00,Open,,17 mins
,L1 Service Desk,2026-08-26T18:58:00,In progress,Ethan Brooks,2 hr 5 mins
,L1 Team,2026-08-26T19:29:00,Open,,1 hr 0 mins
,L1 Team,2026-08-26T19:55:00,In progress,Chloe Martin,45mins
,Risk & Compliance Ops,2026-08-26T20:25:00,Open,,10 mins
,Risk & Compliance Ops,2026-08-26T20:37:00,In progress,Maria Silva,17mins
,Risk & Compliance Ops,2026-08-26T21:18:00,Closed,Kenji Watanabe,
INC0011290,Access Management Team,2026-05-19T05:27:00,Open,,17 mins
,Access Management Team,2026-05-19T05:49:00,In progress,Carlos Mendes,2 hr 5 mins
,Risk & Compliance Ops,2026-05-19T06:35:00,Open,,45 mins
,Risk & Compliance Ops,2026-05-19T06:46:00,In progress,Priya Sharma,2 hr 13 mins
,Risk & Compliance Ops,2026-05-19T07:10:00,Hold,Priya Sharma,1hr 30 mins
INC0011291,L1 Team,2026-08-26T20:44:00,Open,,2 hr 13 mins
,L1 Team,2026-08-26T21:06:00,In progress,Omar Siddiqui,15mins
,SD Team,2026-08-26T21:22:00,Open,,45 mins
,SD Team,2026-08-26T21:38:00,In progress,Wei Zhang,1 hr 15 mins
,SD Team,2026-08-26T22:18:00,Hold,Aisha Khan,10mins
INC0011292,L3 Team,2026-08-25T12:49:00,Open,,2 hr 13 mins
,L3 Team,2026-08-25T13:11:00,In progress,Mei Tan,35 mins
,MM Team,2026-08-25T13:31:00,Open,,10mins
,MM Team,2026-08-25T13:42:00,In progress,Kenji Watanabe,1 hr 30 mins
,MM Team,2026-08-25T14:34:00,Closed,Kenji Watanabe,
INC0011293,Payments L2 Support,2026-06-18T09:02:00,Open,,10 mins
,Payments L2 Support,2026-06-18T09:29:00,In progress,Arjun Mehta,17mins
,L1 Team,2026-06-18T10:25:00,Open,,35 mins
,L1 Team,2026-06-18T10:43:00,In progress,Emily Carter,45mins
,Trade Support L2,2026-06-18T11:36:00,Open,,2 hr 5 mins
,Trade Support L2,2026-06-18T11:47:00,In progress,Priya Sharma,35 mins
,Trade Support L2,2026-06-18T12:18:00,Closed,Daniel Cho,
INC0011294,L1 Team,2026-08-01T08:42:00,Open,,1 hr 0 mins
,L1 Team,2026-08-01T09:09:00,In progress,Arjun Mehta,1 hr 30 mins
,L2 Team,2026-08-01T09:32:00,Open,,17mins
,L2 Team,2026-08-01T10:02:00,In progress,Omar Siddiqui,1 hr 30 mins
,MM Team,2026-08-01T10:39:00,Open,,2hr 05 mins
,MM Team,2026-08-01T11:03:00,In progress,Sofia Rossi,1 hr 15 mins
,MM Team,2026-08-01T11:40:00,Closed,Liam O'Connor,
INC0011295,L1 Team,2026-06-07T07:19:00,Open,,2 hr 13 mins
,L1 Team,2026-06-07T07:35:00,In progress,Carlos Mendes,10mins
,SD Team,2026-06-07T08:17:00,Open,,35mins
,SD Team,2026-06-07T08:41:00,In progress,Fatima Al-Sayed,1hr 30 mins
INC0011296,Payments L2 Support,2026-07-19T11:14:00,Open,,15mins
,Payments L2 Support,2026-07-19T11:33:00,In progress,Carlos Mendes,1 hr 0 mins
,Risk & Compliance Ops,2026-07-19T12:02:00,Open,,1 hr 0 mins
,Risk & Compliance Ops,2026-07-19T12:23:00,In progress,Priya Sharma,15 mins
INC0011297,L1 Service Desk,2026-08-14T21:04:00,Open,,1hr 30 mins
,L1 Service Desk,2026-08-14T21:29:00,In progress,Omar Siddiqui,17mins
,Core Banking L3,2026-08-14T22:17:00,Open,,1 hr 30 mins
,Core Banking L3,2026-08-14T22:40:00,In progress,Nadia Rahman,1 hr 0 mins
,ABAP Team,2026-08-14T23:28:00,Open,,2hr 13 mins
,ABAP Team,2026-08-14T23:38:00,In progress,Kenji Watanabe,2hr 13 mins
,ABAP Team,2026-08-15T00:33:00,Closed,Kenji Watanabe,
INC0011298,Payments L2 Support,2026-08-12T01:06:00,Open,,17 mins
,Payments L2 Support,2026-08-12T01:29:00,In progress,Omar Siddiqui,1 hr 15 mins
,FI Team,2026-08-12T02:28:00,Open,,2 hr 5 mins
,FI Team,2026-08-12T02:44:00,In progress,James Cole,1 hr 0 mins
,FI Team,2026-08-12T03:24:00,Hold,Kenji Watanabe,17 mins
INC0011299,L1 Service Desk,2026-05-14T03:16:00,Open,,2 hr 5 mins
,L1 Service Desk,2026-05-14T03:33:00,In progress,Mei Tan,15 mins
,SD Team,2026-05-14T04:08:00,Open,,1hr 15 mins
,SD Team,2026-05-14T04:32:00,In progress,Wei Zhang,1hr 00 mins
INC0011300,L1 Service Desk,2026-05-14T10:45:00,Open,,1 hr 30 mins
,L1 Service Desk,2026-05-14T11:12:00,In progress,Hannah Lee,1 hr 30 mins
,L3 Team,2026-05-14T11:47:00,Open,,10 mins
,L3 Team,2026-05-14T12:06:00,In progress,Emily Carter,1 hr 15 mins
,ABAP Team,2026-05-14T12:45:00,Open,,1 hr 30 mins
,ABAP Team,2026-05-14T13:01:00,In progress,Fatima Al-Sayed,17mins
INC0011301,L3 Team,2026-08-20T06:16:00,Open,,1hr 30 mins
,L3 Team,2026-08-20T06:28:00,In progress,Emily Carter,45mins
,L1 Team,2026-08-20T07:10:00,Open,,10 mins
,L1 Team,2026-08-20T07:40:00,In progress,Hannah Lee,10 mins
,Risk & Compliance Ops,2026-08-20T08:40:00,Open,,45 mins
,Risk & Compliance Ops,2026-08-20T09:09:00,In progress,Aisha Khan,1hr 30 mins
,Risk & Compliance Ops,2026-08-20T09:59:00,Hold,Daniel Cho,45mins
INC0011302,Core Banking L3,2026-08-14T09:47:00,Open,,2 hr 13 mins
,Core Banking L3,2026-08-14T10:01:00,In progress,Mei Tan,35 mins
,FI Team,2026-08-14T10:23:00,Open,,17 mins
,FI Team,2026-08-14T10:53:00,In progress,Priya Sharma,2 hr 13 mins
INC0011303,L1 Service Desk,2026-08-25T09:48:00,Open,,17mins
,L1 Service Desk,2026-08-25T09:58:00,In progress,Omar Siddiqui,2 hr 13 mins
,SD Team,2026-08-25T10:51:00,Open,,17 mins
,SD Team,2026-08-25T11:08:00,In progress,Maria Silva,2 hr 5 mins
INC0011304,L1 Service Desk,2026-08-17T00:07:00,Open,,10 mins
,L1 Service Desk,2026-08-17T00:32:00,In progress,Arjun Mehta,17 mins
,FI Team,2026-08-17T00:58:00,Open,,2 hr 13 mins
,FI Team,2026-08-17T01:21:00,In progress,Wei Zhang,45mins
,FI Team,2026-08-17T02:12:00,Closed,Maria Silva,
INC0011305,L1 Service Desk,2026-07-25T01:15:00,Open,,2hr 13 mins
,L1 Service Desk,2026-07-25T01:25:00,In progress,Omar Siddiqui,1 hr 15 mins
,Trade Support L2,2026-07-25T01:45:00,Open,,45 mins
,Trade Support L2,2026-07-25T02:07:00,In progress,Fatima Al-Sayed,45 mins
,Trade Support L2,2026-07-25T03:05:00,Closed,Maria Silva,
INC0011306,Core Banking L3,2026-06-25T20:02:00,Open,,1hr 30 mins
,Core Banking L3,2026-06-25T20:18:00,In progress,Hannah Lee,45 mins
,MM Team,2026-06-25T20:47:00,Open,,15 mins
,MM Team,2026-06-25T21:09:00,In progress,Kenji Watanabe,1 hr 30 mins
INC0011307,L3 Team,2026-08-26T08:26:00,Open,,2 hr 13 mins
,L3 Team,2026-08-26T08:44:00,In progress,Ethan Brooks,35 mins
,Payments L2 Support,2026-08-26T09:34:00,Open,,35mins
,Payments L2 Support,2026-08-26T09:55:00,In progress,Ethan Brooks,1 hr 0 mins
,FI Team,2026-08-26T10:20:00,Open,,1 hr 15 mins
,FI Team,2026-08-26T10:43:00,In progress,Liam O'Connor,1hr 30 mins
,FI Team,2026-08-26T11:13:00,Closed,Maria Silva,
INC0011308,L1 Service Desk,2026-08-15T10:17:00,Open,,1 hr 15 mins
,L1 Service Desk,2026-08-15T10:43:00,In progress,Hannah Lee,35 mins
,L3 Team,2026-08-15T11:39:00,Open,,1 hr 0 mins
,L3 Team,2026-08-15T12:06:00,In progress,Emily Carter,2hr 13 mins
,Risk & Compliance Ops,2026-08-15T12:40:00,Open,,1 hr 0 mins
,Risk & Compliance Ops,2026-08-15T13:00:00,In progress,Daniel Cho,10 mins
INC0011309,L3 Team,2026-06-19T19:43:00,Open,,10mins
,L3 Team,2026-06-19T19:58:00,In progress,Omar Siddiqui,1 hr 15 mins
,L1 Team,2026-06-19T20:13:00,Open,,10 mins
,L1 Team,2026-06-19T20:29:00,In progress,Nadia Rahman,2 hr 5 mins
,SD Team,2026-06-19T21:28:00,Open,,35mins
,SD Team,2026-06-19T21:53:00,In progress,Wei Zhang,2hr 05 mins
INC0011310,Core Banking L3,2026-07-04T11:07:00,Open,,10 mins
,Core Banking L3,2026-07-04T11:34:00,In progress,Noah Williams,1 hr 0 mins
,Access Management Team,2026-07-04T12:10:00,Open,,1hr 30 mins
,Access Management Team,2026-07-04T12:23:00,In progress,Nadia Rahman,2 hr 13 mins
,Trade Support L2,2026-07-04T12:57:00,Open,,10mins
,Trade Support L2,2026-07-04T13:12:00,In progress,Daniel Cho,15 mins
,Trade Support L2,2026-07-04T13:40:00,Closed,Sofia Rossi,
INC0011311,L2 Team,2026-08-23T17:18:00,Open,,2hr 05 mins
,L2 Team,2026-08-23T17:35:00,In progress,Chloe Martin,2hr 05 mins
,MM Team,2026-08-23T18:02:00,Open,,15 mins
,MM Team,2026-08-23T18:16:00,In progress,Aisha Khan,2hr 13 mins
INC0011312,L3 Team,2026-07-19T23:30:00,Open,,1hr 00 mins
,L3 Team,2026-07-19T23:45:00,In progress,Carlos Mendes,17mins
,FI Team,2026-07-20T00:27:00,Open,,1 hr 0 mins
,FI Team,2026-07-20T00:48:00,In progress,James Cole,10mins
,FI Team,2026-07-20T01:26:00,Closed,Maria Silva,
INC0011313,Payments L2 Support,2026-05-21T16:40:00,Open,,2hr 13 mins
,Payments L2 Support,2026-05-21T17:01:00,In progress,Noah Williams,45mins
,Trade Support L2,2026-05-21T17:43:00,Open,,2 hr 5 mins
,Trade Support L2,2026-05-21T17:55:00,In progress,Fatima Al-Sayed,35 mins
,Trade Support L2,2026-05-21T18:16:00,Closed,James Cole,
INC0011314,L3 Team,2026-06-13T20:45:00,Open,,2 hr 13 mins
,L3 Team,2026-06-13T21:09:00,In progress,Arjun Mehta,1 hr 0 mins
,Access Management Team,2026-06-13T21:54:00,Open,,17mins
,Access Management Team,2026-06-13T22:07:00,In progress,Omar Siddiqui,1 hr 15 mins
,SD Team,2026-06-13T22:37:00,Open,,1 hr 0 mins
,SD Team,2026-06-13T22:51:00,In progress,Kenji Watanabe,1hr 15 mins
INC0011315,Access Management Team,2026-06-30T14:38:00,Open,,45 mins
,Access Management Team,2026-06-30T14:53:00,In progress,Arjun Mehta,1hr 30 mins
,MM Team,2026-06-30T15:41:00,Open,,2hr 13 mins
,MM Team,2026-06-30T16:03:00,In progress,Wei Zhang,10mins
INC0011316,L1 Service Desk,2026-08-25T10:12:00,Open,,35 mins
,L1 Service Desk,2026-08-25T10:41:00,In progress,Omar Siddiqui,35 mins
,Risk & Compliance Ops,2026-08-25T11:11:00,Open,,2hr 05 mins
,Risk & Compliance Ops,2026-08-25T11:23:00,In progress,Priya Sharma,1 hr 15 mins
,Risk & Compliance Ops,2026-08-25T11:57:00,Closed,Priya Sharma,
INC0011317,Access Management Team,2026-08-10T00:00:00,Open,,2 hr 13 mins
,Access Management Team,2026-08-10T00:23:00,In progress,Emily Carter,17 mins
,FI Team,2026-08-10T00:55:00,Open,,1 hr 30 mins
,FI Team,2026-08-10T01:21:00,In progress,Priya Sharma,45mins
,FI Team,2026-08-10T01:58:00,Closed,James Cole,
INC0011318,Core Banking L3,2026-06-19T03:30:00,Open,,17 mins
,Core Banking L3,2026-06-19T03:59:00,In progress,Nadia Rahman,1hr 00 mins
,L2 Team,2026-06-19T04:37:00,Open,,10mins
,L2 Team,2026-06-19T04:51:00,In progress,Ethan Brooks,17mins
,ABAP Team,2026-06-19T05:21:00,Open,,45 mins
,ABAP Team,2026-06-19T05:46:00,In progress,Priya Sharma,45 mins
INC0011319,L2 Team,2026-08-03T11:00:00,Open,,15 mins
,L2 Team,2026-08-03T11:20:00,In progress,Arjun Mehta,45mins
,Payments L2 Support,2026-08-03T11:51:00,Open,,35 mins
,Payments L2 Support,2026-08-03T12:17:00,In progress,Nadia Rahman,2hr 13 mins
,Risk & Compliance Ops,2026-08-03T12:47:00,Open,,2hr 05 mins
,Risk & Compliance Ops,2026-08-03T13:04:00,In progress,James Cole,10mins
INC0011320,Core Banking L3,2026-06-01T04:16:00,Open,,1hr 15 mins
,Core Banking L3,2026-06-01T04:29:00,In progress,Emily Carter,45 mins
,Risk & Compliance Ops,2026-06-01T05:10:00,Open,,2 hr 5 mins
,Risk & Compliance Ops,2026-06-01T05:34:00,In progress,Fatima Al-Sayed,1hr 00 mins
INC0011321,L2 Team,2026-08-21T23:15:00,Open,,15 mins
,L2 Team,2026-08-21T23:29:00,In progress,Mei Tan,15mins
,Access Management Team,2026-08-21T23:47:00,Open,,1hr 30 mins
,Access Management Team,2026-08-22T00:04:00,In progress,Mei Tan,17 mins
,Risk & Compliance Ops,2026-08-22T00:25:00,Open,,35 mins
,Risk & Compliance Ops,2026-08-22T00:53:00,In progress,Kenji Watanabe,1 hr 15 mins
,Risk & Compliance Ops,2026-08-22T01:51:00,Hold,Wei Zhang,1 hr 15 mins
INC0011322,L2 Team,2026-06-10T02:33:00,Open,,2hr 13 mins
,L2 Team,2026-06-10T02:58:00,In progress,Arjun Mehta,1 hr 15 mins
,Payments L2 Support,2026-06-10T03:31:00,Open,,45mins
,Payments L2 Support,2026-06-10T04:00:00,In progress,Emily Carter,45 mins
,Risk & Compliance Ops,2026-06-10T04:18:00,Open,,45 mins
,Risk & Compliance Ops,2026-06-10T04:28:00,In progress,Wei Zhang,10 mins
INC0011323,Core Banking L3,2026-06-25T05:59:00,Open,,1hr 30 mins
,Core Banking L3,2026-06-25T06:26:00,In progress,Mei Tan,10 mins
,Payments L2 Support,2026-06-25T07:00:00,Open,,2hr 13 mins
,Payments L2 Support,2026-06-25T07:11:00,In progress,Noah Williams,2hr 05 mins
,FI Team,2026-06-25T07:58:00,Open,,1 hr 0 mins
,FI Team,2026-06-25T08:15:00,In progress,Daniel Cho,10 mins
INC0011324,L3 Team,2026-07-20T23:24:00,Open,,2 hr 13 mins
,L3 Team,2026-07-20T23:48:00,In progress,Hannah Lee,2 hr 13 mins
,MM Team,2026-07-21T00:37:00,Open,,17 mins
,MM Team,2026-07-21T01:00:00,In progress,Daniel Cho,1 hr 30 mins
,MM Team,2026-07-21T01:17:00,Closed,James Cole,
INC0011325,L1 Service Desk,2026-08-20T09:58:00,Open,,15 mins
,L1 Service Desk,2026-08-20T10:18:00,In progress,Emily Carter,35 mins
,FI Team,2026-08-20T10:50:00,Open,,15mins
,FI Team,2026-08-20T11:09:00,In progress,Priya Sharma,10 mins
INC0011326,L3 Team,2026-05-12T03:46:00,Open,,17 mins
,L3 Team,2026-05-12T04:13:00,In progress,Emily Carter,2hr 13 mins
,FI Team,2026-05-12T05:01:00,Open,,2hr 13 mins
,FI Team,2026-05-12T05:18:00,In progress,Kenji Watanabe,10 mins
INC0011327,Core Banking L3,2026-08-27T03:34:00,Open,,1 hr 15 mins
,Core Banking L3,2026-08-27T03:56:00,In progress,Ethan Brooks,1 hr 30 mins
,Trade Support L2,2026-08-27T04:56:00,Open,,1hr 15 mins
,Trade Support L2,2026-08-27T05:21:00,In progress,Wei Zhang,10 mins
INC0011328,L2 Team,2026-06-28T02:32:00,Open,,15 mins
,L2 Team,2026-06-28T02:57:00,In progress,Arjun Mehta,1 hr 15 mins
,L1 Team,2026-06-28T03:39:00,Open,,35 mins
,L1 Team,2026-06-28T04:06:00,In progress,Hannah Lee,10mins
,SD Team,2026-06-28T05:03:00,Open,,2hr 05 mins
,SD Team,2026-06-28T05:16:00,In progress,Daniel Cho,1 hr 15 mins
,SD Team,2026-06-28T06:04:00,Hold,Daniel Cho,15mins
INC0011329,Access Management Team,2026-08-13T14:43:00,Open,,45 mins
,Access Management Team,2026-08-13T15:04:00,In progress,Chloe Martin,17mins
,Core Banking L3,2026-08-13T15:44:00,Open,,45 mins
,Core Banking L3,2026-08-13T16:06:00,In progress,Noah Williams,1hr 15 mins
,SD Team,2026-08-13T16:52:00,Open,,1hr 15 mins
,SD Team,2026-08-13T17:05:00,In progress,Daniel Cho,1hr 30 mins
INC0011330,L2 Team,2026-06-26T17:04:00,Open,,1 hr 0 mins
,L2 Team,2026-06-26T17:18:00,In progress,Omar Siddiqui,1 hr 15 mins
,Payments L2 Support,2026-06-26T17:47:00,Open,,10 mins
,Payments L2 Support,2026-06-26T18:08:00,In progress,Ethan Brooks,15 mins
,SD Team,2026-06-26T18:57:00,Open,,1hr 30 mins
,SD Team,2026-06-26T19:16:00,In progress,Priya Sharma,17mins
,SD Team,2026-06-26T19:39:00,Closed,Aisha Khan,
INC0011331,Core Banking L3,2026-08-12T05:15:00,Open,,45 mins
,Core Banking L3,2026-08-12T05:37:00,In progress,Nadia Rahman,1hr 15 mins
,L1 Service Desk,2026-08-12T06:05:00,Open,,35 mins
,L1 Service Desk,2026-08-12T06:24:00,In progress,Noah Williams,15 mins
,ABAP Team,2026-08-12T07:05:00,Open,,2hr 13 mins
,ABAP Team,2026-08-12T07:20:00,In progress,James Cole,45 mins
,ABAP Team,2026-08-12T07:53:00,Closed,Daniel Cho,
INC0011332,Payments L2 Support,2026-06-04T07:20:00,Open,,1 hr 30 mins
,Payments L2 Support,2026-06-04T07:43:00,In progress,Ethan Brooks,1hr 00 mins
,MM Team,2026-06-04T08:28:00,Open,,45 mins
,MM Team,2026-06-04T08:48:00,In progress,Kenji Watanabe,1 hr 30 mins
INC0011333,L1 Team,2026-08-22T07:39:00,Open,,1 hr 30 mins
,L1 Team,2026-08-22T07:56:00,In progress,Omar Siddiqui,45mins
,L2 Team,2026-08-22T08:25:00,Open,,1 hr 15 mins
,L2 Team,2026-08-22T08:54:00,In progress,Nadia Rahman,1 hr 0 mins
,MM Team,2026-08-22T09:23:00,Open,,15 mins
,MM Team,2026-08-22T09:51:00,In progress,Wei Zhang,17mins
,MM Team,2026-08-22T10:44:00,Hold,James Cole,2 hr 13 mins
INC0011334,L1 Team,2026-06-07T14:53:00,Open,,2 hr 5 mins
,L1 Team,2026-06-07T15:11:00,In progress,Emily Carter,10 mins
,L1 Service Desk,2026-06-07T15:29:00,Open,,1 hr 0 mins
,L1 Service Desk,2026-06-07T15:43:00,In progress,Mei Tan,15 mins
,SD Team,2026-06-07T16:32:00,Open,,17mins
,SD Team,2026-06-07T16:47:00,In progress,James Cole,15mins
INC0011335,L1 Team,2026-07-13T09:14:00,Open,,15 mins
,L1 Team,2026-07-13T09:42:00,In progress,Omar Siddiqui,2 hr 13 mins
,Risk & Compliance Ops,2026-07-13T10:27:00,Open,,1 hr 15 mins
,Risk & Compliance Ops,2026-07-13T10:56:00,In progress,Fatima Al-Sayed,2hr 13 mins
INC0011336,L3 Team,2026-06-05T20:34:00,Open,,1 hr 15 mins
,L3 Team,2026-06-05T21:03:00,In progress,Noah Williams,17 mins
,Payments L2 Support,2026-06-05T21:24:00,Open,,1 hr 15 mins
,Payments L2 Support,2026-06-05T21:37:00,In progress,Chloe Martin,45 mins
,Risk & Compliance Ops,2026-06-05T22:14:00,Open,,15mins
,Risk & Compliance Ops,2026-06-05T22:43:00,In progress,Daniel Cho,2 hr 13 mins
,Risk & Compliance Ops,2026-06-05T22:58:00,Hold,Kenji Watanabe,15 mins
INC0011337,L1 Service Desk,2026-06-14T05:22:00,Open,,1 hr 0 mins
,L1 Service Desk,2026-06-14T05:35:00,In progress,Noah Williams,2hr 05 mins
,L2 Team,2026-06-14T06:13:00,Open,,45 mins
,L2 Team,2026-06-14T06:28:00,In progress,Omar Siddiqui,15 mins
,ABAP Team,2026-06-14T07:21:00,Open,,1 hr 0 mins
,ABAP Team,2026-06-14T07:46:00,In progress,Fatima Al-Sayed,15 mins
INC0011338,Payments L2 Support,2026-07-21T16:07:00,Open,,2 hr 5 mins
,Payments L2 Support,2026-07-21T16:35:00,In progress,Mei Tan,10 mins
,Trade Support L2,2026-07-21T17:23:00,Open,,17mins
,Trade Support L2,2026-07-21T17:34:00,In progress,Daniel Cho,35mins
,Trade Support L2,2026-07-21T17:49:00,Closed,Daniel Cho,
INC0011339,L3 Team,2026-06-23T09:15:00,Open,,17 mins
,L3 Team,2026-06-23T09:37:00,In progress,Nadia Rahman,35 mins
,L2 Team,2026-06-23T09:59:00,Open,,35 mins
,L2 Team,2026-06-23T10:24:00,In progress,Mei Tan,1hr 30 mins
,Trade Support L2,2026-06-23T10:56:00,Open,,10 mins
,Trade Support L2,2026-06-23T11:25:00,In progress,Aisha Khan,1 hr 15 mins
,Trade Support L2,2026-06-23T11:50:00,Hold,Kenji Watanabe,45 mins
INC0011340,Payments L2 Support,2026-08-24T12:14:00,Open,,1 hr 0 mins
,Payments L2 Support,2026-08-24T12:43:00,In progress,Mei Tan,1 hr 30 mins
,L2 Team,2026-08-24T13:07:00,Open,,1hr 15 mins
,L2 Team,2026-08-24T13:23:00,In progress,Mei Tan,2 hr 13 mins
,SD Team,2026-08-24T13:47:00,Open,,45 mins
,SD Team,2026-08-24T14:11:00,In progress,James Cole,2 hr 5 mins
,SD Team,2026-08-24T14:37:00,Closed,Wei Zhang,
INC0011341,Access Management Team,2026-08-24T04:37:00,Open,,17 mins
,Access Management Team,2026-08-24T04:52:00,In progress,Omar Siddiqui,10 mins
,L1 Service Desk,2026-08-24T05:51:00,Open,,1hr 30 mins
,L1 Service Desk,2026-08-24T06:08:00,In progress,Carlos Mendes,45 mins
,MM Team,2026-08-24T06:29:00,Open,,1hr 30 mins
,MM Team,2026-08-24T06:49:00,In progress,Aisha Khan,15 mins
,MM Team,2026-08-24T07:28:00,Closed,Aisha Khan,
INC0011342,L1 Team,2026-08-26T07:27:00,Open,,2hr 05 mins
,L1 Team,2026-08-26T07:53:00,In progress,Hannah Lee,2 hr 5 mins
,MM Team,2026-08-26T08:49:00,Open,,2hr 13 mins
,MM Team,2026-08-26T09:10:00,In progress,Fatima Al-Sayed,1hr 30 mins
,MM Team,2026-08-26T09:33:00,Hold,Liam O'Connor,10mins
INC0011343,Core Banking L3,2026-06-20T06:24:00,Open,,1hr 15 mins
,Core Banking L3,2026-06-20T06:54:00,In progress,Nadia Rahman,45mins
,ABAP Team,2026-06-20T07:14:00,Open,,1 hr 30 mins
,ABAP Team,2026-06-20T07:26:00,In progress,Aisha Khan,35mins
INC0011344,L1 Service Desk,2026-08-24T13:59:00,Open,,10 mins
,L1 Service Desk,2026-08-24T14:13:00,In progress,Nadia Rahman,2 hr 13 mins
,MM Team,2026-08-24T15:13:00,Open,,10mins
,MM Team,2026-08-24T15:28:00,In progress,Liam O'Connor,17mins
INC0011345,Core Banking L3,2026-07-09T20:36:00,Open,,15mins
,Core Banking L3,2026-07-09T21:05:00,In progress,Nadia Rahman,10 mins
,SD Team,2026-07-09T22:03:00,Open,,17mins
,SD Team,2026-07-09T22:20:00,In progress,Kenji Watanabe,45 mins
,SD Team,2026-07-09T22:35:00,Closed,James Cole,
INC0011346,Core Banking L3,2026-05-16T11:31:00,Open,,45 mins
,Core Banking L3,2026-05-16T11:46:00,In progress,Mei Tan,45 mins
,SD Team,2026-05-16T12:43:00,Open,,10 mins
,SD Team,2026-05-16T13:01:00,In progress,Aisha Khan,45 mins
,SD Team,2026-05-16T14:00:00,Closed,Fatima Al-Sayed,
INC0011347,L1 Service Desk,2026-08-18T11:57:00,Open,,15 mins
,L1 Service Desk,2026-08-18T12:23:00,In progress,Emily Carter,45 mins
,L3 Team,2026-08-18T12:55:00,Open,,10mins
,L3 Team,2026-08-18T13:23:00,In progress,Carlos Mendes,1hr 15 mins
,Trade Support L2,2026-08-18T13:50:00,Open,,2 hr 5 mins
,Trade Support L2,2026-08-18T14:02:00,In progress,Aisha Khan,1 hr 15 mins
,Trade Support L2,2026-08-18T14:37:00,Hold,Liam O'Connor,2 hr 13 mins
INC0011348,L1 Team,2026-05-24T17:58:00,Open,,2 hr 5 mins
,L1 Team,2026-05-24T18:24:00,In progress,Noah Williams,1 hr 0 mins
,Core Banking L3,2026-05-24T19:21:00,Open,,15 mins
,Core Banking L3,2026-05-24T19:51:00,In progress,Nadia Rahman,45 mins
,Trade Support L2,2026-05-24T20:26:00,Open,,17mins
,Trade Support L2,2026-05-24T20:54:00,In progress,Aisha Khan,17 mins
,Trade Support L2,2026-05-24T21:49:00,Hold,Liam O'Connor,1hr 15 mins
INC0011349,Payments L2 Support,2026-07-22T09:56:00,Open,,2 hr 5 mins
,Payments L2 Support,2026-07-22T10:11:00,In progress,Nadia Rahman,35mins
,Core Banking L3,2026-07-22T10:50:00,Open,,15mins
,Core Banking L3,2026-07-22T11:08:00,In progress,Carlos Mendes,15mins
,MM Team,2026-07-22T11:57:00,Open,,35mins
,MM Team,2026-07-22T12:07:00,In progress,Fatima Al-Sayed,35 mins
,MM Team,2026-07-22T12:30:00,Closed,Liam O'Connor,
INC0011350,L3 Team,2026-05-18T07:03:00,Open,,1hr 00 mins
,L3 Team,2026-05-18T07:18:00,In progress,Ethan Brooks,35 mins
,ABAP Team,2026-05-18T07:59:00,Open,,45mins
,ABAP Team,2026-05-18T08:25:00,In progress,Priya Sharma,35 mins
INC0011351,L1 Service Desk,2026-08-01T21:45:00,Open,,15mins
,L1 Service Desk,2026-08-01T22:11:00,In progress,Hannah Lee,10mins
,SD Team,2026-08-01T22:53:00,Open,,45 mins
,SD Team,2026-08-01T23:08:00,In progress,Liam O'Connor,35mins
,SD Team,2026-08-01T23:58:00,Closed,Wei Zhang,
INC0011352,Payments L2 Support,2026-05-20T22:29:00,Open,,45 mins
,Payments L2 Support,2026-05-20T22:53:00,In progress,Carlos Mendes,35 mins
,SD Team,2026-05-20T23:09:00,Open,,45 mins
,SD Team,2026-05-20T23:36:00,In progress,Aisha Khan,1 hr 30 mins
,SD Team,2026-05-21T00:14:00,Hold,Aisha Khan,1 hr 15 mins
INC0011353,Payments L2 Support,2026-08-27T04:00:00,Open,,2hr 05 mins
,Payments L2 Support,2026-08-27T04:19:00,In progress,Hannah Lee,2 hr 5 mins
,MM Team,2026-08-27T05:04:00,Open,,10 mins
,MM Team,2026-08-27T05:28:00,In progress,James Cole,1 hr 30 mins
INC0011354,L1 Team,2026-08-08T04:37:00,Open,,2hr 05 mins
,L1 Team,2026-08-08T04:55:00,In progress,Noah Williams,1 hr 30 mins
,Risk & Compliance Ops,2026-08-08T05:39:00,Open,,45 mins
,Risk & Compliance Ops,2026-08-08T06:08:00,In progress,Liam O'Connor,2hr 13 mins
INC0011355,L1 Service Desk,2026-07-25T22:10:00,Open,,1 hr 30 mins
,L1 Service Desk,2026-07-25T22:38:00,In progress,Arjun Mehta,1 hr 0 mins
,Access Management Team,2026-07-25T22:59:00,Open,,1 hr 15 mins
,Access Management Team,2026-07-25T23:29:00,In progress,Noah Williams,1 hr 0 mins
,Risk & Compliance Ops,2026-07-25T23:47:00,Open,,45mins
,Risk & Compliance Ops,2026-07-26T00:11:00,In progress,James Cole,15 mins
INC0011356,Access Management Team,2026-08-27T01:08:00,Open,,15 mins
,Access Management Team,2026-08-27T01:30:00,In progress,Chloe Martin,45 mins
,Core Banking L3,2026-08-27T02:12:00,Open,,45 mins
,Core Banking L3,2026-08-27T02:42:00,In progress,Hannah Lee,15mins
,MM Team,2026-08-27T03:29:00,Open,,10mins
,MM Team,2026-08-27T03:42:00,In progress,Daniel Cho,2hr 13 mins
INC0011357,L2 Team,2026-06-07T03:33:00,Open,,35 mins
,L2 Team,2026-06-07T04:02:00,In progress,Omar Siddiqui,2 hr 5 mins
,SD Team,2026-06-07T04:37:00,Open,,45 mins
,SD Team,2026-06-07T04:47:00,In progress,Kenji Watanabe,1hr 00 mins
INC0011358,L1 Service Desk,2026-06-28T02:17:00,Open,,45 mins
,L1 Service Desk,2026-06-28T02:31:00,In progress,Carlos Mendes,17mins
,SD Team,2026-06-28T03:13:00,Open,,1 hr 30 mins
,SD Team,2026-06-28T03:28:00,In progress,Sofia Rossi,1 hr 15 mins
INC0011359,Access Management Team,2026-06-21T16:06:00,Open,,45 mins
,Access Management Team,2026-06-21T16:23:00,In progress,Ethan Brooks,1 hr 0 mins
,FI Team,2026-06-21T16:49:00,Open,,45mins
,FI Team,2026-06-21T17:01:00,In progress,Kenji Watanabe,35mins
,FI Team,2026-06-21T17:57:00,Closed,Liam O'Connor,
INC0011360,Access Management Team,2026-05-29T00:42:00,Open,,1 hr 0 mins
,Access Management Team,2026-05-29T00:53:00,In progress,Omar Siddiqui,35 mins
,Trade Support L2,2026-05-29T01:40:00,Open,,10mins
,Trade Support L2,2026-05-29T01:52:00,In progress,Priya Sharma,15 mins
INC0011361,Payments L2 Support,2026-06-28T17:49:00,Open,,2 hr 5 mins
,Payments L2 Support,2026-06-28T18:05:00,In progress,Chloe Martin,45mins
,L3 Team,2026-06-28T18:52:00,Open,,45 mins
,L3 Team,2026-06-28T19:17:00,In progress,Mei Tan,1hr 00 mins
,ABAP Team,2026-06-28T19:35:00,Open,,1hr 00 mins
,ABAP Team,2026-06-28T19:58:00,In progress,Wei Zhang,10 mins
,ABAP Team,2026-06-28T20:40:00,Closed,Aisha Khan,
INC0011362,Core Banking L3,2026-08-26T17:11:00,Open,,2 hr 13 mins
,Core Banking L3,2026-08-26T17:29:00,In progress,Omar Siddiqui,35 mins
,L3 Team,2026-08-26T17:50:00,Open,,1 hr 30 mins
,L3 Team,2026-08-26T18:04:00,In progress,Mei Tan,45 mins
,FI Team,2026-08-26T19:02:00,Open,,1 hr 15 mins
,FI Team,2026-08-26T19:13:00,In progress,Maria Silva,35 mins
INC0011363,L3 Team,2026-08-17T14:29:00,Open,,1hr 15 mins
,L3 Team,2026-08-17T14:44:00,In progress,Noah Williams,1 hr 0 mins
,Access Management Team,2026-08-17T15:24:00,Open,,1 hr 15 mins
,Access Management Team,2026-08-17T15:44:00,In progress,Mei Tan,2 hr 5 mins
,MM Team,2026-08-17T16:37:00,Open,,1hr 15 mins
,MM Team,2026-08-17T17:02:00,In progress,Sofia Rossi,2hr 05 mins
INC0011364,L3 Team,2026-06-20T00:52:00,Open,,45 mins
,L3 Team,2026-06-20T01:20:00,In progress,Carlos Mendes,1 hr 15 mins
,Risk & Compliance Ops,2026-06-20T02:04:00,Open,,10 mins
,Risk & Compliance Ops,2026-06-20T02:29:00,In progress,Kenji Watanabe,1hr 15 mins
,Risk & Compliance Ops,2026-06-20T03:19:00,Closed,Maria Silva,
INC0011365,L3 Team,2026-08-19T00:31:00,Open,,10 mins
,L3 Team,2026-08-19T00:54:00,In progress,Noah Williams,45mins
,FI Team,2026-08-19T01:37:00,Open,,45 mins
,FI Team,2026-08-19T01:49:00,In progress,Sofia Rossi,1 hr 15 mins
INC0011366,L1 Team,2026-08-24T16:25:00,Open,,2 hr 5 mins
,L1 Team,2026-08-24T16:36:00,In progress,Arjun Mehta,2hr 05 mins
,Risk & Compliance Ops,2026-08-24T16:53:00,Open,,45 mins
,Risk & Compliance Ops,2026-08-24T17:14:00,In progress,Daniel Cho,17 mins
,Risk & Compliance Ops,2026-08-24T17:47:00,Closed,Liam O'Connor,
INC0011367,Payments L2 Support,2026-08-11T20:33:00,Open,,2 hr 13 mins
,Payments L2 Support,2026-08-11T20:56:00,In progress,Hannah Lee,35 mins
,SD Team,2026-08-11T21:22:00,Open,,2 hr 13 mins
,SD Team,2026-08-11T21:45:00,In progress,James Cole,10mins
,SD Team,2026-08-11T22:43:00,Closed,Priya Sharma,
INC0011368,L1 Service Desk,2026-05-25T23:54:00,Open,,15 mins
,L1 Service Desk,2026-05-26T00:05:00,In progress,Nadia Rahman,45mins
,L1 Team,2026-05-26T01:02:00,Open,,45 mins
,L1 Team,2026-05-26T01:14:00,In progress,Emily Carter,2 hr 5 mins
,Risk & Compliance Ops,2026-05-26T02:07:00,Open,,2 hr 5 mins
,Risk & Compliance Ops,2026-05-26T02:29:00,In progress,James Cole,15mins
,Risk & Compliance Ops,2026-05-26T02:50:00,Hold,Daniel Cho,45mins
INC0011369,Access Management Team,2026-08-24T04:49:00,Open,,1 hr 0 mins
,Access Management Team,2026-08-24T05:08:00,In progress,Ethan Brooks,1hr 15 mins
,L3 Team,2026-08-24T05:28:00,Open,,1 hr 30 mins
,L3 Team,2026-08-24T05:58:00,In progress,Ethan Brooks,2 hr 13 mins
,MM Team,2026-08-24T06:30:00,Open,,2hr 05 mins
,MM Team,2026-08-24T06:52:00,In progress,Kenji Watanabe,1 hr 30 mins
,MM Team,2026-08-24T07:52:00,Closed,Fatima Al-Sayed,
INC0011370,Core Banking L3,2026-07-24T00:34:00,Open,,1hr 00 mins
,Core Banking L3,2026-07-24T01:03:00,In progress,Arjun Mehta,1 hr 30 mins
,L2 Team,2026-07-24T01:57:00,Open,,15 mins
,L2 Team,2026-07-24T02:12:00,In progress,Nadia Rahman,10mins
,SD Team,2026-07-24T02:38:00,Open,,17 mins
,SD Team,2026-07-24T03:01:00,In progress,Liam O'Connor,10 mins
,SD Team,2026-07-24T03:33:00,Hold,Maria Silva,2 hr 13 mins
INC0011371,L2 Team,2026-07-31T22:25:00,Open,,45 mins
,L2 Team,2026-07-31T22:46:00,In progress,Noah Williams,15mins
,Access Management Team,2026-07-31T23:25:00,Open,,1 hr 0 mins
,Access Management Team,2026-07-31T23:44:00,In progress,Ethan Brooks,35 mins
,ABAP Team,2026-08-01T00:34:00,Open,,15 mins
,ABAP Team,2026-08-01T00:58:00,In progress,Daniel Cho,45 mins
,ABAP Team,2026-08-01T01:29:00,Hold,Maria Silva,45 mins
INC0011372,L2 Team,2026-07-26T08:47:00,Open,,2hr 05 mins
,L2 Team,2026-07-26T09:06:00,In progress,Noah Williams,2 hr 13 mins
,SD Team,2026-07-26T09:35:00,Open,,1 hr 15 mins
,SD Team,2026-07-26T09:52:00,In progress,Sofia Rossi,15mins
,SD Team,2026-07-26T10:50:00,Closed,Kenji Watanabe,
INC0011373,Access Management Team,2026-07-06T10:38:00,Open,,45 mins
,Access Management Team,2026-07-06T10:54:00,In progress,Emily Carter,35 mins
,L1 Service Desk,2026-07-06T11:13:00,Open,,1 hr 30 mins
,L1 Service Desk,2026-07-06T11:29:00,In progress,Arjun Mehta,17 mins
,MM Team,2026-07-06T12:16:00,Open,,45 mins
,MM Team,2026-07-06T12:36:00,In progress,Daniel Cho,15 mins
INC0011374,Core Banking L3,2026-07-01T13:51:00,Open,,15 mins
,Core Banking L3,2026-07-01T14:18:00,In progress,Hannah Lee,2 hr 5 mins
,L2 Team,2026-07-01T14:36:00,Open,,2 hr 5 mins
,L2 Team,2026-07-01T14:55:00,In progress,Emily Carter,17mins
,Trade Support L2,2026-07-01T15:34:00,Open,,1 hr 30 mins
,Trade Support L2,2026-07-01T15:56:00,In progress,Maria Silva,45mins
INC0011375,Payments L2 Support,2026-08-19T13:30:00,Open,,15mins
,Payments L2 Support,2026-08-19T13:47:00,In progress,Noah Williams,1 hr 30 mins
,FI Team,2026-08-19T14:04:00,Open,,35mins
,FI Team,2026-08-19T14:16:00,In progress,Liam O'Connor,1 hr 0 mins
,FI Team,2026-08-19T14:47:00,Closed,Wei Zhang,
INC0011376,L3 Team,2026-06-24T09:47:00,Open,,15mins
,L3 Team,2026-06-24T10:16:00,In progress,Hannah Lee,2hr 05 mins
,FI Team,2026-06-24T10:46:00,Open,,10mins
,FI Team,2026-06-24T10:59:00,In progress,Daniel Cho,1hr 30 mins
,FI Team,2026-06-24T11:23:00,Closed,Daniel Cho,
INC0011377,L1 Team,2026-08-26T14:52:00,Open,,1 hr 0 mins
,L1 Team,2026-08-26T15:08:00,In progress,Nadia Rahman,15 mins
,Access Management Team,2026-08-26T16:04:00,Open,,45 mins
,Access Management Team,2026-08-26T16:20:00,In progress,Arjun Mehta,15 mins
,SD Team,2026-08-26T16:49:00,Open,,10 mins
,SD Team,2026-08-26T17:08:00,In progress,Fatima Al-Sayed,1 hr 15 mins
INC0011378,L1 Team,2026-08-27T22:47:00,Open,,1hr 00 mins
,L1 Team,2026-08-27T23:16:00,In progress,Hannah Lee,45 mins
,Risk & Compliance Ops,2026-08-27T23:57:00,Open,,1 hr 0 mins
,Risk & Compliance Ops,2026-08-28T00:16:00,In progress,Sofia Rossi,45 mins
,Risk & Compliance Ops,2026-08-28T01:06:00,Closed,Wei Zhang,
INC0011379,L2 Team,2026-05-28T09:52:00,Open,,2 hr 5 mins
,L2 Team,2026-05-28T10:10:00,In progress,Arjun Mehta,1hr 00 mins
,MM Team,2026-05-28T11:08:00,Open,,2 hr 5 mins
,MM Team,2026-05-28T11:21:00,In progress,Priya Sharma,1 hr 0 mins
INC0011380,Core Banking L3,2026-05-17T13:37:00,Open,,10 mins
,Core Banking L3,2026-05-17T14:03:00,In progress,Noah Williams,17mins
,Payments L2 Support,2026-05-17T14:34:00,Open,,17mins
,Payments L2 Support,2026-05-17T14:47:00,In progress,Omar Siddiqui,1 hr 30 mins
,ABAP Team,2026-05-17T15:28:00,Open,,17 mins
,ABAP Team,2026-05-17T15:40:00,In progress,Fatima Al-Sayed,1hr 15 mins
,ABAP Team,2026-05-17T16:35:00,Closed,Fatima Al-Sayed,
INC0011381,Access Management Team,2026-07-26T05:11:00,Open,,1 hr 0 mins
,Access Management Team,2026-07-26T05:21:00,In progress,Hannah Lee,1 hr 15 mins
,Payments L2 Support,2026-07-26T06:21:00,Open,,15mins
,Payments L2 Support,2026-07-26T06:31:00,In progress,Emily Carter,2 hr 5 mins
,Risk & Compliance Ops,2026-07-26T06:54:00,Open,,2 hr 13 mins
,Risk & Compliance Ops,2026-07-26T07:24:00,In progress,Sofia Rossi,1 hr 15 mins
,Risk & Compliance Ops,2026-07-26T07:47:00,Hold,Daniel Cho,2hr 13 mins
INC0011382,L2 Team,2026-08-02T04:00:00,Open,,10 mins
,L2 Team,2026-08-02T04:30:00,In progress,Carlos Mendes,1hr 30 mins
,FI Team,2026-08-02T05:24:00,Open,,17 mins
,FI Team,2026-08-02T05:40:00,In progress,Daniel Cho,1 hr 15 mins
INC0011383,L1 Team,2026-08-06T01:22:00,Open,,17mins
,L1 Team,2026-08-06T01:33:00,In progress,Ethan Brooks,2 hr 13 mins
,L3 Team,2026-08-06T02:33:00,Open,,17mins
,L3 Team,2026-08-06T02:59:00,In progress,Omar Siddiqui,10 mins
,SD Team,2026-08-06T03:49:00,Open,,17 mins
,SD Team,2026-08-06T03:59:00,In progress,Kenji Watanabe,45 mins
INC0011384,L1 Service Desk,2026-07-12T11:01:00,Open,,2hr 05 mins
,L1 Service Desk,2026-07-12T11:12:00,In progress,Arjun Mehta,45 mins
,Access Management Team,2026-07-12T12:07:00,Open,,1 hr 30 mins
,Access Management Team,2026-07-12T12:35:00,In progress,Omar Siddiqui,1 hr 0 mins
,Trade Support L2,2026-07-12T13:06:00,Open,,15 mins
,Trade Support L2,2026-07-12T13:26:00,In progress,Sofia Rossi,1 hr 0 mins
INC0011385,Payments L2 Support,2026-08-02T08:32:00,Open,,1 hr 15 mins
,Payments L2 Support,2026-08-02T08:54:00,In progress,Nadia Rahman,15 mins
,Access Management Team,2026-08-02T09:33:00,Open,,2 hr 13 mins
,Access Management Team,2026-08-02T09:56:00,In progress,Noah Williams,2 hr 5 mins
,Risk & Compliance Ops,2026-08-02T10:16:00,Open,,35mins
,Risk & Compliance Ops,2026-08-02T10:38:00,In progress,Priya Sharma,45 mins
,Risk & Compliance Ops,2026-08-02T11:30:00,Closed,Liam O'Connor,
INC0011386,L1 Team,2026-05-11T07:08:00,Open,,10 mins
,L1 Team,2026-05-11T07:34:00,In progress,Omar Siddiqui,45 mins
,Payments L2 Support,2026-05-11T08:05:00,Open,,1 hr 30 mins
,Payments L2 Support,2026-05-11T08:25:00,In progress,Mei Tan,17mins
,Risk & Compliance Ops,2026-05-11T09:16:00,Open,,15mins
,Risk & Compliance Ops,2026-05-11T09:29:00,In progress,Liam O'Connor,1 hr 15 mins
INC0011387,L2 Team,2026-08-24T03:24:00,Open,,17mins
,L2 Team,2026-08-24T03:41:00,In progress,Emily Carter,1hr 00 mins
,L3 Team,2026-08-24T04:09:00,Open,,2 hr 13 mins
,L3 Team,2026-08-24T04:37:00,In progress,Nadia Rahman,17mins
,MM Team,2026-08-24T05:17:00,Open,,1hr 30 mins
,MM Team,2026-08-24T05:43:00,In progress,Daniel Cho,1 hr 0 mins
INC0011388,Access Management Team,2026-05-29T00:32:00,Open,,2 hr 13 mins
,Access Management Team,2026-05-29T01:00:00,In progress,Noah Williams,45mins
,L3 Team,2026-05-29T01:57:00,Open,,1 hr 30 mins
,L3 Team,2026-05-29T02:12:00,In progress,Noah Williams,1 hr 30 mins
,MM Team,2026-05-29T03:12:00,Open,,10 mins
,MM Team,2026-05-29T03:38:00,In progress,Wei Zhang,35 mins
,MM Team,2026-05-29T04:06:00,Hold,Wei Zhang,1 hr 30 mins
INC0011389,Payments L2 Support,2026-06-03T20:38:00,Open,,2hr 13 mins
,Payments L2 Support,2026-06-03T21:03:00,In progress,Ethan Brooks,1 hr 30 mins
,Core Banking L3,2026-06-03T21:57:00,Open,,1hr 00 mins
,Core Banking L3,2026-06-03T22:17:00,In progress,Nadia Rahman,1hr 15 mins
,SD Team,2026-06-03T22:49:00,Open,,2hr 05 mins
,SD Team,2026-06-03T23:09:00,In progress,Wei Zhang,15 mins
,SD Team,2026-06-03T23:46:00,Hold,Aisha Khan,15 mins
INC0011390,Core Banking L3,2026-06-25T14:17:00,Open,,2 hr 5 mins
,Core Banking L3,2026-06-25T14:32:00,In progress,Ethan Brooks,45mins
,Access Management Team,2026-06-25T15:32:00,Open,,1hr 15 mins
,Access Management Team,2026-06-25T15:44:00,In progress,Emily Carter,2hr 13 mins
,SD Team,2026-06-25T16:32:00,Open,,17 mins
,SD Team,2026-06-25T16:56:00,In progress,Sofia Rossi,15mins
INC0011391,Access Management Team,2026-06-09T07:55:00,Open,,2hr 05 mins
,Access Management Team,2026-06-09T08:18:00,In progress,Nadia Rahman,45mins
,Risk & Compliance Ops,2026-06-09T08:59:00,Open,,45 mins
,Risk & Compliance Ops,2026-06-09T09:20:00,In progress,Kenji Watanabe,45 mins
INC0011392,L1 Service Desk,2026-05-24T22:01:00,Open,,1 hr 0 mins
,L1 Service Desk,2026-05-24T22:11:00,In progress,Emily Carter,2 hr 5 mins
,Payments L2 Support,2026-05-24T22:48:00,Open,,1 hr 30 mins
,Payments L2 Support,2026-05-24T22:59:00,In progress,Chloe Martin,35 mins
,Risk & Compliance Ops,2026-05-24T23:19:00,Open,,45mins
,Risk & Compliance Ops,2026-05-24T23:44:00,In progress,Wei Zhang,17 mins
,Risk & Compliance Ops,2026-05-25T00:08:00,Closed,Wei Zhang,
INC0011393,Access Management Team,2026-08-11T03:35:00,Open,,35 mins
,Access Management Team,2026-08-11T04:04:00,In progress,Noah Williams,1hr 15 mins
,Payments L2 Support,2026-08-11T04:45:00,Open,,1 hr 30 mins
,Payments L2 Support,2026-08-11T05:13:00,In progress,Ethan Brooks,45 mins
,Trade Support L2,2026-08-11T06:09:00,Open,,15mins
,Trade Support L2,2026-08-11T06:35:00,In progress,Liam O'Connor,10 mins
,Trade Support L2,2026-08-11T07:02:00,Hold,Fatima Al-Sayed,10 mins
INC0011394,L1 Service Desk,2026-08-11T00:25:00,Open,,35 mins
,L1 Service Desk,2026-08-11T00:51:00,In progress,Ethan Brooks,15 mins
,Trade Support L2,2026-08-11T01:26:00,Open,,1 hr 0 mins
,Trade Support L2,2026-08-11T01:47:00,In progress,Aisha Khan,2 hr 5 mins
INC0011395,Payments L2 Support,2026-06-07T21:36:00,Open,,1hr 15 mins
,Payments L2 Support,2026-06-07T21:58:00,In progress,Noah Williams,1 hr 15 mins
,MM Team,2026-06-07T22:16:00,Open,,35 mins
,MM Team,2026-06-07T22:35:00,In progress,Sofia Rossi,15 mins
,MM Team,2026-06-07T23:28:00,Hold,Sofia Rossi,1hr 30 mins
INC0011396,Core Banking L3,2026-08-10T19:12:00,Open,,17mins
,Core Banking L3,2026-08-10T19:33:00,In progress,Noah Williams,15 mins
,Access Management Team,2026-08-10T20:08:00,Open,,2 hr 13 mins
,Access Management Team,2026-08-10T20:24:00,In progress,Arjun Mehta,2hr 13 mins
,Trade Support L2,2026-08-10T21:08:00,Open,,45mins
,Trade Support L2,2026-08-10T21:22:00,In progress,James Cole,17 mins
INC0011397,L3 Team,2026-05-21T16:08:00,Open,,45 mins
,L3 Team,2026-05-21T16:33:00,In progress,Ethan Brooks,45 mins
,L2 Team,2026-05-21T17:13:00,Open,,10 mins
,L2 Team,2026-05-21T17:40:00,In progress,Mei Tan,10 mins
,Risk & Compliance Ops,2026-05-21T18:16:00,Open,,2 hr 5 mins
,Risk & Compliance Ops,2026-05-21T18:44:00,In progress,Fatima Al-Sayed,15 mins
INC0011398,L3 Team,2026-06-28T14:34:00,Open,,2 hr 5 mins
,L3 Team,2026-06-28T14:52:00,In progress,Carlos Mendes,2 hr 5 mins
,L1 Team,2026-06-28T15:28:00,Open,,35mins
,L1 Team,2026-06-28T15:41:00,In progress,Carlos Mendes,2 hr 5 mins
,FI Team,2026-06-28T16:07:00,Open,,2 hr 13 mins
,FI Team,2026-06-28T16:33:00,In progress,Sofia Rossi,2 hr 13 mins
,FI Team,2026-06-28T17:18:00,Hold,Liam O'Connor,1hr 15 mins
INC0011399,L1 Service Desk,2026-06-19T13:49:00,Open,,10 mins
,L1 Service Desk,2026-06-19T13:59:00,In progress,Hannah Lee,45 mins
,L3 Team,2026-06-19T14:53:00,Open,,45mins
,L3 Team,2026-06-19T15:09:00,In progress,Carlos Mendes,35 mins
,Risk & Compliance Ops,2026-06-19T15:58:00,Open,,1 hr 15 mins
,Risk & Compliance Ops,2026-06-19T16:18:00,In progress,Wei Zhang,17mins
INC0011400,Access Management Team,2026-07-22T00:40:00,Open,,1hr 15 mins
,Access Management Team,2026-07-22T00:57:00,In progress,Carlos Mendes,15 mins
,Payments L2 Support,2026-07-22T01:25:00,Open,,45mins
,Payments L2 Support,2026-07-22T01:49:00,In progress,Chloe Martin,15 mins
,ABAP Team,2026-07-22T02:46:00,Open,,15 mins
,ABAP Team,2026-07-22T03:16:00,In progress,Liam O'Connor,1 hr 15 mins
INC0011401,L2 Team,2026-08-07T02:30:00,Open,,2hr 13 mins
,L2 Team,2026-08-07T02:57:00,In progress,Chloe Martin,17 mins
,Core Banking L3,2026-08-07T03:34:00,Open,,45 mins
,Core Banking L3,2026-08-07T04:00:00,In progress,Hannah Lee,1hr 00 mins
,ABAP Team,2026-08-07T04:21:00,Open,,45mins
,ABAP Team,2026-08-07T04:51:00,In progress,Aisha Khan,15 mins
INC0011402,Core Banking L3,2026-05-12T10:04:00,Open,,35mins
,Core Banking L3,2026-05-12T10:24:00,In progress,Nadia Rahman,17mins
,L3 Team,2026-05-12T11:02:00,Open,,45 mins
,L3 Team,2026-05-12T11:29:00,In progress,Nadia Rahman,2 hr 13 mins
,MM Team,2026-05-12T12:21:00,Open,,45 mins
,MM Team,2026-05-12T12:50:00,In progress,Liam O'Connor,1hr 15 mins
,MM Team,2026-05-12T13:37:00,Closed,James Cole,
INC0011403,L1 Service Desk,2026-05-31T19:38:00,Open,,1hr 30 mins
,L1 Service Desk,2026-05-31T20:08:00,In progress,Carlos Mendes,1 hr 0 mins
,L1 Team,2026-05-31T20:38:00,Open,,35mins
,L1 Team,2026-05-31T21:08:00,In progress,Hannah Lee,1 hr 15 mins
,FI Team,2026-05-31T21:42:00,Open,,15 mins
,FI Team,2026-05-31T22:04:00,In progress,Fatima Al-Sayed,1 hr 15 mins
INC0011404,Core Banking L3,2026-06-07T21:45:00,Open,,2hr 05 mins
,Core Banking L3,2026-06-07T22:02:00,In progress,Noah Williams,1hr 30 mins
,L1 Service Desk,2026-06-07T23:02:00,Open,,45mins
,L1 Service Desk,2026-06-07T23:22:00,In progress,Mei Tan,35 mins
,Trade Support L2,2026-06-07T23:55:00,Open,,1 hr 0 mins
,Trade Support L2,2026-06-08T00:08:00,In progress,Maria Silva,10 mins
INC0011405,L1 Team,2026-08-06T14:57:00,Open,,1hr 15 mins
,L1 Team,2026-08-06T15:26:00,In progress,Arjun Mehta,15 mins
,Access Management Team,2026-08-06T15:43:00,Open,,1hr 00 mins
,Access Management Team,2026-08-06T16:11:00,In progress,Carlos Mendes,2 hr 5 mins
,ABAP Team,2026-08-06T16:57:00,Open,,2 hr 5 mins
,ABAP Team,2026-08-06T17:23:00,In progress,Sofia Rossi,45mins
,ABAP Team,2026-08-06T17:44:00,Hold,Kenji Watanabe,17 mins
INC0011406,Core Banking L3,2026-07-23T07:33:00,Open,,2hr 05 mins
,Core Banking L3,2026-07-23T07:57:00,In progress,Nadia Rahman,45 mins
,Risk & Compliance Ops,2026-07-23T08:39:00,Open,,35 mins
,Risk & Compliance Ops,2026-07-23T09:00:00,In progress,Daniel Cho,2hr 05 mins
INC0011407,L1 Team,2026-08-03T15:00:00,Open,,17mins
,L1 Team,2026-08-03T15:27:00,In progress,Hannah Lee,15 mins
,L1 Service Desk,2026-08-03T15:56:00,Open,,45 mins
,L1 Service Desk,2026-08-03T16:12:00,In progress,Emily Carter,45 mins
,FI Team,2026-08-03T16:30:00,Open,,45 mins
,FI Team,2026-08-03T16:55:00,In progress,Liam O'Connor,2 hr 5 mins
,FI Team,2026-08-03T17:37:00,Hold,Kenji Watanabe,2 hr 13 mins
INC0011408,Core Banking L3,2026-08-24T16:22:00,Open,,1hr 00 mins
,Core Banking L3,2026-08-24T16:34:00,In progress,Hannah Lee,1 hr 30 mins
,Access Management Team,2026-08-24T17:01:00,Open,,2 hr 13 mins
,Access Management Team,2026-08-24T17:12:00,In progress,Carlos Mendes,45mins
,Risk & Compliance Ops,2026-08-24T17:54:00,Open,,1 hr 30 mins
,Risk & Compliance Ops,2026-08-24T18:16:00,In progress,Priya Sharma,1 hr 30 mins
,Risk & Compliance Ops,2026-08-24T18:52:00,Closed,Wei Zhang,
INC0011409,L2 Team,2026-08-13T10:41:00,Open,,2hr 05 mins
,L2 Team,2026-08-13T10:53:00,In progress,Noah Williams,1 hr 30 mins
,Core Banking L3,2026-08-13T11:32:00,Open,,1 hr 0 mins
,Core Banking L3,2026-08-13T11:45:00,In progress,Emily Carter,17mins
,MM Team,2026-08-13T12:08:00,Open,,17 mins
,MM Team,2026-08-13T12:26:00,In progress,Daniel Cho,17 mins
,MM Team,2026-08-13T12:51:00,Closed,James Cole,
INC0011410,Access Management Team,2026-05-21T17:09:00,Open,,2 hr 5 mins
,Access Management Team,2026-05-21T17:29:00,In progress,Carlos Mendes,1hr 00 mins
,Core Banking L3,2026-05-21T18:12:00,Open,,45mins
,Core Banking L3,2026-05-21T18:42:00,In progress,Omar Siddiqui,35 mins
,Risk & Compliance Ops,2026-05-21T19:20:00,Open,,45 mins
,Risk & Compliance Ops,2026-05-21T19:39:00,In progress,James Cole,15mins
,Risk & Compliance Ops,2026-05-21T20:00:00,Hold,Daniel Cho,2 hr 13 mins
INC0011411,L2 Team,2026-08-07T01:49:00,Open,,1 hr 15 mins
,L2 Team,2026-08-07T02:15:00,In progress,Omar Siddiqui,17 mins
,MM Team,2026-08-07T02:43:00,Open,,2 hr 13 mins
,MM Team,2026-08-07T03:10:00,In progress,James Cole,2 hr 5 mins
,MM Team,2026-08-07T03:53:00,Hold,Kenji Watanabe,1hr 30 mins
INC0011412,Access Management Team,2026-06-17T06:19:00,Open,,45 mins
,Access Management Team,2026-06-17T06:33:00,In progress,Noah Williams,15 mins
,L1 Service Desk,2026-06-17T07:30:00,Open,,1 hr 30 mins
,L1 Service Desk,2026-06-17T07:46:00,In progress,Noah Williams,45 mins
,ABAP Team,2026-06-17T08:07:00,Open,,1 hr 15 mins
,ABAP Team,2026-06-17T08:34:00,In progress,Aisha Khan,1 hr 0 mins
INC0011413,Payments L2 Support,2026-07-25T02:12:00,Open,,1hr 00 mins
,Payments L2 Support,2026-07-25T02:36:00,In progress,Arjun Mehta,2 hr 5 mins
,MM Team,2026-07-25T03:17:00,Open,,1hr 15 mins
,MM Team,2026-07-25T03:30:00,In progress,Daniel Cho,35 mins
,MM Team,2026-07-25T04:09:00,Hold,Wei Zhang,2hr 05 mins
INC0011414,L1 Service Desk,2026-06-28T11:17:00,Open,,15mins
,L1 Service Desk,2026-06-28T11:40:00,In progress,Carlos Mendes,15 mins
,Core Banking L3,2026-06-28T12:04:00,Open,,10 mins
,Core Banking L3,2026-06-28T12:31:00,In progress,Mei Tan,1 hr 0 mins
,MM Team,2026-06-28T12:49:00,Open,,15mins
,MM Team,2026-06-28T13:11:00,In progress,Fatima Al-Sayed,35 mins
,MM Team,2026-06-28T13:40:00,Hold,Wei Zhang,1hr 00 mins
INC0011415,Access Management Team,2026-07-17T02:23:00,Open,,2hr 05 mins
,Access Management Team,2026-07-17T02:47:00,In progress,Carlos Mendes,15mins
,L1 Service Desk,2026-07-17T03:41:00,Open,,15 mins
,L1 Service Desk,2026-07-17T03:52:00,In progress,Hannah Lee,2 hr 13 mins
,SD Team,2026-07-17T04:45:00,Open,,1hr 00 mins
,SD Team,2026-07-17T05:13:00,In progress,Sofia Rossi,2 hr 5 mins
,SD Team,2026-07-17T06:13:00,Hold,Priya Sharma,35 mins
INC0011416,Access Management Team,2026-07-30T19:26:00,Open,,2hr 05 mins
,Access Management Team,2026-07-30T19:37:00,In progress,Emily Carter,1 hr 30 mins
,Core Banking L3,2026-07-30T20:15:00,Open,,1 hr 30 mins
,Core Banking L3,2026-07-30T20:28:00,In progress,Nadia Rahman,1 hr 0 mins
,ABAP Team,2026-07-30T20:52:00,Open,,1 hr 15 mins
,ABAP Team,2026-07-30T21:16:00,In progress,Maria Silva,15 mins
,ABAP Team,2026-07-30T21:46:00,Hold,Maria Silva,35mins
INC0011417,Access Management Team,2026-07-26T01:44:00,Open,,17 mins
,Access Management Team,2026-07-26T01:54:00,In progress,Arjun Mehta,15 mins
,SD Team,2026-07-26T02:45:00,Open,,10mins
,SD Team,2026-07-26T03:11:00,In progress,Maria Silva,45 mins
,SD Team,2026-07-26T03:58:00,Closed,Priya Sharma,
INC0011418,L2 Team,2026-06-23T02:33:00,Open,,1 hr 30 mins
,L2 Team,2026-06-23T02:59:00,In progress,Nadia Rahman,2 hr 13 mins
,SD Team,2026-06-23T03:54:00,Open,,1hr 00 mins
,SD Team,2026-06-23T04:18:00,In progress,Aisha Khan,45 mins
INC0011419,L3 Team,2026-07-18T10:50:00,Open,,2 hr 5 mins
,L3 Team,2026-07-18T11:11:00,In progress,Omar Siddiqui,17mins
,Access Management Team,2026-07-18T11:31:00,Open,,45 mins
,Access Management Team,2026-07-18T11:43:00,In progress,Omar Siddiqui,1 hr 30 mins
,MM Team,2026-07-18T12:10:00,Open,,45 mins
,MM Team,2026-07-18T12:36:00,In progress,Fatima Al-Sayed,1 hr 15 mins
INC0011420,L2 Team,2026-07-05T06:27:00,Open,,2hr 05 mins
,L2 Team,2026-07-05T06:40:00,In progress,Chloe Martin,1 hr 15 mins
,SD Team,2026-07-05T07:26:00,Open,,35 mins
,SD Team,2026-07-05T07:47:00,In progress,Wei Zhang,1 hr 15 mins
,SD Team,2026-07-05T08:38:00,Hold,Wei Zhang,17 mins
INC0011421,L3 Team,2026-05-24T11:48:00,Open,,1hr 00 mins
,L3 Team,2026-05-24T12:15:00,In progress,Nadia Rahman,2 hr 13 mins
,ABAP Team,2026-05-24T13:05:00,Open,,35 mins
,ABAP Team,2026-05-24T13:29:00,In progress,Liam O'Connor,45 mins
,ABAP Team,2026-05-24T14:19:00,Hold,Liam O'Connor,1hr 00 mins
INC0011422,Access Management Team,2026-08-20T22:46:00,Open,,1hr 00 mins
,Access Management Team,2026-08-20T23:03:00,In progress,Ethan Brooks,2 hr 13 mins
,L1 Team,2026-08-21T00:00:00,Open,,35 mins
,L1 Team,2026-08-21T00:30:00,In progress,Carlos Mendes,10 mins
,ABAP Team,2026-08-21T00:59:00,Open,,2hr 05 mins
,ABAP Team,2026-08-21T01:23:00,In progress,Sofia Rossi,1hr 15 mins
INC0011423,Access Management Team,2026-08-14T19:27:00,Open,,45mins
,Access Management Team,2026-08-14T19:45:00,In progress,Ethan Brooks,10mins
,ABAP Team,2026-08-14T20:19:00,Open,,1 hr 15 mins
,ABAP Team,2026-08-14T20:35:00,In progress,Fatima Al-Sayed,15 mins
,ABAP Team,2026-08-14T21:14:00,Closed,Wei Zhang,
INC0011424,L2 Team,2026-05-22T19:08:00,Open,,1 hr 15 mins
,L2 Team,2026-05-22T19:36:00,In progress,Omar Siddiqui,2 hr 5 mins
,L1 Service Desk,2026-05-22T20:10:00,Open,,1hr 15 mins
,L1 Service Desk,2026-05-22T20:23:00,In progress,Noah Williams,10 mins
,ABAP Team,2026-05-22T21:14:00,Open,,45 mins
,ABAP Team,2026-05-22T21:35:00,In progress,Liam O'Connor,2 hr 13 mins
INC0011425,L3 Team,2026-07-04T20:18:00,Open,,1 hr 30 mins
,L3 Team,2026-07-04T20:42:00,In progress,Noah Williams,17 mins
,L1 Service Desk,2026-07-04T21:40:00,Open,,2 hr 5 mins
,L1 Service Desk,2026-07-04T21:59:00,In progress,Ethan Brooks,45 mins
,FI Team,2026-07-04T22:57:00,Open,,35mins
,FI Team,2026-07-04T23:07:00,In progress,Kenji Watanabe,45mins
INC0011426,Core Banking L3,2026-06-08T02:37:00,Open,,1hr 00 mins
,Core Banking L3,2026-06-08T03:05:00,In progress,Noah Williams,2 hr 13 mins
,L1 Service Desk,2026-06-08T03:46:00,Open,,15 mins
,L1 Service Desk,2026-06-08T04:12:00,In progress,Chloe Martin,1 hr 0 mins
,ABAP Team,2026-06-08T04:57:00,Open,,1hr 15 mins
,ABAP Team,2026-06-08T05:21:00,In progress,Maria Silva,2hr 05 mins
INC0011427,Access Management Team,2026-08-27T07:35:00,Open,,35mins
,Access Management Team,2026-08-27T08:03:00,In progress,Chloe Martin,17 mins
,Trade Support L2,2026-08-27T08:32:00,Open,,2 hr 5 mins
,Trade Support L2,2026-08-27T08:56:00,In progress,James Cole,2 hr 13 mins
INC0011428,Access Management Team,2026-07-07T02:26:00,Open,,15 mins
,Access Management Team,2026-07-07T02:53:00,In progress,Noah Williams,17mins
,L2 Team,2026-07-07T03:10:00,Open,,1 hr 0 mins
,L2 Team,2026-07-07T03:40:00,In progress,Carlos Mendes,35 mins
,SD Team,2026-07-07T04:09:00,Open,,35 mins
,SD Team,2026-07-07T04:23:00,In progress,Aisha Khan,2 hr 5 mins
INC0011429,L3 Team,2026-07-26T13:40:00,Open,,1 hr 0 mins
,L3 Team,2026-07-26T13:50:00,In progress,Chloe Martin,2hr 05 mins
,L1 Service Desk,2026-07-26T14:50:00,Open,,35mins
,L1 Service Desk,2026-07-26T15:00:00,In progress,Omar Siddiqui,2 hr 13 mins
,ABAP Team,2026-07-26T15:27:00,Open,,1hr 30 mins
,ABAP Team,2026-07-26T15:47:00,In progress,Wei Zhang,2hr 05 mins
INC0011430,Payments L2 Support,2026-08-11T10:46:00,Open,,35 mins
,Payments L2 Support,2026-08-11T10:57:00,In progress,Hannah Lee,1hr 00 mins
,SD Team,2026-08-11T11:28:00,Open,,1hr 30 mins
,SD Team,2026-08-11T11:47:00,In progress,Daniel Cho,1hr 15 mins
,SD Team,2026-08-11T12:17:00,Hold,James Cole,15mins
INC0011431,L3 Team,2026-07-02T00:18:00,Open,,45 mins
,L3 Team,2026-07-02T00:37:00,In progress,Noah Williams,1 hr 30 mins
,FI Team,2026-07-02T01:12:00,Open,,1hr 15 mins
,FI Team,2026-07-02T01:31:00,In progress,Kenji Watanabe,45 mins
INC0011432,Payments L2 Support,2026-08-10T19:43:00,Open,,1 hr 15 mins
,Payments L2 Support,2026-08-10T20:05:00,In progress,Arjun Mehta,2 hr 13 mins
,Access Management Team,2026-08-10T20:22:00,Open,,35mins
,Access Management Team,2026-08-10T20:50:00,In progress,Noah Williams,17 mins
,Trade Support L2,2026-08-10T21:20:00,Open,,1 hr 15 mins
,Trade Support L2,2026-08-10T21:32:00,In progress,Wei Zhang,45mins
,Trade Support L2,2026-08-10T22:12:00,Closed,Liam O'Connor,
INC0011433,Payments L2 Support,2026-07-23T10:19:00,Open,,2 hr 5 mins
,Payments L2 Support,2026-07-23T10:44:00,In progress,Emily Carter,1hr 30 mins
,MM Team,2026-07-23T11:11:00,Open,,15 mins
,MM Team,2026-07-23T11:26:00,In progress,Liam O'Connor,2hr 05 mins
,MM Team,2026-07-23T12:07:00,Closed,Wei Zhang,
INC0011434,L1 Service Desk,2026-06-03T02:50:00,Open,,2hr 05 mins
,L1 Service Desk,2026-06-03T03:09:00,In progress,Chloe Martin,10 mins
,Trade Support L2,2026-06-03T03:36:00,Open,,1 hr 30 mins
,Trade Support L2,2026-06-03T04:02:00,In progress,Priya Sharma,1 hr 15 mins
,Trade Support L2,2026-06-03T04:18:00,Closed,Sofia Rossi,
INC0011435,L2 Team,2026-08-17T00:51:00,Open,,1hr 15 mins
,L2 Team,2026-08-17T01:11:00,In progress,Noah Williams,10 mins
,Risk & Compliance Ops,2026-08-17T02:09:00,Open,,2 hr 13 mins
,Risk & Compliance Ops,2026-08-17T02:21:00,In progress,Maria Silva,45 mins
INC0011436,L1 Team,2026-06-17T23:38:00,Open,,1hr 30 mins
,L1 Team,2026-06-18T00:07:00,In progress,Carlos Mendes,15 mins
,L1 Service Desk,2026-06-18T00:39:00,Open,,1hr 00 mins
,L1 Service Desk,2026-06-18T00:53:00,In progress,Omar Siddiqui,2 hr 13 mins
,SD Team,2026-06-18T01:09:00,Open,,45 mins
,SD Team,2026-06-18T01:31:00,In progress,Fatima Al-Sayed,1hr 15 mins
,SD Team,2026-06-18T02:03:00,Closed,Wei Zhang,
INC0011437,Access Management Team,2026-06-21T22:56:00,Open,,1 hr 0 mins
,Access Management Team,2026-06-21T23:21:00,In progress,Omar Siddiqui,45mins
,Trade Support L2,2026-06-22T00:10:00,Open,,35 mins
,Trade Support L2,2026-06-22T00:20:00,In progress,Fatima Al-Sayed,45mins
,Trade Support L2,2026-06-22T01:06:00,Closed,Wei Zhang,
INC0011438,L1 Service Desk,2026-08-25T11:40:00,Open,,2 hr 13 mins
,L1 Service Desk,2026-08-25T12:03:00,In progress,Mei Tan,15 mins
,Risk & Compliance Ops,2026-08-25T12:39:00,Open,,2 hr 5 mins
,Risk & Compliance Ops,2026-08-25T12:56:00,In progress,Wei Zhang,1hr 00 mins
INC0011439,Core Banking L3,2026-06-07T13:05:00,Open,,45mins
,Core Banking L3,2026-06-07T13:18:00,In progress,Ethan Brooks,10 mins
,Access Management Team,2026-06-07T13:56:00,Open,,10mins
,Access Management Team,2026-06-07T14:09:00,In progress,Ethan Brooks,2hr 05 mins
,Risk & Compliance Ops,2026-06-07T15:06:00,Open,,2 hr 5 mins
,Risk & Compliance Ops,2026-06-07T15:27:00,In progress,James Cole,2 hr 5 mins
INC0011440,Access Management Team,2026-05-18T22:55:00,Open,,17mins
,Access Management Team,2026-05-18T23:16:00,In progress,Emily Carter,35mins
,Risk & Compliance Ops,2026-05-18T23:40:00,Open,,1 hr 15 mins
,Risk & Compliance Ops,2026-05-18T23:58:00,In progress,Fatima Al-Sayed,2 hr 13 mins
,Risk & Compliance Ops,2026-05-19T00:43:00,Closed,Fatima Al-Sayed,
INC0011441,Payments L2 Support,2026-07-29T02:56:00,Open,,45mins
,Payments L2 Support,2026-07-29T03:26:00,In progress,Omar Siddiqui,15 mins
,ABAP Team,2026-07-29T04:08:00,Open,,2 hr 5 mins
,ABAP Team,2026-07-29T04:32:00,In progress,James Cole,45mins
,ABAP Team,2026-07-29T04:57:00,Closed,Priya Sharma,
INC0011442,Access Management Team,2026-06-09T08:46:00,Open,,15 mins
,Access Management Team,2026-06-09T09:01:00,In progress,Ethan Brooks,35mins
,L1 Service Desk,2026-06-09T09:42:00,Open,,17 mins
,L1 Service Desk,2026-06-09T09:56:00,In progress,Emily Carter,1 hr 30 mins
,SD Team,2026-06-09T10:26:00,Open,,17 mins
,SD Team,2026-06-09T10:56:00,In progress,Fatima Al-Sayed,1 hr 15 mins
,SD Team,2026-06-09T11:39:00,Hold,Aisha Khan,2hr 13 mins
INC0011443,L2 Team,2026-07-30T01:06:00,Open,,35mins
,L2 Team,2026-07-30T01:25:00,In progress,Nadia Rahman,2hr 13 mins
,L3 Team,2026-07-30T01:59:00,Open,,2hr 05 mins
,L3 Team,2026-07-30T02:25:00,In progress,Chloe Martin,17mins
,SD Team,2026-07-30T03:04:00,Open,,15 mins
,SD Team,2026-07-30T03:26:00,In progress,Sofia Rossi,35mins
INC0011444,Access Management Team,2026-06-13T10:16:00,Open,,2 hr 5 mins
,Access Management Team,2026-06-13T10:27:00,In progress,Nadia Rahman,45mins
,FI Team,2026-06-13T11:23:00,Open,,45 mins
,FI Team,2026-06-13T11:42:00,In progress,Maria Silva,2hr 05 mins
INC0011445,Core Banking L3,2026-07-31T04:50:00,Open,,2hr 05 mins
,Core Banking L3,2026-07-31T05:00:00,In progress,Chloe Martin,45 mins
,ABAP Team,2026-07-31T05:29:00,Open,,17 mins
,ABAP Team,2026-07-31T05:44:00,In progress,Kenji Watanabe,1 hr 0 mins
INC0011446,L3 Team,2026-05-23T01:34:00,Open,,2 hr 5 mins
,L3 Team,2026-05-23T01:45:00,In progress,Chloe Martin,2 hr 5 mins
,SD Team,2026-05-23T02:03:00,Open,,15mins
,SD Team,2026-05-23T02:21:00,In progress,Priya Sharma,15mins
,SD Team,2026-05-23T02:57:00,Hold,Wei Zhang,1 hr 15 mins
INC0011447,Access Management Team,2026-08-27T00:09:00,Open,,17 mins
,Access Management Team,2026-08-27T00:31:00,In progress,Noah Williams,45 mins
,MM Team,2026-08-27T01:07:00,Open,,10 mins
,MM Team,2026-08-27T01:37:00,In progress,James Cole,1hr 30 mins
INC0011448,L2 Team,2026-06-15T22:37:00,Open,,2 hr 5 mins
,L2 Team,2026-06-15T22:55:00,In progress,Carlos Mendes,17 mins
,SD Team,2026-06-15T23:46:00,Open,,35mins
,SD Team,2026-06-16T00:06:00,In progress,Fatima Al-Sayed,1 hr 0 mins
,SD Team,2026-06-16T00:47:00,Hold,Maria Silva,1 hr 15 mins
INC0011449,Access Management Team,2026-08-13T05:38:00,Open,,10 mins
,Access Management Team,2026-08-13T05:53:00,In progress,Noah Williams,45 mins
,Risk & Compliance Ops,2026-08-13T06:23:00,Open,,10 mins
,Risk & Compliance Ops,2026-08-13T06:39:00,In progress,Wei Zhang,2 hr 5 mins
INC0011450,Core Banking L3,2026-08-24T07:24:00,Open,,10 mins
,Core Banking L3,2026-08-24T07:43:00,In progress,Chloe Martin,15mins
,Trade Support L2,2026-08-24T08:17:00,Open,,1 hr 15 mins
,Trade Support L2,2026-08-24T08:42:00,In progress,Aisha Khan,45 mins
INC0011451,Core Banking L3,2026-08-09T08:59:00,Open,,17mins
,Core Banking L3,2026-08-09T09:16:00,In progress,Hannah Lee,2hr 05 mins
,SD Team,2026-08-09T10:09:00,Open,,10mins
,SD Team,2026-08-09T10:32:00,In progress,Maria Silva,45 mins
INC0011452,Payments L2 Support,2026-08-09T00:00:00,Open,,45 mins
,Payments L2 Support,2026-08-09T00:28:00,In progress,Omar Siddiqui,2 hr 5 mins
,FI Team,2026-08-09T01:00:00,Open,,35mins
,FI Team,2026-08-09T01:28:00,In progress,Sofia Rossi,17mins
INC0011453,L3 Team,2026-08-08T20:56:00,Open,,35 mins
,L3 Team,2026-08-08T21:22:00,In progress,Mei Tan,35 mins
,MM Team,2026-08-08T21:38:00,Open,,35 mins
,MM Team,2026-08-08T21:58:00,In progress,Aisha Khan,2 hr 13 mins
,MM Team,2026-08-08T22:26:00,Closed,Priya Sharma,
INC0011454,L1 Service Desk,2026-08-24T23:44:00,Open,,15 mins
,L1 Service Desk,2026-08-24T23:58:00,In progress,Carlos Mendes,1hr 15 mins
,SD Team,2026-08-25T00:14:00,Open,,1hr 30 mins
,SD Team,2026-08-25T00:30:00,In progress,Maria Silva,17 mins
,SD Team,2026-08-25T01:00:00,Hold,Daniel Cho,10 mins
INC0011455,L1 Team,2026-06-12T13:42:00,Open,,17 mins
,L1 Team,2026-06-12T13:55:00,In progress,Arjun Mehta,1 hr 15 mins
,L2 Team,2026-06-12T14:15:00,Open,,45 mins
,L2 Team,2026-06-12T14:35:00,In progress,Ethan Brooks,1 hr 15 mins
,FI Team,2026-06-12T15:27:00,Open,,45mins
,FI Team,2026-06-12T15:38:00,In progress,Daniel Cho,17mins
,FI Team,2026-06-12T16:36:00,Closed,Daniel Cho,
INC0011456,L3 Team,2026-08-13T23:19:00,Open,,2 hr 5 mins
,L3 Team,2026-08-13T23:34:00,In progress,Hannah Lee,15 mins
,L1 Team,2026-08-14T00:09:00,Open,,35mins
,L1 Team,2026-08-14T00:20:00,In progress,Ethan Brooks,15mins
,ABAP Team,2026-08-14T00:40:00,Open,,45 mins
,ABAP Team,2026-08-14T01:01:00,In progress,Aisha Khan,45mins
,ABAP Team,2026-08-14T01:32:00,Closed,James Cole,
INC0011457,L1 Team,2026-08-27T12:00:00,Open,,1hr 15 mins
,L1 Team,2026-08-27T12:21:00,In progress,Chloe Martin,15 mins
,L3 Team,2026-08-27T13:03:00,Open,,35 mins
,L3 Team,2026-08-27T13:29:00,In progress,Noah Williams,45 mins
,Trade Support L2,2026-08-27T13:59:00,Open,,1 hr 0 mins
,Trade Support L2,2026-08-27T14:22:00,In progress,James Cole,15mins
INC0011458,Core Banking L3,2026-08-16T13:44:00,Open,,45 mins
,Core Banking L3,2026-08-16T13:54:00,In progress,Arjun Mehta,1hr 15 mins
,L1 Service Desk,2026-08-16T14:13:00,Open,,45 mins
,L1 Service Desk,2026-08-16T14:32:00,In progress,Emily Carter,45mins
,FI Team,2026-08-16T15:22:00,Open,,1hr 30 mins
,FI Team,2026-08-16T15:52:00,In progress,Kenji Watanabe,2hr 05 mins
,FI Team,2026-08-16T16:36:00,Hold,James Cole,45 mins
INC0011459,L1 Team,2026-07-26T02:06:00,Open,,2 hr 5 mins
,L1 Team,2026-07-26T02:19:00,In progress,Arjun Mehta,15 mins
,Payments L2 Support,2026-07-26T03:00:00,Open,,15 mins
,Payments L2 Support,2026-07-26T03:16:00,In progress,Mei Tan,17 mins
,ABAP Team,2026-07-26T04:03:00,Open,,1 hr 30 mins
,ABAP Team,2026-07-26T04:30:00,In progress,Daniel Cho,10 mins
,ABAP Team,2026-07-26T05:10:00,Hold,Daniel Cho,1 hr 0 mins
INC0011460,L1 Service Desk,2026-06-29T06:17:00,Open,,1 hr 15 mins
,L1 Service Desk,2026-06-29T06:44:00,In progress,Emily Carter,1 hr 30 mins
,Risk & Compliance Ops,2026-06-29T07:21:00,Open,,2 hr 5 mins
,Risk & Compliance Ops,2026-06-29T07:42:00,In progress,Priya Sharma,2 hr 13 mins
,Risk & Compliance Ops,2026-06-29T08:21:00,Closed,Sofia Rossi,
INC0011461,L1 Service Desk,2026-08-22T17:21:00,Open,,17mins
,L1 Service Desk,2026-08-22T17:32:00,In progress,Carlos Mendes,17mins
,MM Team,2026-08-22T18:18:00,Open,,10mins
,MM Team,2026-08-22T18:48:00,In progress,Daniel Cho,15mins
INC0011462,L1 Service Desk,2026-05-26T20:41:00,Open,,35 mins
,L1 Service Desk,2026-05-26T20:57:00,In progress,Carlos Mendes,10 mins
,L2 Team,2026-05-26T21:45:00,Open,,35mins
,L2 Team,2026-05-26T21:55:00,In progress,Nadia Rahman,10 mins
,Trade Support L2,2026-05-26T22:48:00,Open,,1 hr 30 mins
,Trade Support L2,2026-05-26T23:16:00,In progress,Fatima Al-Sayed,45 mins
INC0011463,L3 Team,2026-07-04T09:48:00,Open,,1 hr 30 mins
,L3 Team,2026-07-04T10:11:00,In progress,Noah Williams,45 mins
,Access Management Team,2026-07-04T10:56:00,Open,,45mins
,Access Management Team,2026-07-04T11:07:00,In progress,Chloe Martin,1 hr 30 mins
,Risk & Compliance Ops,2026-07-04T11:48:00,Open,,15mins
,Risk & Compliance Ops,2026-07-04T12:08:00,In progress,Maria Silva,15 mins
INC0011464,L3 Team,2026-05-23T07:58:00,Open,,45mins
,L3 Team,2026-05-23T08:27:00,In progress,Omar Siddiqui,35 mins
,L1 Service Desk,2026-05-23T08:57:00,Open,,15mins
,L1 Service Desk,2026-05-23T09:08:00,In progress,Chloe Martin,35mins
,ABAP Team,2026-05-23T09:32:00,Open,,10 mins
,ABAP Team,2026-05-23T09:53:00,In progress,Daniel Cho,45 mins
INC0011465,L2 Team,2026-06-24T05:58:00,Open,,1hr 15 mins
,L2 Team,2026-06-24T06:15:00,In progress,Chloe Martin,35 mins
,MM Team,2026-06-24T06:54:00,Open,,1hr 30 mins
,MM Team,2026-06-24T07:07:00,In progress,Fatima Al-Sayed,17 mins
INC0011466,L3 Team,2026-07-06T18:18:00,Open,,2 hr 13 mins
,L3 Team,2026-07-06T18:28:00,In progress,Noah Williams,45mins
,Payments L2 Support,2026-07-06T18:46:00,Open,,17 mins
,Payments L2 Support,2026-07-06T19:05:00,In progress,Arjun Mehta,2 hr 13 mins
,MM Team,2026-07-06T19:41:00,Open,,10mins
,MM Team,2026-07-06T19:52:00,In progress,Fatima Al-Sayed,2 hr 5 mins
INC0011467,L1 Service Desk,2026-08-21T03:48:00,Open,,35mins
,L1 Service Desk,2026-08-21T04:14:00,In progress,Chloe Martin,17 mins
,Core Banking L3,2026-08-21T04:53:00,Open,,15 mins
,Core Banking L3,2026-08-21T05:09:00,In progress,Arjun Mehta,35 mins
,MM Team,2026-08-21T05:39:00,Open,,2 hr 13 mins
,MM Team,2026-08-21T05:49:00,In progress,Fatima Al-Sayed,15 mins
,MM Team,2026-08-21T06:18:00,Hold,Fatima Al-Sayed,2hr 05 mins
INC0011468,L1 Team,2026-07-06T20:35:00,Open,,45 mins
,L1 Team,2026-07-06T20:59:00,In progress,Mei Tan,2 hr 5 mins
,MM Team,2026-07-06T21:40:00,Open,,45 mins
,MM Team,2026-07-06T22:02:00,In progress,Daniel Cho,2hr 05 mins
INC0011469,L1 Team,2026-07-28T18:25:00,Open,,1 hr 0 mins
,L1 Team,2026-07-28T18:39:00,In progress,Ethan Brooks,45mins
,Payments L2 Support,2026-07-28T19:19:00,Open,,10 mins
,Payments L2 Support,2026-07-28T19:34:00,In progress,Arjun Mehta,10 mins
,Risk & Compliance Ops,2026-07-28T20:03:00,Open,,45 mins
,Risk & Compliance Ops,2026-07-28T20:24:00,In progress,Kenji Watanabe,1hr 15 mins
,Risk & Compliance Ops,2026-07-28T20:45:00,Closed,Wei Zhang,
INC0011470,Core Banking L3,2026-05-28T04:21:00,Open,,1 hr 30 mins
,Core Banking L3,2026-05-28T04:32:00,In progress,Carlos Mendes,15mins
,SD Team,2026-05-28T05:27:00,Open,,1 hr 30 mins
,SD Team,2026-05-28T05:47:00,In progress,Priya Sharma,1hr 00 mins
INC0011471,Access Management Team,2026-08-22T22:01:00,Open,,35mins
,Access Management Team,2026-08-22T22:15:00,In progress,Mei Tan,45 mins
,FI Team,2026-08-22T23:01:00,Open,,10mins
,FI Team,2026-08-22T23:28:00,In progress,Kenji Watanabe,35 mins
,FI Team,2026-08-22T23:48:00,Hold,Sofia Rossi,17 mins
INC0011472,Access Management Team,2026-08-13T23:20:00,Open,,45 mins
,Access Management Team,2026-08-13T23:34:00,In progress,Noah Williams,17 mins
,Payments L2 Support,2026-08-14T00:33:00,Open,,1 hr 30 mins
,Payments L2 Support,2026-08-14T00:51:00,In progress,Chloe Martin,35mins
,SD Team,2026-08-14T01:10:00,Open,,1 hr 15 mins
,SD Team,2026-08-14T01:34:00,In progress,James Cole,45 mins
INC0011473,L1 Team,2026-06-11T12:52:00,Open,,1 hr 30 mins
,L1 Team,2026-06-11T13:06:00,In progress,Chloe Martin,2 hr 13 mins
,ABAP Team,2026-06-11T13:28:00,Open,,15mins
,ABAP Team,2026-06-11T13:45:00,In progress,Fatima Al-Sayed,1 hr 0 mins
,ABAP Team,2026-06-11T14:24:00,Closed,James Cole,
INC0011474,L1 Service Desk,2026-08-20T13:13:00,Open,,2 hr 5 mins
,L1 Service Desk,2026-08-20T13:26:00,In progress,Noah Williams,45 mins
,L1 Team,2026-08-20T14:23:00,Open,,2 hr 13 mins
,L1 Team,2026-08-20T14:37:00,In progress,Chloe Martin,1 hr 0 mins
,Risk & Compliance Ops,2026-08-20T15:27:00,Open,,35 mins
,Risk & Compliance Ops,2026-08-20T15:39:00,In progress,Priya Sharma,35 mins
,Risk & Compliance Ops,2026-08-20T15:59:00,Hold,Liam O'Connor,15 mins
INC0011475,L1 Team,2026-08-10T00:52:00,Open,,2 hr 13 mins
,L1 Team,2026-08-10T01:11:00,In progress,Noah Williams,45 mins
,Risk & Compliance Ops,2026-08-10T02:10:00,Open,,17 mins
,Risk & Compliance Ops,2026-08-10T02:40:00,In progress,James Cole,1 hr 15 mins
,Risk & Compliance Ops,2026-08-10T03:37:00,Closed,Priya Sharma,
INC0011476,L1 Service Desk,2026-07-17T06:34:00,Open,,45 mins
,L1 Service Desk,2026-07-17T06:44:00,In progress,Mei Tan,45 mins
,L1 Team,2026-07-17T07:23:00,Open,,1 hr 15 mins
,L1 Team,2026-07-17T07:42:00,In progress,Ethan Brooks,1 hr 15 mins
,Risk & Compliance Ops,2026-07-17T08:10:00,Open,,35 mins
,Risk & Compliance Ops,2026-07-17T08:28:00,In progress,Kenji Watanabe,1hr 00 mins
INC0011477,L2 Team,2026-06-20T13:10:00,Open,,45mins
,L2 Team,2026-06-20T13:35:00,In progress,Arjun Mehta,1 hr 15 mins
,Access Management Team,2026-06-20T14:07:00,Open,,10 mins
,Access Management Team,2026-06-20T14:23:00,In progress,Ethan Brooks,45 mins
,MM Team,2026-06-20T15:17:00,Open,,2 hr 5 mins
,MM Team,2026-06-20T15:41:00,In progress,Priya Sharma,2 hr 5 mins
,MM Team,2026-06-20T16:11:00,Hold,Fatima Al-Sayed,15mins
INC0011478,Core Banking L3,2026-08-24T18:12:00,Open,,15 mins
,Core Banking L3,2026-08-24T18:42:00,In progress,Carlos Mendes,15 mins
,Payments L2 Support,2026-08-24T19:21:00,Open,,10 mins
,Payments L2 Support,2026-08-24T19:36:00,In progress,Ethan Brooks,45 mins
,SD Team,2026-08-24T19:55:00,Open,,1 hr 30 mins
,SD Team,2026-08-24T20:16:00,In progress,Maria Silva,1 hr 0 mins
,SD Team,2026-08-24T20:36:00,Closed,Priya Sharma,
INC0011479,Payments L2 Support,2026-05-24T18:16:00,Open,,1 hr 0 mins
,Payments L2 Support,2026-05-24T18:36:00,In progress,Carlos Mendes,1 hr 0 mins
,Risk & Compliance Ops,2026-05-24T19:01:00,Open,,1 hr 0 mins
,Risk & Compliance Ops,2026-05-24T19:23:00,In progress,Priya Sharma,10 mins
INC0011480,Payments L2 Support,2026-08-21T11:56:00,Open,,2hr 05 mins
,Payments L2 Support,2026-08-21T12:23:00,In progress,Mei Tan,2hr 05 mins
,L1 Service Desk,2026-08-21T13:10:00,Open,,45mins
,L1 Service Desk,2026-08-21T13:22:00,In progress,Carlos Mendes,1 hr 0 mins
,MM Team,2026-08-21T13:38:00,Open,,1hr 15 mins
,MM Team,2026-08-21T13:48:00,In progress,James Cole,1hr 15 mins
,MM Team,2026-08-21T14:17:00,Closed,Maria Silva,
INC0011481,Payments L2 Support,2026-05-22T12:54:00,Open,,10 mins
,Payments L2 Support,2026-05-22T13:20:00,In progress,Emily Carter,15 mins
,L2 Team,2026-05-22T14:03:00,Open,,15mins
,L2 Team,2026-05-22T14:26:00,In progress,Arjun Mehta,10 mins
,FI Team,2026-05-22T15:20:00,Open,,15 mins
,FI Team,2026-05-22T15:39:00,In progress,Maria Silva,45 mins
INC0011482,L1 Service Desk,2026-08-10T02:49:00,Open,,35 mins
,L1 Service Desk,2026-08-10T03:15:00,In progress,Carlos Mendes,2 hr 13 mins
,L3 Team,2026-08-10T03:56:00,Open,,45 mins
,L3 Team,2026-08-10T04:11:00,In progress,Nadia Rahman,2 hr 5 mins
,FI Team,2026-08-10T04:56:00,Open,,10 mins
,FI Team,2026-08-10T05:13:00,In progress,Fatima Al-Sayed,10 mins
,FI Team,2026-08-10T05:47:00,Closed,Fatima Al-Sayed,
INC0011483,L1 Service Desk,2026-08-02T10:04:00,Open,,1hr 00 mins
,L1 Service Desk,2026-08-02T10:20:00,In progress,Omar Siddiqui,15mins
,Trade Support L2,2026-08-02T11:14:00,Open,,1 hr 15 mins
,Trade Support L2,2026-08-02T11:27:00,In progress,Aisha Khan,2hr 05 mins
INC0011484,L3 Team,2026-07-01T16:09:00,Open,,1 hr 15 mins
,L3 Team,2026-07-01T16:23:00,In progress,Nadia Rahman,1hr 30 mins
,Risk & Compliance Ops,2026-07-01T17:11:00,Open,,45mins
,Risk & Compliance Ops,2026-07-01T17:28:00,In progress,Fatima Al-Sayed,17 mins
INC0011485,Payments L2 Support,2026-06-10T20:58:00,Open,,15 mins
,Payments L2 Support,2026-06-10T21:10:00,In progress,Nadia Rahman,45mins
,L1 Service Desk,2026-06-10T21:37:00,Open,,15 mins
,L1 Service Desk,2026-06-10T22:06:00,In progress,Arjun Mehta,1 hr 0 mins
,Trade Support L2,2026-06-10T22:44:00,Open,,2 hr 13 mins
,Trade Support L2,2026-06-10T23:09:00,In progress,Aisha Khan,45 mins
INC0011486,L1 Team,2026-08-19T18:14:00,Open,,15 mins
,L1 Team,2026-08-19T18:28:00,In progress,Hannah Lee,10 mins
,Trade Support L2,2026-08-19T19:27:00,Open,,1 hr 30 mins
,Trade Support L2,2026-08-19T19:43:00,In progress,Sofia Rossi,45 mins
,Trade Support L2,2026-08-19T20:17:00,Closed,Daniel Cho,
INC0011487,L1 Team,2026-08-07T18:58:00,Open,,2 hr 13 mins
,L1 Team,2026-08-07T19:28:00,In progress,Ethan Brooks,10 mins
,Access Management Team,2026-08-07T20:21:00,Open,,35 mins
,Access Management Team,2026-08-07T20:35:00,In progress,Noah Williams,1hr 30 mins
,SD Team,2026-08-07T21:15:00,Open,,2 hr 5 mins
,SD Team,2026-08-07T21:36:00,In progress,Sofia Rossi,17mins
,SD Team,2026-08-07T22:32:00,Closed,Priya Sharma,
INC0011488,Payments L2 Support,2026-08-09T03:08:00,Open,,1 hr 0 mins
,Payments L2 Support,2026-08-09T03:18:00,In progress,Nadia Rahman,15 mins
,FI Team,2026-08-09T04:15:00,Open,,10 mins
,FI Team,2026-08-09T04:35:00,In progress,Kenji Watanabe,15 mins
,FI Team,2026-08-09T04:54:00,Closed,Fatima Al-Sayed,
INC0011489,Payments L2 Support,2026-06-01T02:40:00,Open,,45mins
,Payments L2 Support,2026-06-01T03:09:00,In progress,Emily Carter,17 mins
,SD Team,2026-06-01T03:38:00,Open,,2 hr 13 mins
,SD Team,2026-06-01T04:05:00,In progress,Daniel Cho,17mins
INC0011490,Core Banking L3,2026-08-26T09:16:00,Open,,2 hr 5 mins
,Core Banking L3,2026-08-26T09:43:00,In progress,Omar Siddiqui,1 hr 15 mins
,L1 Service Desk,2026-08-26T10:10:00,Open,,2 hr 13 mins
,L1 Service Desk,2026-08-26T10:22:00,In progress,Arjun Mehta,45mins
,Risk & Compliance Ops,2026-08-26T10:53:00,Open,,1 hr 15 mins
,Risk & Compliance Ops,2026-08-26T11:17:00,In progress,Liam O'Connor,2hr 13 mins
,Risk & Compliance Ops,2026-08-26T11:55:00,Hold,Maria Silva,15mins
INC0011491,L1 Team,2026-08-19T05:41:00,Open,,1 hr 30 mins
,L1 Team,2026-08-19T05:55:00,In progress,Nadia Rahman,35 mins
,Risk & Compliance Ops,2026-08-19T06:43:00,Open,,1hr 00 mins
,Risk & Compliance Ops,2026-08-19T06:56:00,In progress,Maria Silva,1 hr 0 mins
,Risk & Compliance Ops,2026-08-19T07:51:00,Closed,Aisha Khan,
INC0011492,L2 Team,2026-06-19T19:57:00,Open,,45 mins
,L2 Team,2026-06-19T20:27:00,In progress,Nadia Rahman,1 hr 0 mins
,MM Team,2026-06-19T20:54:00,Open,,2 hr 13 mins
,MM Team,2026-06-19T21:22:00,In progress,James Cole,1hr 00 mins
INC0011493,L1 Team,2026-08-20T12:12:00,Open,,35mins
,L1 Team,2026-08-20T12:24:00,In progress,Mei Tan,35mins
,L2 Team,2026-08-20T12:50:00,Open,,45 mins
,L2 Team,2026-08-20T13:17:00,In progress,Noah Williams,2hr 13 mins
,FI Team,2026-08-20T14:01:00,Open,,17 mins
,FI Team,2026-08-20T14:30:00,In progress,Fatima Al-Sayed,2hr 05 mins
,FI Team,2026-08-20T15:23:00,Closed,Sofia Rossi,
INC0011494,L3 Team,2026-07-01T06:10:00,Open,,2hr 05 mins
,L3 Team,2026-07-01T06:28:00,In progress,Mei Tan,45 mins
,FI Team,2026-07-01T07:23:00,Open,,1hr 30 mins
,FI Team,2026-07-01T07:49:00,In progress,James Cole,15 mins
INC0011495,L2 Team,2026-06-12T12:36:00,Open,,1hr 00 mins
,L2 Team,2026-06-12T12:46:00,In progress,Mei Tan,10 mins
,ABAP Team,2026-06-12T13:36:00,Open,,15 mins
,ABAP Team,2026-06-12T13:56:00,In progress,Sofia Rossi,2 hr 5 mins
INC0011496,Access Management Team,2026-06-15T10:37:00,Open,,1 hr 0 mins
,Access Management Team,2026-06-15T10:52:00,In progress,Chloe Martin,1hr 30 mins
,Trade Support L2,2026-06-15T11:46:00,Open,,45mins
,Trade Support L2,2026-06-15T11:59:00,In progress,Aisha Khan,10mins
INC0011497,L2 Team,2026-08-18T09:58:00,Open,,15 mins
,L2 Team,2026-08-18T10:13:00,In progress,Chloe Martin,1 hr 0 mins
,L1 Service Desk,2026-08-18T10:29:00,Open,,35 mins
,L1 Service Desk,2026-08-18T10:45:00,In progress,Hannah Lee,15mins
,FI Team,2026-08-18T11:00:00,Open,,45 mins
,FI Team,2026-08-18T11:29:00,In progress,Fatima Al-Sayed,2hr 05 mins
INC0011498,Core Banking L3,2026-08-24T07:07:00,Open,,2 hr 5 mins
,Core Banking L3,2026-08-24T07:36:00,In progress,Chloe Martin,2hr 05 mins
,MM Team,2026-08-24T08:13:00,Open,,2 hr 13 mins
,MM Team,2026-08-24T08:31:00,In progress,Maria Silva,45mins
INC0011499,L1 Team,2026-06-13T10:42:00,Open,,2 hr 13 mins
,L1 Team,2026-06-13T11:04:00,In progress,Ethan Brooks,10 mins
,MM Team,2026-06-13T12:04:00,Open,,17 mins
,MM Team,2026-06-13T12:26:00,In progress,Maria Silva,1 hr 0 mins
,MM Team,2026-06-13T12:47:00,Hold,Wei Zhang,45mins
INC0011500,L2 Team,2026-07-04T20:13:00,Open,,10 mins
,L2 Team,2026-07-04T20:40:00,In progress,Mei Tan,1 hr 0 mins
,FI Team,2026-07-04T20:57:00,Open,,1 hr 30 mins
,FI Team,2026-07-04T21:11:00,In progress,Fatima Al-Sayed,17mins
,FI Team,2026-07-04T21:42:00,Closed,Daniel Cho,
INC0011501,L2 Team,2026-08-25T12:09:00,Open,,10 mins
,L2 Team,2026-08-25T12:35:00,In progress,Emily Carter,17mins
,Access Management Team,2026-08-25T13:18:00,Open,,35mins
,Access Management Team,2026-08-25T13:41:00,In progress,Carlos Mendes,1hr 30 mins
,ABAP Team,2026-08-25T14:05:00,Open,,1 hr 15 mins
,ABAP Team,2026-08-25T14:15:00,In progress,James Cole,2hr 05 mins
INC0011502,L2 Team,2026-06-15T14:54:00,Open,,45mins
,L2 Team,2026-06-15T15:06:00,In progress,Nadia Rahman,1 hr 15 mins
,Payments L2 Support,2026-06-15T16:05:00,Open,,1 hr 0 mins
,Payments L2 Support,2026-06-15T16:35:00,In progress,Noah Williams,17mins
,MM Team,2026-06-15T17:10:00,Open,,15mins
,MM Team,2026-06-15T17:20:00,In progress,Priya Sharma,45 mins
INC0011503,Payments L2 Support,2026-07-31T04:00:00,Open,,1hr 30 mins
,Payments L2 Support,2026-07-31T04:14:00,In progress,Carlos Mendes,17 mins
,SD Team,2026-07-31T05:13:00,Open,,35 mins
,SD Team,2026-07-31T05:23:00,In progress,Maria Silva,17 mins
INC0011504,L1 Team,2026-08-27T15:17:00,Open,,2 hr 13 mins
,L1 Team,2026-08-27T15:34:00,In progress,Carlos Mendes,35mins
,L2 Team,2026-08-27T16:06:00,Open,,2 hr 13 mins
,L2 Team,2026-08-27T16:36:00,In progress,Ethan Brooks,45 mins
,Trade Support L2,2026-08-27T17:27:00,Open,,1 hr 0 mins
,Trade Support L2,2026-08-27T17:41:00,In progress,Daniel Cho,10mins
INC0011505,Core Banking L3,2026-08-24T17:30:00,Open,,15 mins
,Core Banking L3,2026-08-24T17:53:00,In progress,Mei Tan,1 hr 15 mins
,L1 Service Desk,2026-08-24T18:51:00,Open,,45 mins
,L1 Service Desk,2026-08-24T19:08:00,In progress,Chloe Martin,10 mins
,FI Team,2026-08-24T19:46:00,Open,,45 mins
,FI Team,2026-08-24T19:56:00,In progress,Kenji Watanabe,15 mins
INC0011506,Payments L2 Support,2026-06-21T04:17:00,Open,,10mins
,Payments L2 Support,2026-06-21T04:44:00,In progress,Omar Siddiqui,1 hr 30 mins
,L1 Service Desk,2026-06-21T05:05:00,Open,,45mins
,L1 Service Desk,2026-06-21T05:35:00,In progress,Nadia Rahman,1hr 00 mins
,ABAP Team,2026-06-21T05:59:00,Open,,1 hr 0 mins
,ABAP Team,2026-06-21T06:14:00,In progress,Daniel Cho,10mins
,ABAP Team,2026-06-21T06:37:00,Hold,Liam O'Connor,15 mins
INC0011507,L3 Team,2026-08-25T21:42:00,Open,,2 hr 13 mins
,L3 Team,2026-08-25T22:05:00,In progress,Chloe Martin,15mins
,ABAP Team,2026-08-25T22:32:00,Open,,17mins
,ABAP Team,2026-08-25T22:52:00,In progress,Sofia Rossi,17mins
INC0011508,L2 Team,2026-07-16T19:09:00,Open,,1 hr 30 mins
,L2 Team,2026-07-16T19:29:00,In progress,Mei Tan,35 mins
,Trade Support L2,2026-07-16T20:25:00,Open,,45 mins
,Trade Support L2,2026-07-16T20:46:00,In progress,Liam O'Connor,10mins
INC0011509,L1 Service Desk,2026-08-27T15:26:00,Open,,2 hr 13 mins
,L1 Service Desk,2026-08-27T15:55:00,In progress,Emily Carter,15 mins
,L2 Team,2026-08-27T16:31:00,Open,,17 mins
,L2 Team,2026-08-27T16:51:00,In progress,Chloe Martin,17 mins
,SD Team,2026-08-27T17:34:00,Open,,1 hr 30 mins
,SD Team,2026-08-27T17:49:00,In progress,Kenji Watanabe,10 mins
,SD Team,2026-08-27T18:09:00,Closed,Maria Silva,
INC0011510,L2 Team,2026-06-01T03:50:00,Open,,45 mins
,L2 Team,2026-06-01T04:17:00,In progress,Ethan Brooks,10mins
,ABAP Team,2026-06-01T05:09:00,Open,,1hr 30 mins
,ABAP Team,2026-06-01T05:21:00,In progress,Liam O'Connor,17 mins
INC0011511,L3 Team,2026-08-24T04:18:00,Open,,45mins
,L3 Team,2026-08-24T04:37:00,In progress,Omar Siddiqui,2 hr 5 mins
,Trade Support L2,2026-08-24T04:54:00,Open,,45mins
,Trade Support L2,2026-08-24T05:17:00,In progress,Maria Silva,45 mins
INC0011512,L1 Team,2026-06-24T15:37:00,Open,,35 mins
,L1 Team,2026-06-24T16:05:00,In progress,Carlos Mendes,10mins
,Trade Support L2,2026-06-24T16:39:00,Open,,1hr 15 mins
,Trade Support L2,2026-06-24T16:53:00,In progress,Maria Silva,45 mins
,Trade Support L2,2026-06-24T17:51:00,Closed,James Cole,
INC0011513,L1 Team,2026-08-21T11:01:00,Open,,45mins
,L1 Team,2026-08-21T11:29:00,In progress,Arjun Mehta,15 mins
,Payments L2 Support,2026-08-21T12:26:00,Open,,17 mins
,Payments L2 Support,2026-08-21T12:39:00,In progress,Nadia Rahman,1 hr 0 mins
,Risk & Compliance Ops,2026-08-21T13:27:00,Open,,1 hr 0 mins
,Risk & Compliance Ops,2026-08-21T13:37:00,In progress,Daniel Cho,35 mins
,Risk & Compliance Ops,2026-08-21T14:21:00,Hold,Kenji Watanabe,2 hr 13 mins
INC0011514,Core Banking L3,2026-07-05T05:25:00,Open,,2 hr 13 mins
,Core Banking L3,2026-07-05T05:51:00,In progress,Nadia Rahman,10mins
,Risk & Compliance Ops,2026-07-05T06:37:00,Open,,15mins
,Risk & Compliance Ops,2026-07-05T06:50:00,In progress,Aisha Khan,2 hr 5 mins
INC0011515,Payments L2 Support,2026-08-02T19:55:00,Open,,1 hr 15 mins
,Payments L2 Support,2026-08-02T20:25:00,In progress,Hannah Lee,1 hr 0 mins
,Access Management Team,2026-08-02T20:54:00,Open,,35mins
,Access Management Team,2026-08-02T21:19:00,In progress,Ethan Brooks,1 hr 30 mins
,FI Team,2026-08-02T21:56:00,Open,,17mins
,FI Team,2026-08-02T22:17:00,In progress,Fatima Al-Sayed,2 hr 5 mins
,FI Team,2026-08-02T22:57:00,Closed,Priya Sharma,
INC0011516,Access Management Team,2026-05-14T06:19:00,Open,,1hr 15 mins
,Access Management Team,2026-05-14T06:36:00,In progress,Omar Siddiqui,2 hr 5 mins
,L2 Team,2026-05-14T07:32:00,Open,,10 mins
,L2 Team,2026-05-14T07:49:00,In progress,Carlos Mendes,2 hr 5 mins
,Risk & Compliance Ops,2026-05-14T08:43:00,Open,,2hr 13 mins
,Risk & Compliance Ops,2026-05-14T09:01:00,In progress,Sofia Rossi,1 hr 15 mins
,Risk & Compliance Ops,2026-05-14T09:57:00,Closed,Liam O'Connor,
INC0011517,L1 Team,2026-08-14T23:56:00,Open,,1 hr 0 mins
,L1 Team,2026-08-15T00:11:00,In progress,Noah Williams,1 hr 0 mins
,Access Management Team,2026-08-15T00:47:00,Open,,45mins
,Access Management Team,2026-08-15T01:04:00,In progress,Ethan Brooks,45mins
,MM Team,2026-08-15T01:25:00,Open,,10mins
,MM Team,2026-08-15T01:43:00,In progress,Aisha Khan,45mins
,MM Team,2026-08-15T02:39:00,Hold,Daniel Cho,35mins
INC0011518,Core Banking L3,2026-08-24T23:25:00,Open,,2 hr 5 mins
,Core Banking L3,2026-08-24T23:36:00,In progress,Chloe Martin,45mins
,Access Management Team,2026-08-25T00:11:00,Open,,1 hr 15 mins
,Access Management Team,2026-08-25T00:28:00,In progress,Ethan Brooks,45 mins
,Trade Support L2,2026-08-25T01:25:00,Open,,1 hr 30 mins
,Trade Support L2,2026-08-25T01:47:00,In progress,Maria Silva,1hr 30 mins
,Trade Support L2,2026-08-25T02:15:00,Closed,Liam O'Connor,
INC0011519,Access Management Team,2026-06-05T03:30:00,Open,,10 mins
,Access Management Team,2026-06-05T04:00:00,In progress,Ethan Brooks,1hr 15 mins
,Core Banking L3,2026-06-05T04:21:00,Open,,2 hr 13 mins
,Core Banking L3,2026-06-05T04:37:00,In progress,Arjun Mehta,2 hr 13 mins
,FI Team,2026-06-05T04:52:00,Open,,1 hr 30 mins
,FI Team,2026-06-05T05:14:00,In progress,Fatima Al-Sayed,17 mins
INC0011520,Core Banking L3,2026-08-27T02:39:00,Open,,1hr 30 mins
,Core Banking L3,2026-08-27T02:58:00,In progress,Carlos Mendes,35 mins
,Trade Support L2,2026-08-27T03:50:00,Open,,45 mins
,Trade Support L2,2026-08-27T04:17:00,In progress,Sofia Rossi,2 hr 13 mins
,Trade Support L2,2026-08-27T04:43:00,Hold,Aisha Khan,15 mins
INC0011521,L2 Team,2026-08-02T21:37:00,Open,,35 mins
,L2 Team,2026-08-02T21:57:00,In progress,Carlos Mendes,2hr 05 mins
,Access Management Team,2026-08-02T22:21:00,Open,,45mins
,Access Management Team,2026-08-02T22:32:00,In progress,Mei Tan,17 mins
,MM Team,2026-08-02T23:04:00,Open,,15 mins
,MM Team,2026-08-02T23:27:00,In progress,Fatima Al-Sayed,45 mins
INC0011522,Core Banking L3,2026-08-07T06:24:00,Open,,45 mins
,Core Banking L3,2026-08-07T06:45:00,In progress,Chloe Martin,10 mins
,SD Team,2026-08-07T07:02:00,Open,,15 mins
,SD Team,2026-08-07T07:20:00,In progress,Wei Zhang,1hr 00 mins
INC0011523,Payments L2 Support,2026-07-29T21:27:00,Open,,1 hr 0 mins
,Payments L2 Support,2026-07-29T21:42:00,In progress,Hannah Lee,2 hr 5 mins
,L3 Team,2026-07-29T22:39:00,Open,,2 hr 5 mins
,L3 Team,2026-07-29T23:09:00,In progress,Hannah Lee,2 hr 13 mins
,MM Team,2026-07-29T23:24:00,Open,,45 mins
,MM Team,2026-07-29T23:48:00,In progress,Kenji Watanabe,15 mins
,MM Team,2026-07-30T00:13:00,Closed,Wei Zhang,
INC0011524,Core Banking L3,2026-08-27T02:17:00,Open,,2 hr 13 mins
,Core Banking L3,2026-08-27T02:38:00,In progress,Hannah Lee,1 hr 0 mins
,Trade Support L2,2026-08-27T03:37:00,Open,,2 hr 13 mins
,Trade Support L2,2026-08-27T03:55:00,In progress,Sofia Rossi,45 mins
INC0011525,L1 Team,2026-08-26T10:01:00,Open,,35mins
,L1 Team,2026-08-26T10:21:00,In progress,Omar Siddiqui,10 mins
,L2 Team,2026-08-26T11:07:00,Open,,1 hr 15 mins
,L2 Team,2026-08-26T11:36:00,In progress,Carlos Mendes,35 mins
,MM Team,2026-08-26T12:32:00,Open,,1 hr 0 mins
,MM Team,2026-08-26T13:00:00,In progress,Priya Sharma,45mins
INC0011526,L1 Team,2026-06-30T10:14:00,Open,,17mins
,L1 Team,2026-06-30T10:31:00,In progress,Omar Siddiqui,2 hr 13 mins
,Risk & Compliance Ops,2026-06-30T11:13:00,Open,,2 hr 5 mins
,Risk & Compliance Ops,2026-06-30T11:28:00,In progress,Wei Zhang,17 mins
,Risk & Compliance Ops,2026-06-30T12:19:00,Closed,Maria Silva,
INC0011527,Core Banking L3,2026-08-08T11:30:00,Open,,15 mins
,Core Banking L3,2026-08-08T11:59:00,In progress,Mei Tan,2hr 13 mins
,L1 Team,2026-08-08T12:15:00,Open,,15 mins
,L1 Team,2026-08-08T12:28:00,In progress,Mei Tan,10 mins
,MM Team,2026-08-08T13:20:00,Open,,45 mins
,MM Team,2026-08-08T13:49:00,In progress,Priya Sharma,1hr 15 mins
,MM Team,2026-08-08T14:42:00,Closed,Maria Silva,
INC0011528,L1 Service Desk,2026-08-05T23:39:00,Open,,15mins
,L1 Service Desk,2026-08-06T00:09:00,In progress,Arjun Mehta,35mins
,FI Team,2026-08-06T00:38:00,Open,,2 hr 13 mins
,FI Team,2026-08-06T01:07:00,In progress,Wei Zhang,2hr 05 mins
,FI Team,2026-08-06T02:03:00,Hold,Fatima Al-Sayed,17 mins
INC0011529,L2 Team,2026-07-17T14:57:00,Open,,15 mins
,L2 Team,2026-07-17T15:12:00,In progress,Omar Siddiqui,10 mins
,L1 Team,2026-07-17T16:02:00,Open,,17 mins
,L1 Team,2026-07-17T16:28:00,In progress,Nadia Rahman,2hr 13 mins
,MM Team,2026-07-17T17:11:00,Open,,17 mins
,MM Team,2026-07-17T17:22:00,In progress,Fatima Al-Sayed,2 hr 5 mins
,MM Team,2026-07-17T17:57:00,Closed,Fatima Al-Sayed,
INC0011530,Access Management Team,2026-08-25T10:06:00,Open,,17 mins
,Access Management Team,2026-08-25T10:28:00,In progress,Nadia Rahman,17 mins
,L2 Team,2026-08-25T11:27:00,Open,,2 hr 13 mins
,L2 Team,2026-08-25T11:37:00,In progress,Emily Carter,17 mins
,Risk & Compliance Ops,2026-08-25T12:28:00,Open,,45 mins
,Risk & Compliance Ops,2026-08-25T12:51:00,In progress,Kenji Watanabe,1 hr 30 mins
,Risk & Compliance Ops,2026-08-25T13:26:00,Hold,Wei Zhang,45 mins
INC0011531,Access Management Team,2026-08-18T01:10:00,Open,,1 hr 0 mins
,Access Management Team,2026-08-18T01:20:00,In progress,Hannah Lee,1 hr 15 mins
,Risk & Compliance Ops,2026-08-18T02:19:00,Open,,45 mins
,Risk & Compliance Ops,2026-08-18T02:40:00,In progress,Maria Silva,35 mins
,Risk & Compliance Ops,2026-08-18T03:30:00,Hold,Maria Silva,45 mins
INC0011532,L1 Team,2026-08-10T21:16:00,Open,,2hr 05 mins
,L1 Team,2026-08-10T21:39:00,In progress,Hannah Lee,1hr 15 mins
,L1 Service Desk,2026-08-10T22:23:00,Open,,10 mins
,L1 Service Desk,2026-08-10T22:35:00,In progress,Noah Williams,2 hr 5 mins
,ABAP Team,2026-08-10T23:22:00,Open,,17mins
,ABAP Team,2026-08-10T23:41:00,In progress,Fatima Al-Sayed,1 hr 30 mins
,ABAP Team,2026-08-11T00:34:00,Hold,Fatima Al-Sayed,17 mins
INC0011533,L3 Team,2026-08-27T15:06:00,Open,,10 mins
,L3 Team,2026-08-27T15:26:00,In progress,Nadia Rahman,1 hr 15 mins
,L1 Team,2026-08-27T16:22:00,Open,,1hr 30 mins
,L1 Team,2026-08-27T16:33:00,In progress,Hannah Lee,1 hr 0 mins
,MM Team,2026-08-27T17:33:00,Open,,1 hr 30 mins
,MM Team,2026-08-27T17:49:00,In progress,Fatima Al-Sayed,2hr 13 mins
INC0011534,L1 Service Desk,2026-05-09T12:37:00,Open,,2 hr 13 mins
,L1 Service Desk,2026-05-09T12:51:00,In progress,Mei Tan,35 mins
,Payments L2 Support,2026-05-09T13:17:00,Open,,45 mins
,Payments L2 Support,2026-05-09T13:44:00,In progress,Nadia Rahman,45mins
,SD Team,2026-05-09T14:42:00,Open,,1 hr 0 mins
,SD Team,2026-05-09T14:54:00,In progress,Fatima Al-Sayed,2 hr 5 mins
INC0011535,Payments L2 Support,2026-08-24T13:06:00,Open,,1 hr 15 mins
,Payments L2 Support,2026-08-24T13:19:00,In progress,Mei Tan,2hr 13 mins
,L1 Team,2026-08-24T14:05:00,Open,,15 mins
,L1 Team,2026-08-24T14:20:00,In progress,Chloe Martin,1 hr 15 mins
,Risk & Compliance Ops,2026-08-24T14:41:00,Open,,10 mins
,Risk & Compliance Ops,2026-08-24T15:00:00,In progress,Priya Sharma,45 mins
,Risk & Compliance Ops,2026-08-24T15:29:00,Closed,Kenji Watanabe,
INC0011536,Core Banking L3,2026-08-20T12:44:00,Open,,1hr 00 mins
,Core Banking L3,2026-08-20T12:58:00,In progress,Carlos Mendes,1 hr 0 mins
,L1 Service Desk,2026-08-20T13:55:00,Open,,10 mins
,L1 Service Desk,2026-08-20T14:07:00,In progress,Emily Carter,10mins
,Risk & Compliance Ops,2026-08-20T14:22:00,Open,,1 hr 15 mins
,Risk & Compliance Ops,2026-08-20T14:35:00,In progress,Kenji Watanabe,45 mins
INC0011537,L3 Team,2026-08-22T22:59:00,Open,,17 mins
,L3 Team,2026-08-22T23:18:00,In progress,Mei Tan,1 hr 15 mins
,ABAP Team,2026-08-23T00:16:00,Open,,2 hr 13 mins
,ABAP Team,2026-08-23T00:45:00,In progress,Priya Sharma,15 mins
,ABAP Team,2026-08-23T01:43:00,Closed,Priya Sharma,
INC0011538,Payments L2 Support,2026-06-29T04:42:00,Open,,45mins
,Payments L2 Support,2026-06-29T05:06:00,In progress,Omar Siddiqui,2 hr 13 mins
,Access Management Team,2026-06-29T05:59:00,Open,,1hr 00 mins
,Access Management Team,2026-06-29T06:28:00,In progress,Ethan Brooks,45 mins
,MM Team,2026-06-29T06:53:00,Open,,1 hr 0 mins
,MM Team,2026-06-29T07:22:00,In progress,Liam O'Connor,2 hr 13 mins
INC0011539,L3 Team,2026-08-25T22:56:00,Open,,1hr 00 mins
,L3 Team,2026-08-25T23:09:00,In progress,Carlos Mendes,1hr 15 mins
,ABAP Team,2026-08-25T23:26:00,Open,,2hr 13 mins
,ABAP Team,2026-08-25T23:38:00,In progress,Aisha Khan,35 mins
,ABAP Team,2026-08-26T00:32:00,Closed,Aisha Khan,
INC0011540,Access Management Team,2026-08-01T06:18:00,Open,,2 hr 5 mins
,Access Management Team,2026-08-01T06:47:00,In progress,Mei Tan,15mins
,L1 Service Desk,2026-08-01T07:45:00,Open,,1 hr 0 mins
,L1 Service Desk,2026-08-01T08:11:00,In progress,Ethan Brooks,15 mins
,Trade Support L2,2026-08-01T08:45:00,Open,,10 mins
,Trade Support L2,2026-08-01T09:11:00,In progress,Liam O'Connor,2 hr 5 mins
,Trade Support L2,2026-08-01T09:51:00,Hold,Daniel Cho,1 hr 30 mins
INC0011541,Payments L2 Support,2026-05-12T04:44:00,Open,,1 hr 30 mins
,Payments L2 Support,2026-05-12T05:00:00,In progress,Hannah Lee,1hr 30 mins
,Access Management Team,2026-05-12T05:25:00,Open,,45mins
,Access Management Team,2026-05-12T05:36:00,In progress,Chloe Martin,45 mins
,ABAP Team,2026-05-12T06:12:00,Open,,2 hr 5 mins
,ABAP Team,2026-05-12T06:39:00,In progress,Kenji Watanabe,35 mins
INC0011542,Access Management Team,2026-08-03T05:33:00,Open,,17 mins
,Access Management Team,2026-08-03T06:01:00,In progress,Emily Carter,15 mins
,L2 Team,2026-08-03T06:21:00,Open,,10mins
,L2 Team,2026-08-03T06:47:00,In progress,Hannah Lee,15mins
,SD Team,2026-08-03T07:18:00,Open,,1 hr 0 mins
,SD Team,2026-08-03T07:47:00,In progress,Priya Sharma,45mins
INC0011543,L1 Team,2026-08-08T06:54:00,Open,,45mins
,L1 Team,2026-08-08T07:17:00,In progress,Hannah Lee,2 hr 13 mins
,FI Team,2026-08-08T07:35:00,Open,,1 hr 15 mins
,FI Team,2026-08-08T07:51:00,In progress,Liam O'Connor,1 hr 30 mins
,FI Team,2026-08-08T08:08:00,Closed,Wei Zhang,
INC0011544,L3 Team,2026-06-14T06:03:00,Open,,2hr 05 mins
,L3 Team,2026-06-14T06:17:00,In progress,Arjun Mehta,45 mins
,L2 Team,2026-06-14T06:50:00,Open,,1 hr 30 mins
,L2 Team,2026-06-14T07:18:00,In progress,Ethan Brooks,1 hr 15 mins
,SD Team,2026-06-14T07:39:00,Open,,17 mins
,SD Team,2026-06-14T07:58:00,In progress,Kenji Watanabe,2hr 13 mins
,SD Team,2026-06-14T08:51:00,Closed,Liam O'Connor,
INC0011545,L1 Service Desk,2026-08-26T00:00:00,Open,,17mins
,L1 Service Desk,2026-08-26T00:17:00,In progress,Emily Carter,1 hr 15 mins
,L1 Team,2026-08-26T01:07:00,Open,,45mins
,L1 Team,2026-08-26T01:32:00,In progress,Nadia Rahman,15 mins
,SD Team,2026-08-26T02:14:00,Open,,17 mins
,SD Team,2026-08-26T02:34:00,In progress,Daniel Cho,10 mins
INC0011546,Payments L2 Support,2026-05-11T03:31:00,Open,,1hr 00 mins
,Payments L2 Support,2026-05-11T03:54:00,In progress,Mei Tan,1 hr 30 mins
,FI Team,2026-05-11T04:48:00,Open,,1 hr 30 mins
,FI Team,2026-05-11T05:12:00,In progress,Maria Silva,45 mins
INC0011547,Payments L2 Support,2026-08-19T14:04:00,Open,,45 mins
,Payments L2 Support,2026-08-19T14:21:00,In progress,Noah Williams,2 hr 5 mins
,L3 Team,2026-08-19T15:13:00,Open,,35 mins
,L3 Team,2026-08-19T15:23:00,In progress,Chloe Martin,17mins
,MM Team,2026-08-19T16:07:00,Open,,15mins
,MM Team,2026-08-19T16:35:00,In progress,Aisha Khan,45 mins
INC0011548,L1 Team,2026-08-25T15:17:00,Open,,45mins
,L1 Team,2026-08-25T15:36:00,In progress,Chloe Martin,2 hr 5 mins
,FI Team,2026-08-25T16:18:00,Open,,2hr 13 mins
,FI Team,2026-08-25T16:41:00,In progress,James Cole,15 mins
,FI Team,2026-08-25T17:22:00,Closed,Daniel Cho,
INC0011549,Core Banking L3,2026-08-02T21:56:00,Open,,35 mins
,Core Banking L3,2026-08-02T22:20:00,In progress,Emily Carter,1hr 00 mins
,FI Team,2026-08-02T23:14:00,Open,,10 mins
,FI Team,2026-08-02T23:31:00,In progress,James Cole,1 hr 0 mins
INC0011550,L1 Service Desk,2026-08-24T21:53:00,Open,,45 mins
,L1 Service Desk,2026-08-24T22:10:00,In progress,Mei Tan,1 hr 15 mins
,Trade Support L2,2026-08-24T22:36:00,Open,,2 hr 13 mins
,Trade Support L2,2026-08-24T23:01:00,In progress,James Cole,1hr 30 mins
,Trade Support L2,2026-08-24T23:56:00,Closed,Wei Zhang,
INC0011551,L1 Service Desk,2026-08-24T09:05:00,Open,,35 mins
,L1 Service Desk,2026-08-24T09:18:00,In progress,Noah Williams,2 hr 13 mins
,L3 Team,2026-08-24T09:46:00,Open,,1 hr 30 mins
,L3 Team,2026-08-24T09:56:00,In progress,Chloe Martin,1 hr 30 mins
,MM Team,2026-08-24T10:46:00,Open,,1 hr 30 mins
,MM Team,2026-08-24T11:08:00,In progress,James Cole,45mins
,MM Team,2026-08-24T11:42:00,Closed,James Cole,
INC0011552,Payments L2 Support,2026-07-18T22:56:00,Open,,35 mins
,Payments L2 Support,2026-07-18T23:19:00,In progress,Carlos Mendes,15mins
,L1 Service Desk,2026-07-18T23:35:00,Open,,17mins
,L1 Service Desk,2026-07-19T00:02:00,In progress,Noah Williams,45 mins
,MM Team,2026-07-19T00:21:00,Open,,2 hr 13 mins
,MM Team,2026-07-19T00:48:00,In progress,Kenji Watanabe,1 hr 0 mins
,MM Team,2026-07-19T01:05:00,Closed,Sofia Rossi,
INC0011553,L1 Service Desk,2026-06-02T00:10:00,Open,,2 hr 5 mins
,L1 Service Desk,2026-06-02T00:29:00,In progress,Mei Tan,1 hr 30 mins
,Payments L2 Support,2026-06-02T01:28:00,Open,,1hr 30 mins
,Payments L2 Support,2026-06-02T01:52:00,In progress,Hannah Lee,17 mins
,Trade Support L2,2026-06-02T02:22:00,Open,,35mins
,Trade Support L2,2026-06-02T02:37:00,In progress,Fatima Al-Sayed,1 hr 30 mins
INC0011554,Access Management Team,2026-06-01T17:34:00,Open,,17 mins
,Access Management Team,2026-06-01T17:49:00,In progress,Arjun Mehta,35 mins
,Trade Support L2,2026-06-01T18:28:00,Open,,45 mins
,Trade Support L2,2026-06-01T18:52:00,In progress,Daniel Cho,1hr 30 mins
,Trade Support L2,2026-06-01T19:15:00,Hold,Sofia Rossi,1 hr 30 mins
INC0011555,L2 Team,2026-06-12T09:13:00,Open,,1hr 30 mins
,L2 Team,2026-06-12T09:35:00,In progress,Arjun Mehta,35 mins
,L1 Service Desk,2026-06-12T09:50:00,Open,,1hr 30 mins
,L1 Service Desk,2026-06-12T10:14:00,In progress,Ethan Brooks,35 mins
,FI Team,2026-06-12T10:57:00,Open,,10 mins
,FI Team,2026-06-12T11:12:00,In progress,Kenji Watanabe,35 mins
,FI Team,2026-06-12T11:44:00,Closed,Kenji Watanabe,
INC0011556,L1 Service Desk,2026-07-18T21:01:00,Open,,1 hr 0 mins
,L1 Service Desk,2026-07-18T21:17:00,In progress,Noah Williams,1hr 15 mins
,L2 Team,2026-07-18T22:13:00,Open,,10 mins
,L2 Team,2026-07-18T22:31:00,In progress,Omar Siddiqui,1hr 30 mins
,SD Team,2026-07-18T23:31:00,Open,,35 mins
,SD Team,2026-07-18T23:45:00,In progress,Maria Silva,35mins
,SD Team,2026-07-19T00:40:00,Hold,Wei Zhang,17mins
INC0011557,L1 Team,2026-07-24T20:55:00,Open,,17 mins
,L1 Team,2026-07-24T21:06:00,In progress,Nadia Rahman,45 mins
,L3 Team,2026-07-24T21:42:00,Open,,45 mins
,L3 Team,2026-07-24T22:08:00,In progress,Carlos Mendes,2hr 05 mins
,Trade Support L2,2026-07-24T22:52:00,Open,,45 mins
,Trade Support L2,2026-07-24T23:05:00,In progress,Kenji Watanabe,1 hr 15 mins
,Trade Support L2,2026-07-24T23:54:00,Hold,James Cole,45mins
INC0011558,L1 Service Desk,2026-07-17T15:54:00,Open,,35mins
,L1 Service Desk,2026-07-17T16:16:00,In progress,Hannah Lee,1 hr 0 mins
,Core Banking L3,2026-07-17T16:31:00,Open,,45 mins
,Core Banking L3,2026-07-17T16:57:00,In progress,Carlos Mendes,2hr 13 mins
,MM Team,2026-07-17T17:43:00,Open,,35 mins
,MM Team,2026-07-17T17:58:00,In progress,Fatima Al-Sayed,15mins
,MM Team,2026-07-17T18:23:00,Closed,Liam O'Connor,
INC0011559,L3 Team,2026-06-05T06:16:00,Open,,1 hr 15 mins
,L3 Team,2026-06-05T06:26:00,In progress,Chloe Martin,17 mins
,Payments L2 Support,2026-06-05T07:24:00,Open,,2hr 05 mins
,Payments L2 Support,2026-06-05T07:44:00,In progress,Hannah Lee,17 mins
,MM Team,2026-06-05T08:16:00,Open,,1 hr 0 mins
,MM Team,2026-06-05T08:46:00,In progress,Daniel Cho,2hr 05 mins
INC0011560,L1 Team,2026-06-21T09:00:00,Open,,10 mins
,L1 Team,2026-06-21T09:17:00,In progress,Arjun Mehta,15 mins
,FI Team,2026-06-21T10:04:00,Open,,1 hr 0 mins
,FI Team,2026-06-21T10:31:00,In progress,Aisha Khan,35 mins
INC0011561,L3 Team,2026-08-25T20:29:00,Open,,15 mins
,L3 Team,2026-08-25T20:56:00,In progress,Arjun Mehta,15 mins
,Risk & Compliance Ops,2026-08-25T21:24:00,Open,,45 mins
,Risk & Compliance Ops,2026-08-25T21:44:00,In progress,Maria Silva,10 mins
INC0011562,L1 Service Desk,2026-06-04T03:13:00,Open,,1 hr 15 mins
,L1 Service Desk,2026-06-04T03:33:00,In progress,Omar Siddiqui,45mins
,L2 Team,2026-06-04T04:15:00,Open,,2 hr 13 mins
,L2 Team,2026-06-04T04:36:00,In progress,Chloe Martin,2 hr 5 mins
,Risk & Compliance Ops,2026-06-04T05:09:00,Open,,1hr 15 mins
,Risk & Compliance Ops,2026-06-04T05:37:00,In progress,Priya Sharma,2hr 05 mins
INC0011563,L3 Team,2026-07-30T20:50:00,Open,,2 hr 13 mins
,L3 Team,2026-07-30T21:20:00,In progress,Omar Siddiqui,17mins
,SD Team,2026-07-30T22:20:00,Open,,1 hr 15 mins
,SD Team,2026-07-30T22:39:00,In progress,Maria Silva,45 mins
,SD Team,2026-07-30T23:29:00,Hold,Maria Silva,45 mins
INC0011564,Core Banking L3,2026-07-31T11:23:00,Open,,45 mins
,Core Banking L3,2026-07-31T11:34:00,In progress,Ethan Brooks,2 hr 13 mins
,Trade Support L2,2026-07-31T11:59:00,Open,,15 mins
,Trade Support L2,2026-07-31T12:29:00,In progress,Sofia Rossi,15 mins
,Trade Support L2,2026-07-31T13:23:00,Closed,Wei Zhang,
INC0011565,Access Management Team,2026-06-26T16:27:00,Open,,45mins
,Access Management Team,2026-06-26T16:46:00,In progress,Hannah Lee,17 mins
,L3 Team,2026-06-26T17:14:00,Open,,10mins
,L3 Team,2026-06-26T17:28:00,In progress,Chloe Martin,2hr 13 mins
,MM Team,2026-06-26T18:22:00,Open,,1 hr 15 mins
,MM Team,2026-06-26T18:32:00,In progress,Daniel Cho,1 hr 30 mins
,MM Team,2026-06-26T19:06:00,Closed,Aisha Khan,
INC0011566,L2 Team,2026-07-23T15:11:00,Open,,15 mins
,L2 Team,2026-07-23T15:30:00,In progress,Carlos Mendes,10mins
,Trade Support L2,2026-07-23T16:29:00,Open,,35 mins
,Trade Support L2,2026-07-23T16:46:00,In progress,Wei Zhang,10mins
INC0011567,L2 Team,2026-06-27T06:38:00,Open,,15mins
,L2 Team,2026-06-27T06:49:00,In progress,Noah Williams,45 mins
,Trade Support L2,2026-06-27T07:40:00,Open,,2 hr 5 mins
,Trade Support L2,2026-06-27T07:50:00,In progress,Liam O'Connor,1 hr 15 mins
INC0011568,L2 Team,2026-08-27T00:22:00,Open,,35 mins
,L2 Team,2026-08-27T00:42:00,In progress,Arjun Mehta,15mins
,Trade Support L2,2026-08-27T01:35:00,Open,,15 mins
,Trade Support L2,2026-08-27T01:54:00,In progress,Aisha Khan,45mins
INC0011569,L1 Team,2026-06-21T06:37:00,Open,,2 hr 5 mins
,L1 Team,2026-06-21T07:06:00,In progress,Nadia Rahman,1hr 15 mins
,L2 Team,2026-06-21T07:55:00,Open,,1 hr 0 mins
,L2 Team,2026-06-21T08:10:00,In progress,Hannah Lee,17 mins
,FI Team,2026-06-21T08:32:00,Open,,17mins
,FI Team,2026-06-21T08:44:00,In progress,Aisha Khan,1 hr 30 mins
INC0011570,L1 Team,2026-08-01T18:30:00,Open,,2hr 05 mins
,L1 Team,2026-08-01T18:57:00,In progress,Carlos Mendes,2 hr 5 mins
,SD Team,2026-08-01T19:50:00,Open,,1 hr 30 mins
,SD Team,2026-08-01T20:16:00,In progress,James Cole,2hr 05 mins
INC0011571,Access Management Team,2026-07-19T05:56:00,Open,,35 mins
,Access Management Team,2026-07-19T06:24:00,In progress,Emily Carter,2 hr 5 mins
,L3 Team,2026-07-19T06:41:00,Open,,1 hr 30 mins
,L3 Team,2026-07-19T06:53:00,In progress,Carlos Mendes,45 mins
,FI Team,2026-07-19T07:43:00,Open,,35 mins
,FI Team,2026-07-19T08:07:00,In progress,Wei Zhang,35 mins
,FI Team,2026-07-19T09:02:00,Closed,Kenji Watanabe,
INC0011572,L3 Team,2026-06-26T16:04:00,Open,,15 mins
,L3 Team,2026-06-26T16:16:00,In progress,Emily Carter,2 hr 13 mins
,Trade Support L2,2026-06-26T17:15:00,Open,,2 hr 5 mins
,Trade Support L2,2026-06-26T17:44:00,In progress,James Cole,1hr 30 mins
,Trade Support L2,2026-06-26T18:17:00,Hold,Priya Sharma,45 mins
INC0011573,Core Banking L3,2026-08-23T05:25:00,Open,,17 mins
,Core Banking L3,2026-08-23T05:42:00,In progress,Carlos Mendes,2hr 05 mins
,FI Team,2026-08-23T06:24:00,Open,,1 hr 15 mins
,FI Team,2026-08-23T06:42:00,In progress,Daniel Cho,1hr 15 mins
INC0011574,Access Management Team,2026-07-26T05:03:00,Open,,1hr 15 mins
,Access Management Team,2026-07-26T05:24:00,In progress,Noah Williams,45mins
,Trade Support L2,2026-07-26T06:20:00,Open,,35 mins
,Trade Support L2,2026-07-26T06:42:00,In progress,Aisha Khan,15 mins
INC0011575,Core Banking L3,2026-06-21T12:04:00,Open,,2 hr 13 mins
,Core Banking L3,2026-06-21T12:16:00,In progress,Emily Carter,2 hr 13 mins
,MM Team,2026-06-21T12:34:00,Open,,1 hr 15 mins
,MM Team,2026-06-21T12:50:00,In progress,Fatima Al-Sayed,2hr 05 mins
INC0011576,L1 Service Desk,2026-08-21T20:33:00,Open,,1 hr 15 mins
,L1 Service Desk,2026-08-21T20:43:00,In progress,Hannah Lee,1 hr 0 mins
,MM Team,2026-08-21T21:23:00,Open,,2 hr 5 mins
,MM Team,2026-08-21T21:37:00,In progress,Aisha Khan,35mins
INC0011577,L1 Team,2026-07-25T03:50:00,Open,,15mins
,L1 Team,2026-07-25T04:10:00,In progress,Arjun Mehta,10mins
,MM Team,2026-07-25T04:56:00,Open,,15 mins
,MM Team,2026-07-25T05:26:00,In progress,Priya Sharma,1hr 30 mins
,MM Team,2026-07-25T05:53:00,Closed,Aisha Khan,
INC0011578,L3 Team,2026-08-04T19:05:00,Open,,10 mins
,L3 Team,2026-08-04T19:25:00,In progress,Ethan Brooks,1hr 15 mins
,FI Team,2026-08-04T19:58:00,Open,,1 hr 30 mins
,FI Team,2026-08-04T20:24:00,In progress,Maria Silva,2 hr 5 mins
,FI Team,2026-08-04T20:49:00,Closed,Maria Silva,
INC0011579,Access Management Team,2026-08-09T12:57:00,Open,,1 hr 15 mins
,Access Management Team,2026-08-09T13:11:00,In progress,Omar Siddiqui,1 hr 30 mins
,Risk & Compliance Ops,2026-08-09T13:35:00,Open,,1hr 30 mins
,Risk & Compliance Ops,2026-08-09T13:53:00,In progress,Sofia Rossi,45 mins
,Risk & Compliance Ops,2026-08-09T14:21:00,Hold,Fatima Al-Sayed,15mins
INC0011580,L2 Team,2026-06-11T17:02:00,Open,,1 hr 30 mins
,L2 Team,2026-06-11T17:19:00,In progress,Mei Tan,1 hr 30 mins
,SD Team,2026-06-11T18:09:00,Open,,35 mins
,SD Team,2026-06-11T18:37:00,In progress,Aisha Khan,17 mins
,SD Team,2026-06-11T19:26:00,Closed,Priya Sharma,
INC0011581,Core Banking L3,2026-06-05T02:37:00,Open,,45 mins
,Core Banking L3,2026-06-05T02:58:00,In progress,Ethan Brooks,45 mins
,L2 Team,2026-06-05T03:39:00,Open,,45mins
,L2 Team,2026-06-05T04:02:00,In progress,Chloe Martin,45 mins
,MM Team,2026-06-05T04:42:00,Open,,15 mins
,MM Team,2026-06-05T04:53:00,In progress,Sofia Rossi,15 mins
INC0011582,L2 Team,2026-07-16T05:46:00,Open,,1hr 15 mins
,L2 Team,2026-07-16T05:57:00,In progress,Mei Tan,45mins
,Payments L2 Support,2026-07-16T06:31:00,Open,,10mins
,Payments L2 Support,2026-07-16T06:44:00,In progress,Mei Tan,45 mins
,MM Team,2026-07-16T07:04:00,Open,,17mins
,MM Team,2026-07-16T07:17:00,In progress,Liam O'Connor,35mins
INC0011583,L1 Team,2026-08-12T03:42:00,Open,,1hr 30 mins
,L1 Team,2026-08-12T03:55:00,In progress,Carlos Mendes,1 hr 0 mins
,MM Team,2026-08-12T04:22:00,Open,,15 mins
,MM Team,2026-08-12T04:48:00,In progress,Fatima Al-Sayed,17 mins
,MM Team,2026-08-12T05:04:00,Closed,Sofia Rossi,
INC0011584,Core Banking L3,2026-08-19T05:37:00,Open,,1hr 00 mins
,Core Banking L3,2026-08-19T05:55:00,In progress,Chloe Martin,1 hr 0 mins
,Access Management Team,2026-08-19T06:25:00,Open,,1 hr 0 mins
,Access Management Team,2026-08-19T06:43:00,In progress,Nadia Rahman,1hr 15 mins
,SD Team,2026-08-19T07:03:00,Open,,10 mins
,SD Team,2026-08-19T07:22:00,In progress,Liam O'Connor,2 hr 13 mins
,SD Team,2026-08-19T07:57:00,Closed,Liam O'Connor,
INC0011585,Core Banking L3,2026-08-14T04:09:00,Open,,10 mins
,Core Banking L3,2026-08-14T04:26:00,In progress,Arjun Mehta,15 mins
,L1 Service Desk,2026-08-14T05:19:00,Open,,1 hr 0 mins
,L1 Service Desk,2026-08-14T05:33:00,In progress,Noah Williams,1 hr 15 mins
,MM Team,2026-08-14T06:02:00,Open,,1 hr 0 mins
,MM Team,2026-08-14T06:27:00,In progress,Aisha Khan,15mins
,MM Team,2026-08-14T07:10:00,Closed,Liam O'Connor,
INC0011586,Payments L2 Support,2026-05-16T00:59:00,Open,,2 hr 13 mins
,Payments L2 Support,2026-05-16T01:27:00,In progress,Ethan Brooks,10mins
,SD Team,2026-05-16T01:54:00,Open,,2 hr 5 mins
,SD Team,2026-05-16T02:06:00,In progress,Kenji Watanabe,2hr 13 mins
INC0011587,L1 Team,2026-06-23T02:33:00,Open,,1 hr 0 mins
,L1 Team,2026-06-23T02:51:00,In progress,Arjun Mehta,35 mins
,FI Team,2026-06-23T03:39:00,Open,,1hr 30 mins
,FI Team,2026-06-23T03:55:00,In progress,Maria Silva,1 hr 15 mins
,FI Team,2026-06-23T04:10:00,Hold,Kenji Watanabe,17 mins
INC0011588,Core Banking L3,2026-07-01T09:00:00,Open,,45mins
,Core Banking L3,2026-07-01T09:13:00,In progress,Nadia Rahman,2hr 05 mins
,Access Management Team,2026-07-01T09:44:00,Open,,45mins
,Access Management Team,2026-07-01T10:06:00,In progress,Omar Siddiqui,45 mins
,Risk & Compliance Ops,2026-07-01T10:26:00,Open,,1 hr 15 mins
,Risk & Compliance Ops,2026-07-01T10:47:00,In progress,Kenji Watanabe,17 mins
,Risk & Compliance Ops,2026-07-01T11:23:00,Closed,Wei Zhang,
INC0011589,L1 Team,2026-08-26T03:30:00,Open,,1 hr 0 mins
,L1 Team,2026-08-26T03:42:00,In progress,Chloe Martin,35 mins
,ABAP Team,2026-08-26T04:16:00,Open,,2hr 13 mins
,ABAP Team,2026-08-26T04:36:00,In progress,Fatima Al-Sayed,17 mins
INC0011590,Access Management Team,2026-08-24T21:33:00,Open,,35mins
,Access Management Team,2026-08-24T21:50:00,In progress,Noah Williams,1hr 00 mins
,MM Team,2026-08-24T22:37:00,Open,,15mins
,MM Team,2026-08-24T22:48:00,In progress,Priya Sharma,1 hr 15 mins
,MM Team,2026-08-24T23:32:00,Hold,Priya Sharma,15 mins
INC0011591,Core Banking L3,2026-08-10T00:15:00,Open,,1hr 15 mins
,Core Banking L3,2026-08-10T00:27:00,In progress,Nadia Rahman,10 mins
,Access Management Team,2026-08-10T01:18:00,Open,,45mins
,Access Management Team,2026-08-10T01:37:00,In progress,Ethan Brooks,45 mins
,SD Team,2026-08-10T02:32:00,Open,,2 hr 13 mins
,SD Team,2026-08-10T02:52:00,In progress,Sofia Rossi,17mins
,SD Team,2026-08-10T03:19:00,Closed,Aisha Khan,
INC0011592,Core Banking L3,2026-05-09T16:11:00,Open,,1 hr 15 mins
,Core Banking L3,2026-05-09T16:32:00,In progress,Ethan Brooks,2 hr 5 mins
,Risk & Compliance Ops,2026-05-09T16:54:00,Open,,10 mins
,Risk & Compliance Ops,2026-05-09T17:17:00,In progress,Sofia Rossi,1hr 00 mins
,Risk & Compliance Ops,2026-05-09T18:12:00,Hold,Maria Silva,1 hr 15 mins
INC0011593,Payments L2 Support,2026-08-18T23:33:00,Open,,15mins
,Payments L2 Support,2026-08-18T23:57:00,In progress,Mei Tan,2hr 05 mins
,Access Management Team,2026-08-19T00:16:00,Open,,10 mins
,Access Management Team,2026-08-19T00:44:00,In progress,Noah Williams,1 hr 0 mins
,FI Team,2026-08-19T01:03:00,Open,,1hr 00 mins
,FI Team,2026-08-19T01:21:00,In progress,Kenji Watanabe,2 hr 13 mins
INC0011594,L1 Team,2026-05-13T11:14:00,Open,,1hr 15 mins
,L1 Team,2026-05-13T11:33:00,In progress,Noah Williams,45 mins
,Risk & Compliance Ops,2026-05-13T12:01:00,Open,,2 hr 13 mins
,Risk & Compliance Ops,2026-05-13T12:28:00,In progress,Kenji Watanabe,17 mins
,Risk & Compliance Ops,2026-05-13T13:14:00,Closed,Daniel Cho,
INC0011595,L1 Service Desk,2026-05-18T06:14:00,Open,,1 hr 15 mins
,L1 Service Desk,2026-05-18T06:41:00,In progress,Emily Carter,2 hr 13 mins
,L1 Team,2026-05-18T07:17:00,Open,,35 mins
,L1 Team,2026-05-18T07:37:00,In progress,Emily Carter,17 mins
,ABAP Team,2026-05-18T08:33:00,Open,,1 hr 30 mins
,ABAP Team,2026-05-18T09:00:00,In progress,Wei Zhang,1hr 00 mins
,ABAP Team,2026-05-18T09:51:00,Closed,Priya Sharma,
INC0011596,Core Banking L3,2026-05-21T05:50:00,Open,,10 mins
,Core Banking L3,2026-05-21T06:17:00,In progress,Carlos Mendes,1 hr 30 mins
,L1 Service Desk,2026-05-21T07:08:00,Open,,2hr 13 mins
,L1 Service Desk,2026-05-21T07:32:00,In progress,Noah Williams,45 mins
,MM Team,2026-05-21T08:29:00,Open,,15mins
,MM Team,2026-05-21T08:39:00,In progress,Priya Sharma,35mins
,MM Team,2026-05-21T09:24:00,Hold,Priya Sharma,2 hr 5 mins
INC0011597,Access Management Team,2026-08-24T09:09:00,Open,,1 hr 15 mins
,Access Management Team,2026-08-24T09:20:00,In progress,Ethan Brooks,2 hr 13 mins
,FI Team,2026-08-24T10:01:00,Open,,1 hr 0 mins
,FI Team,2026-08-24T10:18:00,In progress,Liam O'Connor,1 hr 15 mins
,FI Team,2026-08-24T10:35:00,Closed,Liam O'Connor,
INC0011598,L3 Team,2026-08-19T07:15:00,Open,,45mins
,L3 Team,2026-08-19T07:29:00,In progress,Chloe Martin,1 hr 15 mins
,Risk & Compliance Ops,2026-08-19T08:03:00,Open,,1 hr 0 mins
,Risk & Compliance Ops,2026-08-19T08:18:00,In progress,Fatima Al-Sayed,1hr 00 mins
,Risk & Compliance Ops,2026-08-19T08:36:00,Hold,Maria Silva,45mins
INC0011599,L1 Service Desk,2026-08-20T16:46:00,Open,,17 mins
,L1 Service Desk,2026-08-20T17:11:00,In progress,Omar Siddiqui,45mins
,L3 Team,2026-08-20T17:43:00,Open,,15mins
,L3 Team,2026-08-20T18:09:00,In progress,Noah Williams,1 hr 30 mins
,MM Team,2026-08-20T18:52:00,Open,,45 mins
,MM Team,2026-08-20T19:17:00,In progress,Priya Sharma,10 mins
,MM Team,2026-08-20T19:44:00,Closed,Priya Sharma,
INC0011600,L1 Team,2026-05-27T21:11:00,Open,,1 hr 0 mins
,L1 Team,2026-05-27T21:33:00,In progress,Nadia Rahman,10 mins
,FI Team,2026-05-27T21:56:00,Open,,1 hr 0 mins
,FI Team,2026-05-27T22:14:00,In progress,Sofia Rossi,17 mins
,FI Team,2026-05-27T22:57:00,Closed,Aisha Khan,
INC0011601,Payments L2 Support,2026-05-29T15:45:00,Open,,10 mins
,Payments L2 Support,2026-05-29T16:03:00,In progress,Arjun Mehta,1 hr 0 mins
,Trade Support L2,2026-05-29T16:39:00,Open,,1hr 30 mins
,Trade Support L2,2026-05-29T16:53:00,In progress,Aisha Khan,45 mins
INC0011602,L3 Team,2026-07-31T18:48:00,Open,,45mins
,L3 Team,2026-07-31T19:15:00,In progress,Nadia Rahman,1 hr 15 mins
,L1 Team,2026-07-31T20:06:00,Open,,2 hr 5 mins
,L1 Team,2026-07-31T20:17:00,In progress,Hannah Lee,35 mins
,FI Team,2026-07-31T20:58:00,Open,,35 mins
,FI Team,2026-07-31T21:12:00,In progress,Fatima Al-Sayed,35 mins
,FI Team,2026-07-31T21:43:00,Hold,Fatima Al-Sayed,1hr 30 mins
INC0011603,Access Management Team,2026-05-13T16:13:00,Open,,35 mins
,Access Management Team,2026-05-13T16:27:00,In progress,Nadia Rahman,1 hr 15 mins
,Risk & Compliance Ops,2026-05-13T16:53:00,Open,,2 hr 5 mins
,Risk & Compliance Ops,2026-05-13T17:06:00,In progress,Maria Silva,35mins
INC0011604,L1 Team,2026-08-24T04:36:00,Open,,2hr 05 mins
,L1 Team,2026-08-24T04:50:00,In progress,Nadia Rahman,45 mins
,Risk & Compliance Ops,2026-08-24T05:18:00,Open,,10 mins
,Risk & Compliance Ops,2026-08-24T05:34:00,In progress,Kenji Watanabe,35mins
,Risk & Compliance Ops,2026-08-24T05:56:00,Closed,Kenji Watanabe,
INC0011605,Payments L2 Support,2026-06-26T22:11:00,Open,,45 mins
,Payments L2 Support,2026-06-26T22:41:00,In progress,Emily Carter,17 mins
,SD Team,2026-06-26T23:37:00,Open,,1 hr 30 mins
,SD Team,2026-06-26T23:47:00,In progress,Kenji Watanabe,35 mins
INC0011606,Access Management Team,2026-08-11T17:44:00,Open,,15 mins
,Access Management Team,2026-08-11T18:07:00,In progress,Chloe Martin,1 hr 30 mins
,Core Banking L3,2026-08-11T19:03:00,Open,,2hr 13 mins
,Core Banking L3,2026-08-11T19:22:00,In progress,Omar Siddiqui,45 mins
,Trade Support L2,2026-08-11T20:21:00,Open,,45 mins
,Trade Support L2,2026-08-11T20:48:00,In progress,Aisha Khan,1 hr 15 mins
INC0011607,L1 Service Desk,2026-05-22T09:11:00,Open,,10 mins
,L1 Service Desk,2026-05-22T09:27:00,In progress,Chloe Martin,35mins
,SD Team,2026-05-22T10:20:00,Open,,1hr 30 mins
,SD Team,2026-05-22T10:49:00,In progress,Aisha Khan,45mins
INC0011608,Core Banking L3,2026-05-15T21:59:00,Open,,10 mins
,Core Banking L3,2026-05-15T22:28:00,In progress,Ethan Brooks,2 hr 13 mins
,Risk & Compliance Ops,2026-05-15T23:16:00,Open,,2 hr 13 mins
,Risk & Compliance Ops,2026-05-15T23:28:00,In progress,Sofia Rossi,10 mins
,Risk & Compliance Ops,2026-05-15T23:53:00,Closed,James Cole,
INC0011609,Access Management Team,2026-07-21T23:31:00,Open,,1hr 00 mins
,Access Management Team,2026-07-21T23:52:00,In progress,Arjun Mehta,17 mins
,Payments L2 Support,2026-07-22T00:07:00,Open,,1hr 00 mins
,Payments L2 Support,2026-07-22T00:30:00,In progress,Mei Tan,1 hr 0 mins
,Trade Support L2,2026-07-22T01:27:00,Open,,1 hr 0 mins
,Trade Support L2,2026-07-22T01:51:00,In progress,Aisha Khan,45 mins
,Trade Support L2,2026-07-22T02:32:00,Closed,Maria Silva,
INC0011610,Access Management Team,2026-08-26T17:06:00,Open,,2 hr 13 mins
,Access Management Team,2026-08-26T17:29:00,In progress,Emily Carter,1 hr 30 mins
,Payments L2 Support,2026-08-26T18:06:00,Open,,2 hr 5 mins
,Payments L2 Support,2026-08-26T18:16:00,In progress,Emily Carter,45 mins
,Risk & Compliance Ops,2026-08-26T18:50:00,Open,,1hr 15 mins
,Risk & Compliance Ops,2026-08-26T19:05:00,In progress,Wei Zhang,15 mins
INC0011611,L2 Team,2026-06-13T16:05:00,Open,,45 mins
,L2 Team,2026-06-13T16:33:00,In progress,Chloe Martin,35mins
,Core Banking L3,2026-06-13T17:26:00,Open,,45mins
,Core Banking L3,2026-06-13T17:46:00,In progress,Carlos Mendes,10 mins
,MM Team,2026-06-13T18:36:00,Open,,45mins
,MM Team,2026-06-13T18:55:00,In progress,Kenji Watanabe,45 mins
,MM Team,2026-06-13T19:52:00,Hold,Sofia Rossi,35 mins
INC0011612,Payments L2 Support,2026-08-23T17:34:00,Open,,35 mins
,Payments L2 Support,2026-08-23T17:45:00,In progress,Chloe Martin,15 mins
,MM Team,2026-08-23T18:42:00,Open,,1 hr 15 mins
,MM Team,2026-08-23T19:04:00,In progress,Kenji Watanabe,35mins
INC0011613,Core Banking L3,2026-08-24T18:01:00,Open,,1 hr 15 mins
,Core Banking L3,2026-08-24T18:16:00,In progress,Noah Williams,35 mins
,L1 Service Desk,2026-08-24T19:03:00,Open,,1hr 15 mins
,L1 Service Desk,2026-08-24T19:31:00,In progress,Nadia Rahman,2 hr 5 mins
,Trade Support L2,2026-08-24T20:13:00,Open,,10 mins
,Trade Support L2,2026-08-24T20:41:00,In progress,Aisha Khan,2 hr 5 mins
,Trade Support L2,2026-08-24T21:15:00,Hold,Aisha Khan,1hr 00 mins
INC0011614,L2 Team,2026-07-09T16:39:00,Open,,1hr 00 mins
,L2 Team,2026-07-09T16:58:00,In progress,Ethan Brooks,1 hr 30 mins
,Core Banking L3,2026-07-09T17:53:00,Open,,35mins
,Core Banking L3,2026-07-09T18:18:00,In progress,Omar Siddiqui,2hr 13 mins
,FI Team,2026-07-09T18:38:00,Open,,1 hr 0 mins
,FI Team,2026-07-09T19:07:00,In progress,Priya Sharma,2 hr 5 mins
INC0011615,L1 Service Desk,2026-08-01T09:39:00,Open,,2 hr 13 mins
,L1 Service Desk,2026-08-01T10:00:00,In progress,Mei Tan,15 mins
,SD Team,2026-08-01T10:33:00,Open,,1 hr 15 mins
,SD Team,2026-08-01T10:51:00,In progress,Kenji Watanabe,1 hr 0 mins
INC0011616,L1 Service Desk,2026-08-12T00:13:00,Open,,35mins
,L1 Service Desk,2026-08-12T00:37:00,In progress,Ethan Brooks,10mins
,L2 Team,2026-08-12T01:37:00,Open,,45 mins
,L2 Team,2026-08-12T02:03:00,In progress,Mei Tan,10mins
,Trade Support L2,2026-08-12T02:39:00,Open,,45 mins
,Trade Support L2,2026-08-12T03:06:00,In progress,Priya Sharma,1hr 30 mins
INC0011617,L1 Team,2026-08-14T10:11:00,Open,,1 hr 30 mins
,L1 Team,2026-08-14T10:28:00,In progress,Hannah Lee,35 mins
,Payments L2 Support,2026-08-14T11:05:00,Open,,10mins
,Payments L2 Support,2026-08-14T11:27:00,In progress,Carlos Mendes,1 hr 30 mins
,Risk & Compliance Ops,2026-08-14T12:07:00,Open,,45 mins
,Risk & Compliance Ops,2026-08-14T12:21:00,In progress,Aisha Khan,10mins
INC0011618,L3 Team,2026-06-13T17:01:00,Open,,2 hr 13 mins
,L3 Team,2026-06-13T17:19:00,In progress,Nadia Rahman,45 mins
,L1 Service Desk,2026-06-13T17:56:00,Open,,45mins
,L1 Service Desk,2026-06-13T18:18:00,In progress,Mei Tan,45 mins
,Risk & Compliance Ops,2026-06-13T18:40:00,Open,,15mins
,Risk & Compliance Ops,2026-06-13T19:01:00,In progress,Sofia Rossi,35mins
INC0011619,L1 Team,2026-08-05T03:43:00,Open,,1 hr 30 mins
,L1 Team,2026-08-05T03:59:00,In progress,Carlos Mendes,1 hr 0 mins
,Risk & Compliance Ops,2026-08-05T04:32:00,Open,,10 mins
,Risk & Compliance Ops,2026-08-05T05:00:00,In progress,Priya Sharma,35 mins
INC0011620,L1 Service Desk,2026-07-10T19:01:00,Open,,1 hr 0 mins
,L1 Service Desk,2026-07-10T19:29:00,In progress,Emily Carter,2 hr 13 mins
,L3 Team,2026-07-10T19:49:00,Open,,1 hr 0 mins
,L3 Team,2026-07-10T20:04:00,In progress,Noah Williams,15 mins
,MM Team,2026-07-10T20:21:00,Open,,35mins
,MM Team,2026-07-10T20:49:00,In progress,Maria Silva,45 mins
,MM Team,2026-07-10T21:39:00,Closed,Fatima Al-Sayed,
INC0011621,L1 Team,2026-06-26T02:01:00,Open,,15 mins
,L1 Team,2026-06-26T02:27:00,In progress,Carlos Mendes,35 mins
,SD Team,2026-06-26T02:50:00,Open,,1 hr 0 mins
,SD Team,2026-06-26T03:12:00,In progress,Priya Sharma,15 mins
,SD Team,2026-06-26T03:59:00,Closed,Sofia Rossi,
INC0011622,Access Management Team,2026-08-18T04:54:00,Open,,17mins
,Access Management Team,2026-08-18T05:14:00,In progress,Chloe Martin,35mins
,ABAP Team,2026-08-18T05:29:00,Open,,10 mins
,ABAP Team,2026-08-18T05:44:00,In progress,Liam O'Connor,45 mins
INC0011623,L3 Team,2026-08-26T14:14:00,Open,,10 mins
,L3 Team,2026-08-26T14:44:00,In progress,Hannah Lee,2 hr 5 mins
,Risk & Compliance Ops,2026-08-26T15:36:00,Open,,1 hr 0 mins
,Risk & Compliance Ops,2026-08-26T15:57:00,In progress,Priya Sharma,45 mins
INC0011624,Core Banking L3,2026-05-10T02:28:00,Open,,2 hr 5 mins
,Core Banking L3,2026-05-10T02:56:00,In progress,Omar Siddiqui,1hr 30 mins
,Trade Support L2,2026-05-10T03:16:00,Open,,2hr 13 mins
,Trade Support L2,2026-05-10T03:28:00,In progress,Wei Zhang,1 hr 30 mins
,Trade Support L2,2026-05-10T04:24:00,Hold,Wei Zhang,17mins
INC0011625,Access Management Team,2026-05-29T11:01:00,Open,,45 mins
,Access Management Team,2026-05-29T11:26:00,In progress,Emily Carter,2hr 05 mins
,Risk & Compliance Ops,2026-05-29T11:46:00,Open,,2 hr 5 mins
,Risk & Compliance Ops,2026-05-29T12:02:00,In progress,James Cole,35 mins
INC0011626,L2 Team,2026-08-18T09:53:00,Open,,2hr 05 mins
,L2 Team,2026-08-18T10:04:00,In progress,Arjun Mehta,35 mins
,Access Management Team,2026-08-18T11:02:00,Open,,15 mins
,Access Management Team,2026-08-18T11:27:00,In progress,Hannah Lee,1 hr 30 mins
,ABAP Team,2026-08-18T12:04:00,Open,,1hr 15 mins
,ABAP Team,2026-08-18T12:31:00,In progress,Daniel Cho,1 hr 0 mins
INC0011627,L1 Service Desk,2026-07-25T06:19:00,Open,,17mins
,L1 Service Desk,2026-07-25T06:30:00,In progress,Nadia Rahman,10 mins
,Trade Support L2,2026-07-25T07:22:00,Open,,45 mins
,Trade Support L2,2026-07-25T07:45:00,In progress,James Cole,2 hr 13 mins
,Trade Support L2,2026-07-25T08:10:00,Closed,James Cole,
INC0011628,L1 Team,2026-07-29T02:10:00,Open,,1 hr 30 mins
,L1 Team,2026-07-29T02:23:00,In progress,Noah Williams,2 hr 13 mins
,Core Banking L3,2026-07-29T03:19:00,Open,,35mins
,Core Banking L3,2026-07-29T03:48:00,In progress,Mei Tan,35 mins
,ABAP Team,2026-07-29T04:06:00,Open,,45mins
,ABAP Team,2026-07-29T04:32:00,In progress,Wei Zhang,10 mins
INC0011629,L1 Team,2026-07-26T03:58:00,Open,,2hr 13 mins
,L1 Team,2026-07-26T04:27:00,In progress,Mei Tan,2 hr 5 mins
,SD Team,2026-07-26T04:43:00,Open,,1 hr 0 mins
,SD Team,2026-07-26T04:56:00,In progress,Fatima Al-Sayed,1 hr 0 mins
,SD Team,2026-07-26T05:14:00,Closed,Liam O'Connor,
INC0011630,L3 Team,2026-06-17T10:55:00,Open,,15 mins
,L3 Team,2026-06-17T11:09:00,In progress,Arjun Mehta,35 mins
,FI Team,2026-06-17T11:24:00,Open,,1hr 00 mins
,FI Team,2026-06-17T11:37:00,In progress,Fatima Al-Sayed,10 mins
,FI Team,2026-06-17T12:08:00,Hold,Maria Silva,10mins
INC0011631,L1 Team,2026-08-03T19:03:00,Open,,1 hr 30 mins
,L1 Team,2026-08-03T19:21:00,In progress,Hannah Lee,45 mins
,L3 Team,2026-08-03T20:12:00,Open,,45 mins
,L3 Team,2026-08-03T20:34:00,In progress,Omar Siddiqui,2 hr 13 mins
,ABAP Team,2026-08-03T21:10:00,Open,,1 hr 30 mins
,ABAP Team,2026-08-03T21:33:00,In progress,Wei Zhang,1hr 15 mins
,ABAP Team,2026-08-03T22:09:00,Closed,Kenji Watanabe,
INC0011632,Core Banking L3,2026-08-06T16:47:00,Open,,2 hr 13 mins
,Core Banking L3,2026-08-06T17:08:00,In progress,Arjun Mehta,1hr 15 mins
,Risk & Compliance Ops,2026-08-06T17:32:00,Open,,45 mins
,Risk & Compliance Ops,2026-08-06T17:51:00,In progress,Wei Zhang,2 hr 13 mins
,Risk & Compliance Ops,2026-08-06T18:48:00,Hold,Priya Sharma,45mins
INC0011633,Access Management Team,2026-06-15T07:06:00,Open,,1 hr 0 mins
,Access Management Team,2026-06-15T07:26:00,In progress,Mei Tan,45 mins
,Core Banking L3,2026-06-15T08:06:00,Open,,1 hr 0 mins
,Core Banking L3,2026-06-15T08:18:00,In progress,Omar Siddiqui,35 mins
,MM Team,2026-06-15T08:39:00,Open,,45 mins
,MM Team,2026-06-15T08:53:00,In progress,Daniel Cho,2hr 13 mins
INC0011634,L3 Team,2026-08-27T06:39:00,Open,,1 hr 0 mins
,L3 Team,2026-08-27T06:59:00,In progress,Arjun Mehta,17mins
,Core Banking L3,2026-08-27T07:38:00,Open,,17mins
,Core Banking L3,2026-08-27T08:02:00,In progress,Emily Carter,15 mins
,Trade Support L2,2026-08-27T08:41:00,Open,,1hr 30 mins
,Trade Support L2,2026-08-27T09:04:00,In progress,Priya Sharma,35 mins
INC0011635,L3 Team,2026-08-15T04:43:00,Open,,1 hr 30 mins
,L3 Team,2026-08-15T05:13:00,In progress,Omar Siddiqui,1 hr 15 mins
,MM Team,2026-08-15T05:30:00,Open,,45 mins
,MM Team,2026-08-15T05:45:00,In progress,Daniel Cho,2hr 13 mins
INC0011636,L1 Team,2026-05-10T22:15:00,Open,,1 hr 15 mins
,L1 Team,2026-05-10T22:31:00,In progress,Emily Carter,17 mins
,SD Team,2026-05-10T22:55:00,Open,,35 mins
,SD Team,2026-05-10T23:09:00,In progress,Sofia Rossi,1 hr 0 mins
INC0011637,Core Banking L3,2026-08-25T04:54:00,Open,,45mins
,Core Banking L3,2026-08-25T05:16:00,In progress,Emily Carter,1 hr 15 mins
,Payments L2 Support,2026-08-25T05:37:00,Open,,45 mins
,Payments L2 Support,2026-08-25T05:57:00,In progress,Noah Williams,10mins
,Risk & Compliance Ops,2026-08-25T06:35:00,Open,,35 mins
,Risk & Compliance Ops,2026-08-25T06:51:00,In progress,Aisha Khan,15mins
,Risk & Compliance Ops,2026-08-25T07:23:00,Closed,Liam O'Connor,
INC0011638,L3 Team,2026-08-25T23:06:00,Open,,2 hr 5 mins
,L3 Team,2026-08-25T23:25:00,In progress,Nadia Rahman,17 mins
,Risk & Compliance Ops,2026-08-26T00:25:00,Open,,10mins
,Risk & Compliance Ops,2026-08-26T00:37:00,In progress,Wei Zhang,2hr 05 mins
,Risk & Compliance Ops,2026-08-26T01:08:00,Closed,Aisha Khan,
INC0011639,Core Banking L3,2026-08-21T15:59:00,Open,,45 mins
,Core Banking L3,2026-08-21T16:26:00,In progress,Ethan Brooks,1 hr 30 mins
,Access Management Team,2026-08-21T16:57:00,Open,,35mins
,Access Management Team,2026-08-21T17:27:00,In progress,Ethan Brooks,2 hr 5 mins
,ABAP Team,2026-08-21T17:51:00,Open,,45 mins
,ABAP Team,2026-08-21T18:05:00,In progress,James Cole,15 mins
,ABAP Team,2026-08-21T18:53:00,Hold,Wei Zhang,35 mins
INC0011640,Payments L2 Support,2026-06-18T17:34:00,Open,,1 hr 30 mins
,Payments L2 Support,2026-06-18T18:00:00,In progress,Emily Carter,2 hr 13 mins
,Access Management Team,2026-06-18T18:17:00,Open,,2 hr 13 mins
,Access Management Team,2026-06-18T18:39:00,In progress,Noah Williams,45 mins
,Trade Support L2,2026-06-18T19:20:00,Open,,1 hr 15 mins
,Trade Support L2,2026-06-18T19:49:00,In progress,Kenji Watanabe,35mins
INC0011641,Payments L2 Support,2026-08-24T19:45:00,Open,,45 mins
,Payments L2 Support,2026-08-24T19:59:00,In progress,Hannah Lee,1 hr 30 mins
,L1 Service Desk,2026-08-24T20:48:00,Open,,17 mins
,L1 Service Desk,2026-08-24T21:13:00,In progress,Noah Williams,45 mins
,MM Team,2026-08-24T21:46:00,Open,,17mins
,MM Team,2026-08-24T22:06:00,In progress,Aisha Khan,45 mins
,MM Team,2026-08-24T22:25:00,Closed,Maria Silva,
INC0011642,Payments L2 Support,2026-08-07T05:59:00,Open,,45 mins
,Payments L2 Support,2026-08-07T06:16:00,In progress,Carlos Mendes,45 mins
,ABAP Team,2026-08-07T06:45:00,Open,,1 hr 30 mins
,ABAP Team,2026-08-07T07:11:00,In progress,Aisha Khan,10 mins
,ABAP Team,2026-08-07T07:54:00,Hold,Wei Zhang,1hr 00 mins
INC0011643,Payments L2 Support,2026-07-11T08:59:00,Open,,1 hr 30 mins
,Payments L2 Support,2026-07-11T09:24:00,In progress,Mei Tan,1 hr 15 mins
,FI Team,2026-07-11T10:21:00,Open,,2hr 13 mins
,FI Team,2026-07-11T10:41:00,In progress,Aisha Khan,15mins
INC0011644,Payments L2 Support,2026-08-18T01:14:00,Open,,35 mins
,Payments L2 Support,2026-08-18T01:35:00,In progress,Noah Williams,1 hr 0 mins
,L3 Team,2026-08-18T01:56:00,Open,,2 hr 13 mins
,L3 Team,2026-08-18T02:07:00,In progress,Chloe Martin,45mins
,Risk & Compliance Ops,2026-08-18T02:27:00,Open,,45 mins
,Risk & Compliance Ops,2026-08-18T02:37:00,In progress,Wei Zhang,15 mins
INC0011645,L3 Team,2026-08-11T09:03:00,Open,,45 mins
,L3 Team,2026-08-11T09:31:00,In progress,Omar Siddiqui,45 mins
,SD Team,2026-08-11T10:31:00,Open,,45 mins
,SD Team,2026-08-11T10:47:00,In progress,James Cole,2 hr 5 mins
INC0011646,Access Management Team,2026-06-17T21:13:00,Open,,2hr 13 mins
,Access Management Team,2026-06-17T21:30:00,In progress,Carlos Mendes,35 mins
,ABAP Team,2026-06-17T22:22:00,Open,,17mins
,ABAP Team,2026-06-17T22:45:00,In progress,Fatima Al-Sayed,1 hr 15 mins
,ABAP Team,2026-06-17T23:05:00,Closed,Priya Sharma,
INC0011647,Access Management Team,2026-07-28T02:14:00,Open,,45 mins
,Access Management Team,2026-07-28T02:33:00,In progress,Ethan Brooks,45mins
,Trade Support L2,2026-07-28T03:33:00,Open,,45mins
,Trade Support L2,2026-07-28T03:56:00,In progress,James Cole,1 hr 30 mins
,Trade Support L2,2026-07-28T04:43:00,Hold,James Cole,1 hr 15 mins
INC0011648,Core Banking L3,2026-07-26T07:57:00,Open,,15 mins
,Core Banking L3,2026-07-26T08:25:00,In progress,Ethan Brooks,2hr 05 mins
,FI Team,2026-07-26T08:53:00,Open,,35mins
,FI Team,2026-07-26T09:07:00,In progress,Maria Silva,45mins
INC0011649,L2 Team,2026-08-18T05:37:00,Open,,17 mins
,L2 Team,2026-08-18T05:52:00,In progress,Nadia Rahman,2hr 05 mins
,ABAP Team,2026-08-18T06:23:00,Open,,1 hr 15 mins
,ABAP Team,2026-08-18T06:42:00,In progress,Sofia Rossi,2 hr 13 mins
,ABAP Team,2026-08-18T07:16:00,Hold,Fatima Al-Sayed,35 mins
INC0011650,L3 Team,2026-08-19T13:54:00,Open,,1hr 15 mins
,L3 Team,2026-08-19T14:04:00,In progress,Nadia Rahman,1hr 00 mins
,L1 Service Desk,2026-08-19T14:45:00,Open,,45 mins
,L1 Service Desk,2026-08-19T14:55:00,In progress,Hannah Lee,1hr 15 mins
,MM Team,2026-08-19T15:55:00,Open,,1 hr 30 mins
,MM Team,2026-08-19T16:08:00,In progress,Wei Zhang,2 hr 13 mins
INC0011651,L1 Team,2026-05-13T09:56:00,Open,,35mins
,L1 Team,2026-05-13T10:19:00,In progress,Ethan Brooks,17 mins
,Risk & Compliance Ops,2026-05-13T11:09:00,Open,,1 hr 15 mins
,Risk & Compliance Ops,2026-05-13T11:32:00,In progress,Liam O'Connor,35mins
,Risk & Compliance Ops,2026-05-13T12:00:00,Closed,Liam O'Connor,
INC0011652,Core Banking L3,2026-05-24T04:09:00,Open,,2hr 05 mins
,Core Banking L3,2026-05-24T04:37:00,In progress,Emily Carter,10 mins
,L3 Team,2026-05-24T05:17:00,Open,,2hr 13 mins
,L3 Team,2026-05-24T05:28:00,In progress,Mei Tan,45 mins
,Trade Support L2,2026-05-24T05:49:00,Open,,45mins
,Trade Support L2,2026-05-24T06:07:00,In progress,Aisha Khan,45mins
INC0011653,L1 Team,2026-05-26T18:37:00,Open,,2hr 13 mins
,L1 Team,2026-05-26T19:00:00,In progress,Nadia Rahman,45 mins
,Risk & Compliance Ops,2026-05-26T19:22:00,Open,,1 hr 0 mins
,Risk & Compliance Ops,2026-05-26T19:39:00,In progress,Maria Silva,1 hr 30 mins
INC0011654,Access Management Team,2026-06-15T00:08:00,Open,,45mins
,Access Management Team,2026-06-15T00:25:00,In progress,Omar Siddiqui,45mins
,Core Banking L3,2026-06-15T01:13:00,Open,,15 mins
,Core Banking L3,2026-06-15T01:36:00,In progress,Hannah Lee,2hr 05 mins
,ABAP Team,2026-06-15T02:14:00,Open,,1 hr 30 mins
,ABAP Team,2026-06-15T02:35:00,In progress,Wei Zhang,45 mins
,ABAP Team,2026-06-15T02:54:00,Closed,Wei Zhang,
INC0011655,L1 Team,2026-08-14T13:06:00,Open,,1 hr 0 mins
,L1 Team,2026-08-14T13:28:00,In progress,Hannah Lee,2hr 05 mins
,FI Team,2026-08-14T13:54:00,Open,,1hr 15 mins
,FI Team,2026-08-14T14:20:00,In progress,Liam O'Connor,1hr 15 mins
INC0011656,L3 Team,2026-08-24T02:10:00,Open,,1 hr 0 mins
,L3 Team,2026-08-24T02:26:00,In progress,Carlos Mendes,15 mins
,Risk & Compliance Ops,2026-08-24T02:57:00,Open,,15mins
,Risk & Compliance Ops,2026-08-24T03:18:00,In progress,James Cole,1 hr 30 mins
,Risk & Compliance Ops,2026-08-24T04:08:00,Closed,James Cole,
INC0011657,L1 Service Desk,2026-08-24T21:02:00,Open,,17 mins
,L1 Service Desk,2026-08-24T21:18:00,In progress,Arjun Mehta,2hr 13 mins
,MM Team,2026-08-24T21:58:00,Open,,10 mins
,MM Team,2026-08-24T22:11:00,In progress,James Cole,15 mins
INC0011658,L3 Team,2026-08-15T09:51:00,Open,,1 hr 30 mins
,L3 Team,2026-08-15T10:10:00,In progress,Carlos Mendes,1hr 00 mins
,SD Team,2026-08-15T10:56:00,Open,,15 mins
,SD Team,2026-08-15T11:24:00,In progress,Fatima Al-Sayed,10 mins
,SD Team,2026-08-15T11:39:00,Hold,Daniel Cho,1 hr 0 mins
INC0011659,Access Management Team,2026-07-03T17:10:00,Open,,2 hr 5 mins
,Access Management Team,2026-07-03T17:29:00,In progress,Noah Williams,45 mins
,L1 Service Desk,2026-07-03T17:58:00,Open,,1 hr 30 mins
,L1 Service Desk,2026-07-03T18:08:00,In progress,Chloe Martin,1 hr 15 mins
,Trade Support L2,2026-07-03T18:37:00,Open,,17 mins
,Trade Support L2,2026-07-03T19:05:00,In progress,Kenji Watanabe,15 mins
INC0011660,L1 Service Desk,2026-06-05T15:22:00,Open,,1hr 00 mins
,L1 Service Desk,2026-06-05T15:39:00,In progress,Noah Williams,10 mins
,FI Team,2026-06-05T16:26:00,Open,,2 hr 5 mins
,FI Team,2026-06-05T16:50:00,In progress,Liam O'Connor,45mins
,FI Team,2026-06-05T17:35:00,Closed,Fatima Al-Sayed,
INC0011661,L3 Team,2026-08-12T19:32:00,Open,,2 hr 5 mins
,L3 Team,2026-08-12T19:47:00,In progress,Ethan Brooks,1 hr 15 mins
,Core Banking L3,2026-08-12T20:09:00,Open,,15mins
,Core Banking L3,2026-08-12T20:29:00,In progress,Emily Carter,1 hr 15 mins
,MM Team,2026-08-12T21:15:00,Open,,17mins
,MM Team,2026-08-12T21:38:00,In progress,Priya Sharma,2hr 05 mins
INC0011662,L1 Service Desk,2026-06-24T05:43:00,Open,,1 hr 30 mins
,L1 Service Desk,2026-06-24T06:10:00,In progress,Emily Carter,10mins
,Payments L2 Support,2026-06-24T06:46:00,Open,,2 hr 13 mins
,Payments L2 Support,2026-06-24T07:11:00,In progress,Noah Williams,45mins
,Risk & Compliance Ops,2026-06-24T07:50:00,Open,,1 hr 15 mins
,Risk & Compliance Ops,2026-06-24T08:09:00,In progress,Aisha Khan,35 mins
,Risk & Compliance Ops,2026-06-24T08:41:00,Closed,Liam O'Connor,
INC0011663,L2 Team,2026-07-10T00:39:00,Open,,35 mins
,L2 Team,2026-07-10T01:04:00,In progress,Omar Siddiqui,1 hr 15 mins
,MM Team,2026-07-10T01:46:00,Open,,45mins
,MM Team,2026-07-10T02:08:00,In progress,Liam O'Connor,45mins
,MM Team,2026-07-10T02:51:00,Closed,Maria Silva,
INC0011664,Payments L2 Support,2026-08-24T01:20:00,Open,,2hr 13 mins
,Payments L2 Support,2026-08-24T01:44:00,In progress,Emily Carter,45 mins
,L3 Team,2026-08-24T02:39:00,Open,,35 mins
,L3 Team,2026-08-24T03:03:00,In progress,Carlos Mendes,45mins
,Risk & Compliance Ops,2026-08-24T03:20:00,Open,,17 mins
,Risk & Compliance Ops,2026-08-24T03:30:00,In progress,Liam O'Connor,1hr 15 mins
,Risk & Compliance Ops,2026-08-24T03:55:00,Closed,James Cole,
INC0011665,Core Banking L3,2026-06-21T01:00:00,Open,,2hr 05 mins
,Core Banking L3,2026-06-21T01:20:00,In progress,Nadia Rahman,2 hr 13 mins
,Access Management Team,2026-06-21T01:51:00,Open,,45 mins
,Access Management Team,2026-06-21T02:08:00,In progress,Chloe Martin,45 mins
,Risk & Compliance Ops,2026-06-21T02:58:00,Open,,10 mins
,Risk & Compliance Ops,2026-06-21T03:24:00,In progress,Aisha Khan,35mins
,Risk & Compliance Ops,2026-06-21T03:52:00,Closed,Aisha Khan,
INC0011666,L1 Service Desk,2026-05-13T13:14:00,Open,,17mins
,L1 Service Desk,2026-05-13T13:43:00,In progress,Nadia Rahman,1 hr 0 mins
,Payments L2 Support,2026-05-13T14:22:00,Open,,45mins
,Payments L2 Support,2026-05-13T14:48:00,In progress,Nadia Rahman,45 mins
,FI Team,2026-05-13T15:33:00,Open,,35 mins
,FI Team,2026-05-13T15:51:00,In progress,James Cole,45 mins
INC0011667,L2 Team,2026-05-29T15:32:00,Open,,45 mins
,L2 Team,2026-05-29T15:52:00,In progress,Emily Carter,10mins
,Trade Support L2,2026-05-29T16:16:00,Open,,1 hr 30 mins
,Trade Support L2,2026-05-29T16:43:00,In progress,Sofia Rossi,2hr 05 mins
INC0011668,L3 Team,2026-06-26T21:34:00,Open,,1hr 15 mins
,L3 Team,2026-06-26T22:04:00,In progress,Omar Siddiqui,1 hr 0 mins
,MM Team,2026-06-26T22:21:00,Open,,17 mins
,MM Team,2026-06-26T22:37:00,In progress,Fatima Al-Sayed,2hr 05 mins
INC0011669,L3 Team,2026-08-09T16:21:00,Open,,17 mins
,L3 Team,2026-08-09T16:49:00,In progress,Noah Williams,10 mins
,Risk & Compliance Ops,2026-08-09T17:05:00,Open,,1hr 15 mins
,Risk & Compliance Ops,2026-08-09T17:16:00,In progress,Maria Silva,1 hr 30 mins
INC0011670,L1 Team,2026-08-14T19:11:00,Open,,1hr 30 mins
,L1 Team,2026-08-14T19:39:00,In progress,Ethan Brooks,2 hr 5 mins
,L1 Service Desk,2026-08-14T20:24:00,Open,,35mins
,L1 Service Desk,2026-08-14T20:40:00,In progress,Arjun Mehta,1 hr 0 mins
,SD Team,2026-08-14T21:11:00,Open,,45 mins
,SD Team,2026-08-14T21:41:00,In progress,Sofia Rossi,45mins
INC0011671,Access Management Team,2026-05-31T04:30:00,Open,,10 mins
,Access Management Team,2026-05-31T05:00:00,In progress,Omar Siddiqui,10 mins
,SD Team,2026-05-31T05:44:00,Open,,1 hr 0 mins
,SD Team,2026-05-31T06:09:00,In progress,Sofia Rossi,1hr 00 mins
INC0011672,L1 Team,2026-08-10T03:53:00,Open,,1 hr 30 mins
,L1 Team,2026-08-10T04:06:00,In progress,Noah Williams,35mins
,Core Banking L3,2026-08-10T04:46:00,Open,,15 mins
,Core Banking L3,2026-08-10T05:14:00,In progress,Nadia Rahman,35 mins
,Trade Support L2,2026-08-10T05:58:00,Open,,2 hr 5 mins
,Trade Support L2,2026-08-10T06:26:00,In progress,Daniel Cho,45mins
INC0011673,L2 Team,2026-07-25T14:21:00,Open,,1 hr 0 mins
,L2 Team,2026-07-25T14:45:00,In progress,Nadia Rahman,1 hr 30 mins
,MM Team,2026-07-25T15:31:00,Open,,10mins
,MM Team,2026-07-25T15:53:00,In progress,Sofia Rossi,15 mins
,MM Team,2026-07-25T16:35:00,Hold,Liam O'Connor,10 mins
INC0011674,Payments L2 Support,2026-06-06T03:45:00,Open,,2 hr 13 mins
,Payments L2 Support,2026-06-06T04:04:00,In progress,Chloe Martin,1 hr 30 mins
,L2 Team,2026-06-06T04:36:00,Open,,1 hr 30 mins
,L2 Team,2026-06-06T04:46:00,In progress,Nadia Rahman,45mins
,Risk & Compliance Ops,2026-06-06T05:23:00,Open,,1hr 00 mins
,Risk & Compliance Ops,2026-06-06T05:42:00,In progress,Aisha Khan,10 mins
INC0011675,L1 Service Desk,2026-08-18T06:55:00,Open,,1 hr 30 mins
,L1 Service Desk,2026-08-18T07:24:00,In progress,Arjun Mehta,15 mins
,FI Team,2026-08-18T08:14:00,Open,,1 hr 30 mins
,FI Team,2026-08-18T08:36:00,In progress,Liam O'Connor,35mins
,FI Team,2026-08-18T08:56:00,Closed,Kenji Watanabe,
INC0011676,Core Banking L3,2026-08-25T12:05:00,Open,,45 mins
,Core Banking L3,2026-08-25T12:23:00,In progress,Arjun Mehta,1 hr 30 mins
,Payments L2 Support,2026-08-25T13:20:00,Open,,2hr 05 mins
,Payments L2 Support,2026-08-25T13:48:00,In progress,Nadia Rahman,10 mins
,Risk & Compliance Ops,2026-08-25T14:14:00,Open,,10 mins
,Risk & Compliance Ops,2026-08-25T14:44:00,In progress,Maria Silva,10mins
,Risk & Compliance Ops,2026-08-25T15:20:00,Closed,James Cole,
INC0011677,L1 Team,2026-08-26T16:46:00,Open,,45 mins
,L1 Team,2026-08-26T17:02:00,In progress,Arjun Mehta,17mins
,Trade Support L2,2026-08-26T17:55:00,Open,,1hr 00 mins
,Trade Support L2,2026-08-26T18:11:00,In progress,Liam O'Connor,2 hr 5 mins
,Trade Support L2,2026-08-26T18:41:00,Hold,Liam O'Connor,1hr 00 mins
INC0011678,L2 Team,2026-08-14T07:01:00,Open,,1 hr 15 mins
,L2 Team,2026-08-14T07:31:00,In progress,Omar Siddiqui,45 mins
,ABAP Team,2026-08-14T07:57:00,Open,,35 mins
,ABAP Team,2026-08-14T08:07:00,In progress,James Cole,17mins
,ABAP Team,2026-08-14T09:00:00,Hold,Sofia Rossi,35 mins
INC0011679,L1 Team,2026-08-01T11:34:00,Open,,17 mins
,L1 Team,2026-08-01T11:46:00,In progress,Mei Tan,17mins
,Access Management Team,2026-08-01T12:03:00,Open,,1 hr 0 mins
,Access Management Team,2026-08-01T12:17:00,In progress,Arjun Mehta,45mins
,SD Team,2026-08-01T12:39:00,Open,,10mins
,SD Team,2026-08-01T12:56:00,In progress,Priya Sharma,45 mins
,SD Team,2026-08-01T13:44:00,Closed,Liam O'Connor,
INC0011680,Payments L2 Support,2026-08-07T09:29:00,Open,,1hr 15 mins
,Payments L2 Support,2026-08-07T09:58:00,In progress,Nadia Rahman,2 hr 5 mins
,SD Team,2026-08-07T10:22:00,Open,,45mins
,SD Team,2026-08-07T10:42:00,In progress,Aisha Khan,1 hr 30 mins
INC0011681,Payments L2 Support,2026-08-22T21:32:00,Open,,1 hr 15 mins
,Payments L2 Support,2026-08-22T21:48:00,In progress,Noah Williams,1hr 00 mins
,FI Team,2026-08-22T22:11:00,Open,,15mins
,FI Team,2026-08-22T22:31:00,In progress,Wei Zhang,45 mins
,FI Team,2026-08-22T23:27:00,Hold,Maria Silva,2hr 13 mins
INC0011682,L3 Team,2026-08-23T02:47:00,Open,,2 hr 5 mins
,L3 Team,2026-08-23T03:04:00,In progress,Omar Siddiqui,1 hr 30 mins
,SD Team,2026-08-23T03:55:00,Open,,2hr 05 mins
,SD Team,2026-08-23T04:14:00,In progress,Liam O'Connor,1hr 30 mins
INC0011683,Core Banking L3,2026-07-15T05:25:00,Open,,10mins
,Core Banking L3,2026-07-15T05:44:00,In progress,Hannah Lee,2 hr 5 mins
,SD Team,2026-07-15T06:06:00,Open,,45mins
,SD Team,2026-07-15T06:16:00,In progress,Daniel Cho,2 hr 5 mins
,SD Team,2026-07-15T07:12:00,Closed,Liam O'Connor,
INC0011684,Core Banking L3,2026-06-25T02:26:00,Open,,35 mins
,Core Banking L3,2026-06-25T02:36:00,In progress,Chloe Martin,1 hr 0 mins
,L3 Team,2026-06-25T03:14:00,Open,,45 mins
,L3 Team,2026-06-25T03:43:00,In progress,Nadia Rahman,45 mins
,ABAP Team,2026-06-25T04:30:00,Open,,10mins
,ABAP Team,2026-06-25T04:44:00,In progress,Kenji Watanabe,1hr 15 mins
,ABAP Team,2026-06-25T05:20:00,Hold,Kenji Watanabe,1 hr 15 mins
INC0011685,L3 Team,2026-08-19T17:54:00,Open,,17 mins
,L3 Team,2026-08-19T18:13:00,In progress,Emily Carter,17 mins
,Access Management Team,2026-08-19T19:00:00,Open,,1 hr 15 mins
,Access Management Team,2026-08-19T19:19:00,In progress,Mei Tan,35 mins
,Risk & Compliance Ops,2026-08-19T20:12:00,Open,,10 mins
,Risk & Compliance Ops,2026-08-19T20:37:00,In progress,Sofia Rossi,45 mins
INC0011686,Payments L2 Support,2026-06-01T21:43:00,Open,,1hr 00 mins
,Payments L2 Support,2026-06-01T22:01:00,In progress,Emily Carter,1hr 00 mins
,L3 Team,2026-06-01T22:24:00,Open,,35mins
,L3 Team,2026-06-01T22:52:00,In progress,Omar Siddiqui,2hr 13 mins
,Risk & Compliance Ops,2026-06-01T23:14:00,Open,,45mins
,Risk & Compliance Ops,2026-06-01T23:31:00,In progress,Sofia Rossi,10 mins
INC0011687,L1 Service Desk,2026-06-18T20:13:00,Open,,10 mins
,L1 Service Desk,2026-06-18T20:32:00,In progress,Noah Williams,17 mins
,L3 Team,2026-06-18T21:18:00,Open,,17mins
,L3 Team,2026-06-18T21:43:00,In progress,Carlos Mendes,15 mins
,Risk & Compliance Ops,2026-06-18T22:21:00,Open,,2 hr 13 mins
,Risk & Compliance Ops,2026-06-18T22:39:00,In progress,James Cole,1 hr 15 mins
,Risk & Compliance Ops,2026-06-18T22:57:00,Closed,Priya Sharma,
INC0011688,L3 Team,2026-08-13T09:34:00,Open,,35 mins
,L3 Team,2026-08-13T09:55:00,In progress,Hannah Lee,2hr 05 mins
,Access Management Team,2026-08-13T10:33:00,Open,,1 hr 0 mins
,Access Management Team,2026-08-13T10:46:00,In progress,Omar Siddiqui,1 hr 30 mins
,Risk & Compliance Ops,2026-08-13T11:14:00,Open,,2hr 13 mins
,Risk & Compliance Ops,2026-08-13T11:37:00,In progress,Priya Sharma,10mins
INC0011689,Access Management Team,2026-06-12T21:03:00,Open,,2 hr 5 mins
,Access Management Team,2026-06-12T21:13:00,In progress,Arjun Mehta,45 mins
,L1 Team,2026-06-12T21:33:00,Open,,1 hr 15 mins
,L1 Team,2026-06-12T21:54:00,In progress,Chloe Martin,1hr 30 mins
,SD Team,2026-06-12T22:19:00,Open,,2hr 05 mins
,SD Team,2026-06-12T22:47:00,In progress,Aisha Khan,35 mins
INC0011690,L1 Team,2026-08-17T17:17:00,Open,,35 mins
,L1 Team,2026-08-17T17:40:00,In progress,Arjun Mehta,1 hr 30 mins
,Payments L2 Support,2026-08-17T18:28:00,Open,,1 hr 30 mins
,Payments L2 Support,2026-08-17T18:49:00,In progress,Arjun Mehta,15 mins
,Trade Support L2,2026-08-17T19:27:00,Open,,1 hr 30 mins
,Trade Support L2,2026-08-17T19:56:00,In progress,Priya Sharma,15 mins
INC0011691,L1 Team,2026-07-22T15:57:00,Open,,1hr 00 mins
,L1 Team,2026-07-22T16:08:00,In progress,Hannah Lee,35mins
,FI Team,2026-07-22T17:06:00,Open,,35mins
,FI Team,2026-07-22T17:29:00,In progress,Aisha Khan,1 hr 15 mins
,FI Team,2026-07-22T17:46:00,Closed,Wei Zhang,
INC0011692,Payments L2 Support,2026-05-15T09:23:00,Open,,2hr 13 mins
,Payments L2 Support,2026-05-15T09:49:00,In progress,Noah Williams,2 hr 13 mins
,Risk & Compliance Ops,2026-05-15T10:39:00,Open,,35mins
,Risk & Compliance Ops,2026-05-15T10:58:00,In progress,Aisha Khan,1 hr 15 mins
,Risk & Compliance Ops,2026-05-15T11:19:00,Hold,Maria Silva,1hr 15 mins
INC0011693,Core Banking L3,2026-06-30T04:49:00,Open,,17mins
,Core Banking L3,2026-06-30T04:59:00,In progress,Carlos Mendes,1 hr 30 mins
,SD Team,2026-06-30T05:19:00,Open,,17mins
,SD Team,2026-06-30T05:41:00,In progress,Kenji Watanabe,45 mins
INC0011694,Core Banking L3,2026-06-27T11:58:00,Open,,45 mins
,Core Banking L3,2026-06-27T12:08:00,In progress,Mei Tan,35mins
,MM Team,2026-06-27T12:33:00,Open,,2hr 05 mins
,MM Team,2026-06-27T12:56:00,In progress,Aisha Khan,1 hr 15 mins
,MM Team,2026-06-27T13:52:00,Closed,Sofia Rossi,
INC0011695,Core Banking L3,2026-06-06T03:13:00,Open,,1hr 30 mins
,Core Banking L3,2026-06-06T03:37:00,In progress,Carlos Mendes,45mins
,Trade Support L2,2026-06-06T04:28:00,Open,,1 hr 0 mins
,Trade Support L2,2026-06-06T04:52:00,In progress,James Cole,45 mins
INC0011696,Access Management Team,2026-05-23T02:50:00,Open,,2 hr 5 mins
,Access Management Team,2026-05-23T03:10:00,In progress,Nadia Rahman,15 mins
,Risk & Compliance Ops,2026-05-23T03:46:00,Open,,1hr 00 mins
,Risk & Compliance Ops,2026-05-23T04:16:00,In progress,Priya Sharma,2hr 05 mins
,Risk & Compliance Ops,2026-05-23T04:31:00,Closed,Maria Silva,
INC0011697,Access Management Team,2026-08-25T06:55:00,Open,,2hr 05 mins
,Access Management Team,2026-08-25T07:13:00,In progress,Chloe Martin,1hr 00 mins
,Risk & Compliance Ops,2026-08-25T08:10:00,Open,,1 hr 30 mins
,Risk & Compliance Ops,2026-08-25T08:23:00,In progress,Daniel Cho,17 mins
,Risk & Compliance Ops,2026-08-25T09:14:00,Closed,Wei Zhang,
INC0011698,L3 Team,2026-08-08T04:56:00,Open,,1hr 30 mins
,L3 Team,2026-08-08T05:10:00,In progress,Noah Williams,10 mins
,MM Team,2026-08-08T05:54:00,Open,,1 hr 15 mins
,MM Team,2026-08-08T06:21:00,In progress,Priya Sharma,1 hr 0 mins
INC0011699,Payments L2 Support,2026-05-25T15:49:00,Open,,1hr 15 mins
,Payments L2 Support,2026-05-25T16:15:00,In progress,Ethan Brooks,1 hr 30 mins
,MM Team,2026-05-25T16:33:00,Open,,45 mins
,MM Team,2026-05-25T17:01:00,In progress,Kenji Watanabe,2hr 13 mins
,MM Team,2026-05-25T17:59:00,Closed,Maria Silva,
INC0011700,Core Banking L3,2026-07-10T15:08:00,Open,,1 hr 15 mins
,Core Banking L3,2026-07-10T15:30:00,In progress,Ethan Brooks,2 hr 13 mins
,Access Management Team,2026-07-10T15:48:00,Open,,45 mins
,Access Management Team,2026-07-10T16:00:00,In progress,Noah Williams,1 hr 0 mins
,SD Team,2026-07-10T16:45:00,Open,,45mins
,SD Team,2026-07-10T17:03:00,In progress,Sofia Rossi,35 mins
,SD Team,2026-07-10T17:32:00,Hold,Aisha Khan,10 mins
INC0011701,L3 Team,2026-05-23T15:33:00,Open,,45 mins
,L3 Team,2026-05-23T15:51:00,In progress,Noah Williams,10 mins
,MM Team,2026-05-23T16:24:00,Open,,2 hr 13 mins
,MM Team,2026-05-23T16:47:00,In progress,Maria Silva,45 mins
INC0011702,L2 Team,2026-08-09T15:52:00,Open,,45 mins
,L2 Team,2026-08-09T16:22:00,In progress,Mei Tan,45mins
,L1 Team,2026-08-09T17:19:00,Open,,10 mins
,L1 Team,2026-08-09T17:42:00,In progress,Noah Williams,35 mins
,FI Team,2026-08-09T18:17:00,Open,,1hr 30 mins
,FI Team,2026-08-09T18:28:00,In progress,Daniel Cho,15mins
,FI Team,2026-08-09T18:59:00,Closed,Aisha Khan,
INC0011703,Core Banking L3,2026-06-01T21:49:00,Open,,1hr 30 mins
,Core Banking L3,2026-06-01T22:12:00,In progress,Omar Siddiqui,35 mins
,Risk & Compliance Ops,2026-06-01T22:58:00,Open,,10 mins
,Risk & Compliance Ops,2026-06-01T23:12:00,In progress,Aisha Khan,1 hr 30 mins
,Risk & Compliance Ops,2026-06-01T23:27:00,Hold,Aisha Khan,1 hr 30 mins
INC0011704,L1 Team,2026-05-15T03:59:00,Open,,17 mins
,L1 Team,2026-05-15T04:28:00,In progress,Mei Tan,45 mins
,Access Management Team,2026-05-15T05:12:00,Open,,2hr 13 mins
,Access Management Team,2026-05-15T05:40:00,In progress,Omar Siddiqui,45mins
,SD Team,2026-05-15T06:33:00,Open,,17 mins
,SD Team,2026-05-15T06:43:00,In progress,Wei Zhang,45mins
INC0011705,L1 Team,2026-08-24T02:02:00,Open,,35 mins
,L1 Team,2026-08-24T02:28:00,In progress,Nadia Rahman,10 mins
,Access Management Team,2026-08-24T02:43:00,Open,,2hr 13 mins
,Access Management Team,2026-08-24T03:08:00,In progress,Hannah Lee,15 mins
,SD Team,2026-08-24T03:25:00,Open,,10mins
,SD Team,2026-08-24T03:39:00,In progress,Aisha Khan,15 mins
INC0011706,L3 Team,2026-08-23T15:17:00,Open,,1 hr 15 mins
,L3 Team,2026-08-23T15:36:00,In progress,Chloe Martin,35 mins
,Access Management Team,2026-08-23T15:53:00,Open,,45 mins
,Access Management Team,2026-08-23T16:05:00,In progress,Mei Tan,17 mins
,FI Team,2026-08-23T16:38:00,Open,,15 mins
,FI Team,2026-08-23T17:01:00,In progress,Wei Zhang,45 mins
INC0011707,L2 Team,2026-05-21T11:32:00,Open,,1 hr 0 mins
,L2 Team,2026-05-21T11:55:00,In progress,Hannah Lee,1 hr 30 mins
,FI Team,2026-05-21T12:36:00,Open,,45 mins
,FI Team,2026-05-21T12:56:00,In progress,Sofia Rossi,45 mins
,FI Team,2026-05-21T13:37:00,Closed,Maria Silva,
INC0011708,Core Banking L3,2026-06-23T15:51:00,Open,,1 hr 0 mins
,Core Banking L3,2026-06-23T16:16:00,In progress,Arjun Mehta,17 mins
,FI Team,2026-06-23T16:51:00,Open,,10 mins
,FI Team,2026-06-23T17:14:00,In progress,Sofia Rossi,10 mins
INC0011709,L3 Team,2026-07-14T07:57:00,Open,,15 mins
,L3 Team,2026-07-14T08:12:00,In progress,Mei Tan,1 hr 30 mins
,MM Team,2026-07-14T08:51:00,Open,,2 hr 5 mins
,MM Team,2026-07-14T09:06:00,In progress,Aisha Khan,45 mins
INC0011710,Access Management Team,2026-08-26T06:22:00,Open,,35 mins
,Access Management Team,2026-08-26T06:52:00,In progress,Carlos Mendes,1hr 30 mins
,Trade Support L2,2026-08-26T07:44:00,Open,,15 mins
,Trade Support L2,2026-08-26T08:04:00,In progress,Maria Silva,10 mins
,Trade Support L2,2026-08-26T08:56:00,Closed,Liam O'Connor,
INC0011711,Access Management Team,2026-08-27T00:29:00,Open,,1 hr 30 mins
,Access Management Team,2026-08-27T00:40:00,In progress,Mei Tan,17 mins
,ABAP Team,2026-08-27T01:38:00,Open,,1hr 30 mins
,ABAP Team,2026-08-27T02:08:00,In progress,Sofia Rossi,15mins
INC0011712,Core Banking L3,2026-08-26T16:21:00,Open,,45 mins
,Core Banking L3,2026-08-26T16:51:00,In progress,Emily Carter,45mins
,ABAP Team,2026-08-26T17:25:00,Open,,10 mins
,ABAP Team,2026-08-26T17:38:00,In progress,Kenji Watanabe,35 mins
,ABAP Team,2026-08-26T18:11:00,Hold,Kenji Watanabe,45mins
INC0011713,L1 Service Desk,2026-07-18T09:07:00,Open,,35 mins
,L1 Service Desk,2026-07-18T09:27:00,In progress,Hannah Lee,45 mins
,FI Team,2026-07-18T10:11:00,Open,,10 mins
,FI Team,2026-07-18T10:39:00,In progress,Daniel Cho,45 mins
,FI Team,2026-07-18T11:19:00,Closed,Liam O'Connor,
INC0011714,L1 Service Desk,2026-06-30T20:46:00,Open,,2 hr 13 mins
,L1 Service Desk,2026-06-30T20:59:00,In progress,Arjun Mehta,45 mins
,L1 Team,2026-06-30T21:17:00,Open,,15 mins
,L1 Team,2026-06-30T21:37:00,In progress,Nadia Rahman,1 hr 30 mins
,Trade Support L2,2026-06-30T22:06:00,Open,,2 hr 13 mins
,Trade Support L2,2026-06-30T22:31:00,In progress,James Cole,1 hr 15 mins
,Trade Support L2,2026-06-30T23:20:00,Closed,Sofia Rossi,
INC0011715,L1 Service Desk,2026-08-08T09:19:00,Open,,2hr 05 mins
,L1 Service Desk,2026-08-08T09:40:00,In progress,Hannah Lee,2 hr 5 mins
,MM Team,2026-08-08T10:26:00,Open,,35mins
,MM Team,2026-08-08T10:54:00,In progress,Aisha Khan,10mins
,MM Team,2026-08-08T11:13:00,Closed,Priya Sharma,
INC0011716,Access Management Team,2026-07-01T22:36:00,Open,,1 hr 0 mins
,Access Management Team,2026-07-01T23:03:00,In progress,Nadia Rahman,35mins
,Payments L2 Support,2026-07-01T23:59:00,Open,,15 mins
,Payments L2 Support,2026-07-02T00:27:00,In progress,Nadia Rahman,1hr 00 mins
,ABAP Team,2026-07-02T01:23:00,Open,,1 hr 30 mins
,ABAP Team,2026-07-02T01:41:00,In progress,Priya Sharma,1hr 00 mins
INC0011717,Access Management Team,2026-08-25T06:07:00,Open,,45mins
,Access Management Team,2026-08-25T06:23:00,In progress,Hannah Lee,1 hr 15 mins
,L3 Team,2026-08-25T07:20:00,Open,,1hr 15 mins
,L3 Team,2026-08-25T07:41:00,In progress,Chloe Martin,45 mins
,FI Team,2026-08-25T08:07:00,Open,,1 hr 15 mins
,FI Team,2026-08-25T08:37:00,In progress,Sofia Rossi,1 hr 0 mins
,FI Team,2026-08-25T09:33:00,Closed,Wei Zhang,
INC0011718,Payments L2 Support,2026-07-13T09:02:00,Open,,17 mins
,Payments L2 Support,2026-07-13T09:12:00,In progress,Chloe Martin,15 mins
,Trade Support L2,2026-07-13T10:02:00,Open,,10mins
,Trade Support L2,2026-07-13T10:15:00,In progress,Priya Sharma,2 hr 5 mins
INC0011719,Payments L2 Support,2026-07-26T23:16:00,Open,,15mins
,Payments L2 Support,2026-07-26T23:34:00,In progress,Mei Tan,10mins
,Trade Support L2,2026-07-26T23:53:00,Open,,10 mins
,Trade Support L2,2026-07-27T00:09:00,In progress,Maria Silva,1 hr 0 mins
,Trade Support L2,2026-07-27T00:34:00,Hold,Fatima Al-Sayed,45mins
INC0011720,L1 Service Desk,2026-07-02T02:55:00,Open,,10 mins
,L1 Service Desk,2026-07-02T03:13:00,In progress,Ethan Brooks,17mins
,Access Management Team,2026-07-02T03:52:00,Open,,1 hr 30 mins
,Access Management Team,2026-07-02T04:05:00,In progress,Noah Williams,45 mins
,MM Team,2026-07-02T05:01:00,Open,,2hr 05 mins
,MM Team,2026-07-02T05:20:00,In progress,Kenji Watanabe,10 mins
,MM Team,2026-07-02T06:03:00,Hold,Aisha Khan,2hr 13 mins
INC0011721,L1 Service Desk,2026-06-30T02:32:00,Open,,2 hr 13 mins
,L1 Service Desk,2026-06-30T03:00:00,In progress,Noah Williams,17 mins
,Core Banking L3,2026-06-30T03:37:00,Open,,15 mins
,Core Banking L3,2026-06-30T03:58:00,In progress,Omar Siddiqui,35mins
,Risk & Compliance Ops,2026-06-30T04:49:00,Open,,2hr 13 mins
,Risk & Compliance Ops,2026-06-30T05:08:00,In progress,Wei Zhang,45 mins
,Risk & Compliance Ops,2026-06-30T05:26:00,Closed,Daniel Cho,
INC0011722,L1 Service Desk,2026-07-23T08:54:00,Open,,1hr 30 mins
,L1 Service Desk,2026-07-23T09:24:00,In progress,Omar Siddiqui,1 hr 30 mins
,Core Banking L3,2026-07-23T10:14:00,Open,,17mins
,Core Banking L3,2026-07-23T10:27:00,In progress,Ethan Brooks,45mins
,SD Team,2026-07-23T11:10:00,Open,,45 mins
,SD Team,2026-07-23T11:34:00,In progress,Fatima Al-Sayed,35 mins
,SD Team,2026-07-23T12:28:00,Closed,Fatima Al-Sayed,
INC0011723,Core Banking L3,2026-06-15T04:37:00,Open,,35mins
,Core Banking L3,2026-06-15T04:54:00,In progress,Chloe Martin,15 mins
,Payments L2 Support,2026-06-15T05:31:00,Open,,17 mins
,Payments L2 Support,2026-06-15T05:43:00,In progress,Arjun Mehta,1hr 00 mins
,SD Team,2026-06-15T06:25:00,Open,,15 mins
,SD Team,2026-06-15T06:47:00,In progress,Maria Silva,15mins
,SD Team,2026-06-15T07:07:00,Hold,Fatima Al-Sayed,1 hr 0 mins
INC0011724,L2 Team,2026-05-12T14:09:00,Open,,35mins
,L2 Team,2026-05-12T14:20:00,In progress,Omar Siddiqui,15 mins
,SD Team,2026-05-12T15:10:00,Open,,35 mins
,SD Team,2026-05-12T15:30:00,In progress,Kenji Watanabe,1 hr 30 mins
INC0011725,L3 Team,2026-07-24T13:56:00,Open,,45 mins
,L3 Team,2026-07-24T14:11:00,In progress,Omar Siddiqui,17 mins
,L2 Team,2026-07-24T14:34:00,Open,,2 hr 5 mins
,L2 Team,2026-07-24T14:52:00,In progress,Ethan Brooks,1hr 15 mins
,FI Team,2026-07-24T15:37:00,Open,,15 mins
,FI Team,2026-07-24T16:04:00,In progress,Aisha Khan,2 hr 5 mins
,FI Team,2026-07-24T16:56:00,Hold,Aisha Khan,45 mins
INC0011726,Payments L2 Support,2026-08-26T08:46:00,Open,,17 mins
,Payments L2 Support,2026-08-26T09:14:00,In progress,Chloe Martin,1 hr 15 mins
,FI Team,2026-08-26T09:58:00,Open,,45 mins
,FI Team,2026-08-26T10:15:00,In progress,Fatima Al-Sayed,2hr 13 mins
,FI Team,2026-08-26T11:13:00,Hold,Maria Silva,45mins
INC0011727,L3 Team,2026-08-14T17:20:00,Open,,1 hr 15 mins
,L3 Team,2026-08-14T17:45:00,In progress,Emily Carter,1hr 15 mins
,SD Team,2026-08-14T18:13:00,Open,,17mins
,SD Team,2026-08-14T18:32:00,In progress,Aisha Khan,45mins
INC0011728,L3 Team,2026-07-20T17:14:00,Open,,1 hr 30 mins
,L3 Team,2026-07-20T17:26:00,In progress,Emily Carter,45 mins
,FI Team,2026-07-20T18:03:00,Open,,2 hr 5 mins
,FI Team,2026-07-20T18:27:00,In progress,Wei Zhang,10mins
INC0011729,Core Banking L3,2026-08-12T18:18:00,Open,,1 hr 0 mins
,Core Banking L3,2026-08-12T18:39:00,In progress,Chloe Martin,2hr 13 mins
,FI Team,2026-08-12T19:20:00,Open,,2hr 05 mins
,FI Team,2026-08-12T19:36:00,In progress,Fatima Al-Sayed,15 mins
INC0011730,Access Management Team,2026-07-26T02:50:00,Open,,1 hr 30 mins
,Access Management Team,2026-07-26T03:10:00,In progress,Hannah Lee,10 mins
,L1 Service Desk,2026-07-26T04:01:00,Open,,45 mins
,L1 Service Desk,2026-07-26T04:29:00,In progress,Carlos Mendes,45 mins
,ABAP Team,2026-07-26T04:47:00,Open,,15 mins
,ABAP Team,2026-07-26T05:06:00,In progress,Wei Zhang,1 hr 15 mins
,ABAP Team,2026-07-26T05:58:00,Closed,Wei Zhang,
INC0011731,L3 Team,2026-07-24T17:17:00,Open,,2 hr 5 mins
,L3 Team,2026-07-24T17:30:00,In progress,Arjun Mehta,15mins
,SD Team,2026-07-24T17:49:00,Open,,2 hr 13 mins
,SD Team,2026-07-24T18:12:00,In progress,Sofia Rossi,2 hr 5 mins
,SD Team,2026-07-24T18:34:00,Hold,Sofia Rossi,17mins
INC0011732,L3 Team,2026-06-25T06:04:00,Open,,45 mins
,L3 Team,2026-06-25T06:30:00,In progress,Mei Tan,2 hr 13 mins
,MM Team,2026-06-25T06:51:00,Open,,1 hr 15 mins
,MM Team,2026-06-25T07:07:00,In progress,Liam O'Connor,1hr 15 mins
INC0011733,Core Banking L3,2026-07-19T19:10:00,Open,,1hr 00 mins
,Core Banking L3,2026-07-19T19:25:00,In progress,Carlos Mendes,45 mins
,ABAP Team,2026-07-19T19:58:00,Open,,17 mins
,ABAP Team,2026-07-19T20:13:00,In progress,James Cole,35 mins
INC0011734,Payments L2 Support,2026-06-18T04:01:00,Open,,17 mins
,Payments L2 Support,2026-06-18T04:18:00,In progress,Mei Tan,45 mins
,Core Banking L3,2026-06-18T05:04:00,Open,,15 mins
,Core Banking L3,2026-06-18T05:21:00,In progress,Carlos Mendes,35 mins
,Trade Support L2,2026-06-18T06:00:00,Open,,10mins
,Trade Support L2,2026-06-18T06:20:00,In progress,Sofia Rossi,1 hr 15 mins
INC0011735,L1 Service Desk,2026-06-16T17:25:00,Open,,35mins
,L1 Service Desk,2026-06-16T17:51:00,In progress,Emily Carter,10 mins
,ABAP Team,2026-06-16T18:42:00,Open,,45 mins
,ABAP Team,2026-06-16T19:04:00,In progress,Aisha Khan,45 mins
,ABAP Team,2026-06-16T19:23:00,Closed,Liam O'Connor,
INC0011736,Core Banking L3,2026-05-27T13:43:00,Open,,10 mins
,Core Banking L3,2026-05-27T13:58:00,In progress,Emily Carter,1hr 15 mins
,FI Team,2026-05-27T14:38:00,Open,,1 hr 30 mins
,FI Team,2026-05-27T15:07:00,In progress,Sofia Rossi,1hr 00 mins
INC0011737,Payments L2 Support,2026-06-19T15:41:00,Open,,45 mins
,Payments L2 Support,2026-06-19T15:54:00,In progress,Noah Williams,2 hr 13 mins
,Trade Support L2,2026-06-19T16:36:00,Open,,10 mins
,Trade Support L2,2026-06-19T17:02:00,In progress,Sofia Rossi,2 hr 5 mins
INC0011738,Core Banking L3,2026-05-24T13:21:00,Open,,15 mins
,Core Banking L3,2026-05-24T13:51:00,In progress,Mei Tan,15mins
,L3 Team,2026-05-24T14:29:00,Open,,1 hr 15 mins
,L3 Team,2026-05-24T14:44:00,In progress,Mei Tan,10mins
,Risk & Compliance Ops,2026-05-24T15:20:00,Open,,45mins
,Risk & Compliance Ops,2026-05-24T15:35:00,In progress,Fatima Al-Sayed,2 hr 5 mins
INC0011739,Core Banking L3,2026-07-02T14:29:00,Open,,17mins
,Core Banking L3,2026-07-02T14:57:00,In progress,Mei Tan,45mins
,SD Team,2026-07-02T15:19:00,Open,,45 mins
,SD Team,2026-07-02T15:31:00,In progress,Priya Sharma,1hr 30 mins
INC0011740,Payments L2 Support,2026-07-28T04:20:00,Open,,45 mins
,Payments L2 Support,2026-07-28T04:43:00,In progress,Hannah Lee,17 mins
,ABAP Team,2026-07-28T05:05:00,Open,,10 mins
,ABAP Team,2026-07-28T05:29:00,In progress,Maria Silva,10 mins
,ABAP Team,2026-07-28T05:47:00,Closed,Maria Silva,
INC0011741,Core Banking L3,2026-06-08T14:13:00,Open,,2 hr 5 mins
,Core Banking L3,2026-06-08T14:39:00,In progress,Ethan Brooks,1hr 00 mins
,L3 Team,2026-06-08T15:17:00,Open,,2hr 05 mins
,L3 Team,2026-06-08T15:44:00,In progress,Emily Carter,1 hr 30 mins
,MM Team,2026-06-08T16:28:00,Open,,2 hr 5 mins
,MM Team,2026-06-08T16:45:00,In progress,Aisha Khan,1 hr 15 mins
INC0011742,L1 Service Desk,2026-08-08T14:40:00,Open,,45mins
,L1 Service Desk,2026-08-08T15:10:00,In progress,Omar Siddiqui,35 mins
,SD Team,2026-08-08T15:32:00,Open,,10 mins
,SD Team,2026-08-08T15:45:00,In progress,Aisha Khan,10mins
,SD Team,2026-08-08T16:20:00,Hold,Wei Zhang,35 mins
INC0011743,Access Management Team,2026-08-21T04:32:00,Open,,35 mins
,Access Management Team,2026-08-21T04:47:00,In progress,Ethan Brooks,45mins
,Payments L2 Support,2026-08-21T05:02:00,Open,,17 mins
,Payments L2 Support,2026-08-21T05:20:00,In progress,Omar Siddiqui,17 mins
,FI Team,2026-08-21T06:05:00,Open,,2 hr 13 mins
,FI Team,2026-08-21T06:20:00,In progress,Priya Sharma,17 mins
,FI Team,2026-08-21T06:50:00,Closed,Sofia Rossi,
INC0011744,Payments L2 Support,2026-08-26T08:39:00,Open,,1 hr 15 mins
,Payments L2 Support,2026-08-26T09:03:00,In progress,Arjun Mehta,45 mins
,MM Team,2026-08-26T09:57:00,Open,,35mins
,MM Team,2026-08-26T10:27:00,In progress,Fatima Al-Sayed,1hr 30 mins
,MM Team,2026-08-26T11:22:00,Closed,Kenji Watanabe,
INC0011745,L3 Team,2026-07-17T14:12:00,Open,,1hr 15 mins
,L3 Team,2026-07-17T14:26:00,In progress,Emily Carter,1 hr 15 mins
,L1 Team,2026-07-17T15:02:00,Open,,17 mins
,L1 Team,2026-07-17T15:13:00,In progress,Emily Carter,35mins
,Risk & Compliance Ops,2026-07-17T15:30:00,Open,,45 mins
,Risk & Compliance Ops,2026-07-17T15:40:00,In progress,Fatima Al-Sayed,1 hr 15 mins
,Risk & Compliance Ops,2026-07-17T16:13:00,Closed,Maria Silva,
INC0011746,L3 Team,2026-08-11T18:42:00,Open,,45 mins
,L3 Team,2026-08-11T18:54:00,In progress,Omar Siddiqui,2 hr 13 mins
,L2 Team,2026-08-11T19:46:00,Open,,2 hr 13 mins
,L2 Team,2026-08-11T20:14:00,In progress,Noah Williams,1hr 15 mins
,MM Team,2026-08-11T21:14:00,Open,,2 hr 5 mins
,MM Team,2026-08-11T21:34:00,In progress,Wei Zhang,35mins
,MM Team,2026-08-11T22:31:00,Closed,Wei Zhang,
INC0011747,Access Management Team,2026-05-30T12:51:00,Open,,2 hr 5 mins
,Access Management Team,2026-05-30T13:13:00,In progress,Noah Williams,1 hr 15 mins
,Risk & Compliance Ops,2026-05-30T14:09:00,Open,,10 mins
,Risk & Compliance Ops,2026-05-30T14:20:00,In progress,Liam O'Connor,17mins
INC0011748,L1 Service Desk,2026-05-30T12:21:00,Open,,15mins
,L1 Service Desk,2026-05-30T12:50:00,In progress,Nadia Rahman,15 mins
,Core Banking L3,2026-05-30T13:32:00,Open,,2 hr 13 mins
,Core Banking L3,2026-05-30T14:00:00,In progress,Ethan Brooks,15mins
,FI Team,2026-05-30T14:27:00,Open,,45mins
,FI Team,2026-05-30T14:51:00,In progress,Priya Sharma,45 mins
INC0011749,L1 Service Desk,2026-06-15T07:33:00,Open,,45 mins
,L1 Service Desk,2026-06-15T08:00:00,In progress,Hannah Lee,2hr 05 mins
,MM Team,2026-06-15T08:57:00,Open,,2hr 05 mins
,MM Team,2026-06-15T09:13:00,In progress,Sofia Rossi,1hr 15 mins
,MM Team,2026-06-15T10:00:00,Hold,Kenji Watanabe,1 hr 0 mins
INC0011750,Payments L2 Support,2026-08-24T04:17:00,Open,,45mins
,Payments L2 Support,2026-08-24T04:38:00,In progress,Hannah Lee,45mins
,ABAP Team,2026-08-24T05:10:00,Open,,45mins
,ABAP Team,2026-08-24T05:25:00,In progress,Wei Zhang,45mins
,ABAP Team,2026-08-24T06:01:00,Closed,Sofia Rossi,
INC0011751,Access Management Team,2026-06-20T07:52:00,Open,,10mins
,Access Management Team,2026-06-20T08:12:00,In progress,Omar Siddiqui,45 mins
,FI Team,2026-06-20T09:04:00,Open,,2 hr 13 mins
,FI Team,2026-06-20T09:25:00,In progress,James Cole,15 mins
INC0011752,L1 Service Desk,2026-07-07T19:41:00,Open,,15mins
,L1 Service Desk,2026-07-07T19:58:00,In progress,Omar Siddiqui,35 mins
,L3 Team,2026-07-07T20:35:00,Open,,2 hr 5 mins
,L3 Team,2026-07-07T20:55:00,In progress,Arjun Mehta,45 mins
,SD Team,2026-07-07T21:41:00,Open,,17 mins
,SD Team,2026-07-07T21:58:00,In progress,Kenji Watanabe,1 hr 0 mins
INC0011753,Access Management Team,2026-08-20T14:41:00,Open,,35mins
,Access Management Team,2026-08-20T14:56:00,In progress,Ethan Brooks,1 hr 30 mins
,L1 Team,2026-08-20T15:19:00,Open,,1 hr 30 mins
,L1 Team,2026-08-20T15:43:00,In progress,Ethan Brooks,1 hr 30 mins
,Trade Support L2,2026-08-20T16:39:00,Open,,35 mins
,Trade Support L2,2026-08-20T16:58:00,In progress,Maria Silva,2 hr 13 mins
,Trade Support L2,2026-08-20T17:33:00,Closed,Wei Zhang,
INC0011754,L2 Team,2026-06-27T19:05:00,Open,,45mins
,L2 Team,2026-06-27T19:28:00,In progress,Mei Tan,1 hr 15 mins
,MM Team,2026-06-27T19:47:00,Open,,2 hr 5 mins
,MM Team,2026-06-27T20:04:00,In progress,James Cole,10mins
INC0011755,L2 Team,2026-08-27T19:04:00,Open,,1 hr 0 mins
,L2 Team,2026-08-27T19:24:00,In progress,Mei Tan,45mins
,Access Management Team,2026-08-27T19:40:00,Open,,10 mins
,Access Management Team,2026-08-27T20:07:00,In progress,Emily Carter,1 hr 30 mins
,ABAP Team,2026-08-27T20:37:00,Open,,45mins
,ABAP Team,2026-08-27T20:58:00,In progress,Priya Sharma,10 mins
,ABAP Team,2026-08-27T21:17:00,Closed,Fatima Al-Sayed,
INC0011756,Core Banking L3,2026-08-22T06:41:00,Open,,10mins
,Core Banking L3,2026-08-22T06:53:00,In progress,Nadia Rahman,1hr 30 mins
,SD Team,2026-08-22T07:35:00,Open,,2 hr 13 mins
,SD Team,2026-08-22T08:00:00,In progress,Daniel Cho,1 hr 15 mins
INC0011757,L2 Team,2026-08-17T13:45:00,Open,,45mins
,L2 Team,2026-08-17T14:14:00,In progress,Arjun Mehta,35mins
,ABAP Team,2026-08-17T14:37:00,Open,,45 mins
,ABAP Team,2026-08-17T15:07:00,In progress,Liam O'Connor,2hr 13 mins
,ABAP Team,2026-08-17T15:38:00,Closed,Aisha Khan,
INC0011758,L3 Team,2026-07-09T04:52:00,Open,,10 mins
,L3 Team,2026-07-09T05:13:00,In progress,Mei Tan,10 mins
,L2 Team,2026-07-09T05:46:00,Open,,1 hr 0 mins
,L2 Team,2026-07-09T05:58:00,In progress,Mei Tan,45 mins
,ABAP Team,2026-07-09T06:25:00,Open,,45 mins
,ABAP Team,2026-07-09T06:45:00,In progress,Maria Silva,2hr 05 mins
INC0011759,Core Banking L3,2026-06-23T18:22:00,Open,,17mins
,Core Banking L3,2026-06-23T18:36:00,In progress,Hannah Lee,1 hr 0 mins
,MM Team,2026-06-23T19:20:00,Open,,15 mins
,MM Team,2026-06-23T19:42:00,In progress,James Cole,1 hr 30 mins
INC0011760,Core Banking L3,2026-08-22T19:27:00,Open,,1hr 15 mins
,Core Banking L3,2026-08-22T19:52:00,In progress,Omar Siddiqui,15 mins
,Payments L2 Support,2026-08-22T20:39:00,Open,,1hr 15 mins
,Payments L2 Support,2026-08-22T20:51:00,In progress,Carlos Mendes,35mins
,MM Team,2026-08-22T21:40:00,Open,,2 hr 5 mins
,MM Team,2026-08-22T22:09:00,In progress,Maria Silva,2 hr 13 mins
INC0011761,L3 Team,2026-07-10T03:27:00,Open,,1 hr 15 mins
,L3 Team,2026-07-10T03:38:00,In progress,Emily Carter,2hr 05 mins
,Risk & Compliance Ops,2026-07-10T04:13:00,Open,,1hr 30 mins
,Risk & Compliance Ops,2026-07-10T04:39:00,In progress,James Cole,2 hr 13 mins
INC0011762,L3 Team,2026-08-15T09:14:00,Open,,1 hr 30 mins
,L3 Team,2026-08-15T09:24:00,In progress,Chloe Martin,45mins
,ABAP Team,2026-08-15T10:22:00,Open,,2 hr 13 mins
,ABAP Team,2026-08-15T10:35:00,In progress,Sofia Rossi,1hr 15 mins
INC0011763,Payments L2 Support,2026-05-13T13:39:00,Open,,15mins
,Payments L2 Support,2026-05-13T14:09:00,In progress,Chloe Martin,17 mins
,L2 Team,2026-05-13T14:47:00,Open,,45 mins
,L2 Team,2026-05-13T15:16:00,In progress,Omar Siddiqui,35mins
,Risk & Compliance Ops,2026-05-13T15:42:00,Open,,2 hr 13 mins
,Risk & Compliance Ops,2026-05-13T16:02:00,In progress,Liam O'Connor,10 mins
INC0011764,Access Management Team,2026-08-16T21:24:00,Open,,10 mins
,Access Management Team,2026-08-16T21:35:00,In progress,Noah Williams,45 mins
,L1 Service Desk,2026-08-16T22:19:00,Open,,1 hr 30 mins
,L1 Service Desk,2026-08-16T22:37:00,In progress,Emily Carter,2hr 13 mins
,MM Team,2026-08-16T23:14:00,Open,,45mins
,MM Team,2026-08-16T23:34:00,In progress,Aisha Khan,2hr 13 mins
,MM Team,2026-08-17T00:06:00,Hold,Liam O'Connor,10 mins
INC0011765,L1 Service Desk,2026-08-16T05:42:00,Open,,1 hr 30 mins
,L1 Service Desk,2026-08-16T06:09:00,In progress,Noah Williams,2 hr 13 mins
,Access Management Team,2026-08-16T06:32:00,Open,,15 mins
,Access Management Team,2026-08-16T06:43:00,In progress,Noah Williams,2 hr 13 mins
,Trade Support L2,2026-08-16T06:58:00,Open,,10mins
,Trade Support L2,2026-08-16T07:17:00,In progress,Maria Silva,15 mins
,Trade Support L2,2026-08-16T07:43:00,Closed,Liam O'Connor,
INC0011766,Core Banking L3,2026-05-28T10:11:00,Open,,45mins
,Core Banking L3,2026-05-28T10:36:00,In progress,Ethan Brooks,10 mins
,MM Team,2026-05-28T10:57:00,Open,,10mins
,MM Team,2026-05-28T11:16:00,In progress,Maria Silva,1hr 00 mins
,MM Team,2026-05-28T11:36:00,Closed,Maria Silva,
INC0011767,L2 Team,2026-08-22T06:41:00,Open,,45 mins
,L2 Team,2026-08-22T07:06:00,In progress,Emily Carter,45mins
,L1 Service Desk,2026-08-22T07:56:00,Open,,1hr 00 mins
,L1 Service Desk,2026-08-22T08:08:00,In progress,Emily Carter,10 mins
,FI Team,2026-08-22T08:55:00,Open,,10 mins
,FI Team,2026-08-22T09:12:00,In progress,Wei Zhang,45 mins
INC0011768,Core Banking L3,2026-07-07T14:14:00,Open,,10 mins
,Core Banking L3,2026-07-07T14:31:00,In progress,Hannah Lee,1 hr 0 mins
,L3 Team,2026-07-07T15:13:00,Open,,1 hr 30 mins
,L3 Team,2026-07-07T15:42:00,In progress,Carlos Mendes,2 hr 5 mins
,FI Team,2026-07-07T16:00:00,Open,,2 hr 13 mins
,FI Team,2026-07-07T16:18:00,In progress,Aisha Khan,1 hr 30 mins
,FI Team,2026-07-07T17:02:00,Closed,Maria Silva,
INC0011769,L3 Team,2026-07-26T05:52:00,Open,,2 hr 5 mins
,L3 Team,2026-07-26T06:11:00,In progress,Chloe Martin,10 mins
,MM Team,2026-07-26T06:59:00,Open,,2 hr 13 mins
,MM Team,2026-07-26T07:10:00,In progress,James Cole,1hr 00 mins
INC0011770,L2 Team,2026-08-15T13:18:00,Open,,45 mins
,L2 Team,2026-08-15T13:40:00,In progress,Hannah Lee,15mins
,ABAP Team,2026-08-15T14:02:00,Open,,45mins
,ABAP Team,2026-08-15T14:14:00,In progress,Maria Silva,10 mins
INC0011771,L2 Team,2026-08-15T03:07:00,Open,,35mins
,L2 Team,2026-08-15T03:21:00,In progress,Chloe Martin,2hr 13 mins
,L1 Service Desk,2026-08-15T03:54:00,Open,,10mins
,L1 Service Desk,2026-08-15T04:14:00,In progress,Emily Carter,17 mins
,SD Team,2026-08-15T04:34:00,Open,,2 hr 13 mins
,SD Team,2026-08-15T04:50:00,In progress,James Cole,15 mins
,SD Team,2026-08-15T05:21:00,Closed,James Cole,
INC0011772,L1 Team,2026-06-30T00:55:00,Open,,10mins
,L1 Team,2026-06-30T01:09:00,In progress,Omar Siddiqui,10 mins
,Risk & Compliance Ops,2026-06-30T01:30:00,Open,,1 hr 0 mins
,Risk & Compliance Ops,2026-06-30T01:58:00,In progress,Aisha Khan,10 mins
INC0011773,L2 Team,2026-08-22T13:47:00,Open,,2hr 13 mins
,L2 Team,2026-08-22T14:05:00,In progress,Noah Williams,2hr 13 mins
,ABAP Team,2026-08-22T14:48:00,Open,,35mins
,ABAP Team,2026-08-22T15:09:00,In progress,Fatima Al-Sayed,45mins
,ABAP Team,2026-08-22T15:32:00,Hold,Priya Sharma,1 hr 0 mins
INC0011774,L1 Team,2026-05-10T08:37:00,Open,,2 hr 13 mins
,L1 Team,2026-05-10T09:05:00,In progress,Hannah Lee,45mins
,Core Banking L3,2026-05-10T09:29:00,Open,,1 hr 0 mins
,Core Banking L3,2026-05-10T09:41:00,In progress,Omar Siddiqui,45 mins
,SD Team,2026-05-10T10:24:00,Open,,45mins
,SD Team,2026-05-10T10:38:00,In progress,Kenji Watanabe,1 hr 30 mins
,SD Team,2026-05-10T11:34:00,Closed,Fatima Al-Sayed,
INC0011775,Payments L2 Support,2026-05-16T11:39:00,Open,,45mins
,Payments L2 Support,2026-05-16T12:07:00,In progress,Carlos Mendes,10 mins
,ABAP Team,2026-05-16T12:34:00,Open,,45mins
,ABAP Team,2026-05-16T12:55:00,In progress,Fatima Al-Sayed,35 mins
INC0011776,Core Banking L3,2026-06-13T00:07:00,Open,,2 hr 13 mins
,Core Banking L3,2026-06-13T00:37:00,In progress,Hannah Lee,2 hr 13 mins
,FI Team,2026-06-13T01:24:00,Open,,45 mins
,FI Team,2026-06-13T01:49:00,In progress,Liam O'Connor,1 hr 15 mins
,FI Team,2026-06-13T02:46:00,Hold,Liam O'Connor,2 hr 5 mins
INC0011777,Access Management Team,2026-08-17T14:17:00,Open,,45 mins
,Access Management Team,2026-08-17T14:31:00,In progress,Hannah Lee,1hr 15 mins
,L2 Team,2026-08-17T15:17:00,Open,,1hr 15 mins
,L2 Team,2026-08-17T15:36:00,In progress,Hannah Lee,2hr 05 mins
,SD Team,2026-08-17T16:07:00,Open,,35 mins
,SD Team,2026-08-17T16:26:00,In progress,Kenji Watanabe,45 mins
,SD Team,2026-08-17T16:44:00,Closed,Kenji Watanabe,
INC0011778,Payments L2 Support,2026-08-19T09:52:00,Open,,17 mins
,Payments L2 Support,2026-08-19T10:11:00,In progress,Ethan Brooks,1 hr 0 mins
,Access Management Team,2026-08-19T11:08:00,Open,,1hr 15 mins
,Access Management Team,2026-08-19T11:29:00,In progress,Nadia Rahman,1hr 15 mins
,Risk & Compliance Ops,2026-08-19T12:21:00,Open,,1hr 30 mins
,Risk & Compliance Ops,2026-08-19T12:51:00,In progress,Kenji Watanabe,10mins
INC0011779,L1 Team,2026-08-06T14:30:00,Open,,45 mins
,L1 Team,2026-08-06T14:54:00,In progress,Arjun Mehta,45 mins
,ABAP Team,2026-08-06T15:31:00,Open,,2hr 05 mins
,ABAP Team,2026-08-06T15:42:00,In progress,James Cole,1 hr 0 mins
,ABAP Team,2026-08-06T16:33:00,Closed,Fatima Al-Sayed,
INC0011780,Access Management Team,2026-07-04T22:46:00,Open,,45 mins
,Access Management Team,2026-07-04T22:56:00,In progress,Noah Williams,1 hr 0 mins
,Trade Support L2,2026-07-04T23:34:00,Open,,15mins
,Trade Support L2,2026-07-04T23:59:00,In progress,Liam O'Connor,35 mins
,Trade Support L2,2026-07-05T00:57:00,Hold,Kenji Watanabe,10 mins
INC0011781,L1 Team,2026-08-11T03:21:00,Open,,2 hr 13 mins
,L1 Team,2026-08-11T03:49:00,In progress,Mei Tan,1hr 30 mins
,Core Banking L3,2026-08-11T04:21:00,Open,,17 mins
,Core Banking L3,2026-08-11T04:48:00,In progress,Noah Williams,2 hr 13 mins
,FI Team,2026-08-11T05:30:00,Open,,1 hr 15 mins
,FI Team,2026-08-11T05:48:00,In progress,Fatima Al-Sayed,1 hr 0 mins
INC0011782,Access Management Team,2026-08-27T04:09:00,Open,,45mins
,Access Management Team,2026-08-27T04:38:00,In progress,Hannah Lee,1 hr 15 mins
,L3 Team,2026-08-27T05:25:00,Open,,15 mins
,L3 Team,2026-08-27T05:49:00,In progress,Nadia Rahman,15 mins
,Risk & Compliance Ops,2026-08-27T06:49:00,Open,,2 hr 13 mins
,Risk & Compliance Ops,2026-08-27T07:03:00,In progress,Priya Sharma,15mins
,Risk & Compliance Ops,2026-08-27T07:32:00,Closed,Priya Sharma,
INC0011783,L1 Team,2026-08-15T13:36:00,Open,,2 hr 5 mins
,L1 Team,2026-08-15T13:58:00,In progress,Noah Williams,1hr 15 mins
,L2 Team,2026-08-15T14:19:00,Open,,1hr 15 mins
,L2 Team,2026-08-15T14:37:00,In progress,Hannah Lee,10 mins
,FI Team,2026-08-15T15:16:00,Open,,45 mins
,FI Team,2026-08-15T15:28:00,In progress,Wei Zhang,1hr 30 mins
INC0011784,L1 Team,2026-05-19T04:48:00,Open,,45 mins
,L1 Team,2026-05-19T05:02:00,In progress,Noah Williams,1 hr 30 mins
,ABAP Team,2026-05-19T05:55:00,Open,,1 hr 15 mins
,ABAP Team,2026-05-19T06:14:00,In progress,Sofia Rossi,2hr 05 mins
INC0011785,L1 Service Desk,2026-08-26T06:43:00,Open,,1hr 15 mins
,L1 Service Desk,2026-08-26T07:01:00,In progress,Noah Williams,35mins
,MM Team,2026-08-26T07:29:00,Open,,45 mins
,MM Team,2026-08-26T07:46:00,In progress,Maria Silva,35mins
INC0011786,Payments L2 Support,2026-08-09T08:22:00,Open,,1 hr 0 mins
,Payments L2 Support,2026-08-09T08:50:00,In progress,Chloe Martin,45 mins
,L2 Team,2026-08-09T09:07:00,Open,,10 mins
,L2 Team,2026-08-09T09:29:00,In progress,Chloe Martin,1 hr 15 mins
,Risk & Compliance Ops,2026-08-09T09:48:00,Open,,2 hr 13 mins
,Risk & Compliance Ops,2026-08-09T10:06:00,In progress,Daniel Cho,1 hr 0 mins
INC0011787,Access Management Team,2026-07-07T06:02:00,Open,,1 hr 15 mins
,Access Management Team,2026-07-07T06:23:00,In progress,Ethan Brooks,35 mins
,L3 Team,2026-07-07T06:39:00,Open,,45 mins
,L3 Team,2026-07-07T06:49:00,In progress,Mei Tan,35 mins
,FI Team,2026-07-07T07:39:00,Open,,10mins
,FI Team,2026-07-07T08:07:00,In progress,Sofia Rossi,10 mins
INC0011788,Access Management Team,2026-06-26T17:09:00,Open,,1hr 15 mins
,Access Management Team,2026-06-26T17:26:00,In progress,Ethan Brooks,17mins
,FI Team,2026-06-26T18:11:00,Open,,45 mins
,FI Team,2026-06-26T18:30:00,In progress,Daniel Cho,45 mins
,FI Team,2026-06-26T18:55:00,Closed,Maria Silva,
INC0011789,Payments L2 Support,2026-08-19T06:33:00,Open,,10mins
,Payments L2 Support,2026-08-19T06:47:00,In progress,Arjun Mehta,10mins
,Core Banking L3,2026-08-19T07:05:00,Open,,1 hr 15 mins
,Core Banking L3,2026-08-19T07:20:00,In progress,Emily Carter,2 hr 13 mins
,Trade Support L2,2026-08-19T08:05:00,Open,,17 mins
,Trade Support L2,2026-08-19T08:31:00,In progress,Fatima Al-Sayed,45 mins
INC0011790,Payments L2 Support,2026-08-18T14:31:00,Open,,45mins
,Payments L2 Support,2026-08-18T14:54:00,In progress,Nadia Rahman,35 mins
,Trade Support L2,2026-08-18T15:13:00,Open,,2 hr 5 mins
,Trade Support L2,2026-08-18T15:39:00,In progress,Maria Silva,45 mins
,Trade Support L2,2026-08-18T16:23:00,Closed,Sofia Rossi,
INC0011791,L2 Team,2026-07-06T01:57:00,Open,,35 mins
,L2 Team,2026-07-06T02:24:00,In progress,Arjun Mehta,1 hr 0 mins
,FI Team,2026-07-06T03:17:00,Open,,15 mins
,FI Team,2026-07-06T03:37:00,In progress,Priya Sharma,17mins
INC0011792,L2 Team,2026-08-12T14:29:00,Open,,10 mins
,L2 Team,2026-08-12T14:55:00,In progress,Chloe Martin,1 hr 15 mins
,ABAP Team,2026-08-12T15:32:00,Open,,1hr 15 mins
,ABAP Team,2026-08-12T15:52:00,In progress,Daniel Cho,45 mins
,ABAP Team,2026-08-12T16:44:00,Hold,Sofia Rossi,2 hr 5 mins
INC0011793,L1 Team,2026-05-10T10:50:00,Open,,1 hr 15 mins
,L1 Team,2026-05-10T11:07:00,In progress,Carlos Mendes,2hr 13 mins
,L3 Team,2026-05-10T11:30:00,Open,,1 hr 15 mins
,L3 Team,2026-05-10T11:56:00,In progress,Omar Siddiqui,15mins
,Risk & Compliance Ops,2026-05-10T12:18:00,Open,,17 mins
,Risk & Compliance Ops,2026-05-10T12:37:00,In progress,Aisha Khan,2 hr 13 mins
INC0011794,L1 Team,2026-08-27T21:23:00,Open,,45 mins
,L1 Team,2026-08-27T21:37:00,In progress,Chloe Martin,1hr 00 mins
,Core Banking L3,2026-08-27T22:34:00,Open,,35 mins
,Core Banking L3,2026-08-27T23:03:00,In progress,Carlos Mendes,15 mins
,Trade Support L2,2026-08-28T00:03:00,Open,,1hr 00 mins
,Trade Support L2,2026-08-28T00:21:00,In progress,Priya Sharma,1 hr 15 mins
,Trade Support L2,2026-08-28T01:19:00,Closed,Daniel Cho,
INC0011795,Payments L2 Support,2026-07-07T08:45:00,Open,,45mins
,Payments L2 Support,2026-07-07T08:57:00,In progress,Emily Carter,10 mins
,L3 Team,2026-07-07T09:53:00,Open,,1hr 00 mins
,L3 Team,2026-07-07T10:23:00,In progress,Noah Williams,1hr 00 mins
,MM Team,2026-07-07T10:43:00,Open,,2 hr 5 mins
,MM Team,2026-07-07T11:13:00,In progress,Fatima Al-Sayed,1 hr 30 mins
,MM Team,2026-07-07T11:48:00,Hold,Fatima Al-Sayed,1 hr 15 mins
INC0011796,L3 Team,2026-08-15T23:00:00,Open,,35 mins
,L3 Team,2026-08-15T23:23:00,In progress,Omar Siddiqui,2 hr 13 mins
,Risk & Compliance Ops,2026-08-16T00:16:00,Open,,17 mins
,Risk & Compliance Ops,2026-08-16T00:33:00,In progress,Maria Silva,1 hr 30 mins
,Risk & Compliance Ops,2026-08-16T01:05:00,Hold,Maria Silva,10 mins
INC0011797,Core Banking L3,2026-07-23T12:51:00,Open,,1hr 00 mins
,Core Banking L3,2026-07-23T13:03:00,In progress,Chloe Martin,45 mins
,Payments L2 Support,2026-07-23T13:55:00,Open,,17 mins
,Payments L2 Support,2026-07-23T14:23:00,In progress,Ethan Brooks,10 mins
,FI Team,2026-07-23T15:20:00,Open,,17 mins
,FI Team,2026-07-23T15:36:00,In progress,Sofia Rossi,1 hr 15 mins
,FI Team,2026-07-23T16:00:00,Closed,Sofia Rossi,
INC0011798,L2 Team,2026-08-09T15:00:00,Open,,35 mins
,L2 Team,2026-08-09T15:10:00,In progress,Hannah Lee,1 hr 15 mins
,L1 Team,2026-08-09T15:57:00,Open,,2hr 05 mins
,L1 Team,2026-08-09T16:25:00,In progress,Mei Tan,35 mins
,FI Team,2026-08-09T17:25:00,Open,,45 mins
,FI Team,2026-08-09T17:47:00,In progress,Priya Sharma,10mins
INC0011799,Access Management Team,2026-07-24T02:10:00,Open,,1 hr 15 mins
,Access Management Team,2026-07-24T02:26:00,In progress,Arjun Mehta,35 mins
,SD Team,2026-07-24T02:53:00,Open,,45 mins
,SD Team,2026-07-24T03:10:00,In progress,Kenji Watanabe,45mins
,SD Team,2026-07-24T03:37:00,Closed,Wei Zhang,
INC0011800,L1 Service Desk,2026-08-26T23:51:00,Open,,45mins
,L1 Service Desk,2026-08-27T00:20:00,In progress,Ethan Brooks,1 hr 15 mins
,Core Banking L3,2026-08-27T01:06:00,Open,,10 mins
,Core Banking L3,2026-08-27T01:17:00,In progress,Carlos Mendes,45 mins
,Risk & Compliance Ops,2026-08-27T01:38:00,Open,,35 mins
,Risk & Compliance Ops,2026-08-27T02:02:00,In progress,Priya Sharma,10 mins
,Risk & Compliance Ops,2026-08-27T02:54:00,Closed,James Cole,
INC0011801,L3 Team,2026-08-18T16:42:00,Open,,1 hr 0 mins
,L3 Team,2026-08-18T17:06:00,In progress,Nadia Rahman,2hr 13 mins
,Access Management Team,2026-08-18T17:36:00,Open,,1 hr 30 mins
,Access Management Team,2026-08-18T18:00:00,In progress,Emily Carter,45 mins
,FI Team,2026-08-18T19:00:00,Open,,45 mins
,FI Team,2026-08-18T19:20:00,In progress,Liam O'Connor,45mins
INC0011802,L1 Team,2026-06-05T16:50:00,Open,,45mins
,L1 Team,2026-06-05T17:15:00,In progress,Hannah Lee,17 mins
,Payments L2 Support,2026-06-05T18:02:00,Open,,45 mins
,Payments L2 Support,2026-06-05T18:32:00,In progress,Noah Williams,15mins
,FI Team,2026-06-05T19:25:00,Open,,1 hr 15 mins
,FI Team,2026-06-05T19:48:00,In progress,Aisha Khan,45mins
,FI Team,2026-06-05T20:39:00,Hold,Wei Zhang,15mins
INC0011803,L2 Team,2026-08-08T22:43:00,Open,,35mins
,L2 Team,2026-08-08T23:11:00,In progress,Ethan Brooks,17 mins
,Trade Support L2,2026-08-08T23:46:00,Open,,10 mins
,Trade Support L2,2026-08-09T00:10:00,In progress,James Cole,35 mins
,Trade Support L2,2026-08-09T01:07:00,Hold,Priya Sharma,45mins
INC0011804,Access Management Team,2026-07-16T03:15:00,Open,,1hr 15 mins
,Access Management Team,2026-07-16T03:27:00,In progress,Hannah Lee,15mins
,L3 Team,2026-07-16T04:11:00,Open,,2 hr 13 mins
,L3 Team,2026-07-16T04:33:00,In progress,Hannah Lee,45 mins
,MM Team,2026-07-16T05:23:00,Open,,35mins
,MM Team,2026-07-16T05:35:00,In progress,James Cole,1 hr 0 mins
,MM Team,2026-07-16T06:09:00,Hold,Sofia Rossi,1 hr 15 mins
INC0011805,Access Management Team,2026-08-18T16:39:00,Open,,1hr 00 mins
,Access Management Team,2026-08-18T17:04:00,In progress,Chloe Martin,1hr 00 mins
,Core Banking L3,2026-08-18T17:49:00,Open,,1 hr 0 mins
,Core Banking L3,2026-08-18T18:16:00,In progress,Emily Carter,1 hr 30 mins
,MM Team,2026-08-18T18:52:00,Open,,17mins
,MM Team,2026-08-18T19:15:00,In progress,Liam O'Connor,45 mins
,MM Team,2026-08-18T19:41:00,Closed,James Cole,
INC0011806,L1 Team,2026-08-18T03:57:00,Open,,2 hr 5 mins
,L1 Team,2026-08-18T04:23:00,In progress,Noah Williams,2 hr 5 mins
,L3 Team,2026-08-18T05:10:00,Open,,1 hr 15 mins
,L3 Team,2026-08-18T05:34:00,In progress,Carlos Mendes,17 mins
,Risk & Compliance Ops,2026-08-18T05:49:00,Open,,2 hr 13 mins
,Risk & Compliance Ops,2026-08-18T06:16:00,In progress,Sofia Rossi,10 mins
INC0011807,Payments L2 Support,2026-08-24T15:01:00,Open,,1 hr 15 mins
,Payments L2 Support,2026-08-24T15:18:00,In progress,Chloe Martin,2hr 13 mins
,Risk & Compliance Ops,2026-08-24T15:35:00,Open,,1 hr 15 mins
,Risk & Compliance Ops,2026-08-24T15:54:00,In progress,Kenji Watanabe,1 hr 0 mins
INC0011808,L2 Team,2026-08-28T00:40:00,Open,,15 mins
,L2 Team,2026-08-28T00:57:00,In progress,Nadia Rahman,15mins
,FI Team,2026-08-28T01:56:00,Open,,2 hr 5 mins
,FI Team,2026-08-28T02:13:00,In progress,Priya Sharma,15 mins
INC0011809,Core Banking L3,2026-05-14T01:27:00,Open,,45 mins
,Core Banking L3,2026-05-14T01:53:00,In progress,Ethan Brooks,45 mins
,L1 Team,2026-05-14T02:41:00,Open,,1hr 15 mins
,L1 Team,2026-05-14T03:02:00,In progress,Noah Williams,45 mins
,MM Team,2026-05-14T03:26:00,Open,,15 mins
,MM Team,2026-05-14T03:38:00,In progress,Priya Sharma,1 hr 0 mins
,MM Team,2026-05-14T04:22:00,Hold,Kenji Watanabe,1 hr 15 mins
INC0011810,L3 Team,2026-06-24T08:40:00,Open,,1 hr 15 mins
,L3 Team,2026-06-24T09:07:00,In progress,Nadia Rahman,2 hr 13 mins
,ABAP Team,2026-06-24T09:51:00,Open,,15mins
,ABAP Team,2026-06-24T10:08:00,In progress,Daniel Cho,1hr 00 mins
,ABAP Team,2026-06-24T11:02:00,Closed,Daniel Cho,
INC0011811,Access Management Team,2026-06-13T22:44:00,Open,,2hr 05 mins
,Access Management Team,2026-06-13T23:11:00,In progress,Hannah Lee,15 mins
,Risk & Compliance Ops,2026-06-14T00:07:00,Open,,17 mins
,Risk & Compliance Ops,2026-06-14T00:29:00,In progress,Priya Sharma,15mins
,Risk & Compliance Ops,2026-06-14T01:23:00,Hold,Fatima Al-Sayed,15mins
INC0011812,L3 Team,2026-08-23T08:07:00,Open,,2hr 05 mins
,L3 Team,2026-08-23T08:37:00,In progress,Noah Williams,2 hr 5 mins
,MM Team,2026-08-23T09:17:00,Open,,2 hr 13 mins
,MM Team,2026-08-23T09:36:00,In progress,Wei Zhang,1 hr 0 mins
,MM Team,2026-08-23T10:14:00,Closed,James Cole,
INC0011813,L2 Team,2026-08-07T18:23:00,Open,,2 hr 5 mins
,L2 Team,2026-08-07T18:52:00,In progress,Emily Carter,15 mins
,L1 Service Desk,2026-08-07T19:15:00,Open,,2hr 13 mins
,L1 Service Desk,2026-08-07T19:27:00,In progress,Emily Carter,2 hr 13 mins
,MM Team,2026-08-07T20:02:00,Open,,2 hr 13 mins
,MM Team,2026-08-07T20:12:00,In progress,Aisha Khan,1 hr 30 mins
,MM Team,2026-08-07T20:56:00,Closed,Wei Zhang,
INC0011814,L1 Team,2026-08-14T16:03:00,Open,,2 hr 13 mins
,L1 Team,2026-08-14T16:31:00,In progress,Arjun Mehta,2hr 13 mins
,SD Team,2026-08-14T17:08:00,Open,,1 hr 0 mins
,SD Team,2026-08-14T17:27:00,In progress,Sofia Rossi,1 hr 0 mins
,SD Team,2026-08-14T17:53:00,Closed,Aisha Khan,
INC0011815,L3 Team,2026-07-10T02:59:00,Open,,35mins
,L3 Team,2026-07-10T03:16:00,In progress,Omar Siddiqui,10mins
,L1 Service Desk,2026-07-10T03:40:00,Open,,45 mins
,L1 Service Desk,2026-07-10T03:54:00,In progress,Omar Siddiqui,35mins
,MM Team,2026-07-10T04:43:00,Open,,45 mins
,MM Team,2026-07-10T05:00:00,In progress,Priya Sharma,2hr 13 mins
INC0011816,Access Management Team,2026-06-15T12:29:00,Open,,45 mins
,Access Management Team,2026-06-15T12:47:00,In progress,Arjun Mehta,17 mins
,Payments L2 Support,2026-06-15T13:35:00,Open,,45 mins
,Payments L2 Support,2026-06-15T13:56:00,In progress,Mei Tan,45 mins
,Risk & Compliance Ops,2026-06-15T14:11:00,Open,,2 hr 5 mins
,Risk & Compliance Ops,2026-06-15T14:28:00,In progress,Wei Zhang,1 hr 30 mins
,Risk & Compliance Ops,2026-06-15T15:20:00,Closed,Fatima Al-Sayed,
INC0011817,L1 Team,2026-07-06T02:01:00,Open,,45 mins
,L1 Team,2026-07-06T02:20:00,In progress,Nadia Rahman,15 mins
,L2 Team,2026-07-06T03:14:00,Open,,10 mins
,L2 Team,2026-07-06T03:39:00,In progress,Omar Siddiqui,1 hr 30 mins
,SD Team,2026-07-06T04:09:00,Open,,35 mins
,SD Team,2026-07-06T04:34:00,In progress,Maria Silva,2 hr 13 mins
,SD Team,2026-07-06T05:03:00,Hold,Maria Silva,1hr 00 mins
INC0011818,L1 Service Desk,2026-08-10T22:50:00,Open,,1 hr 15 mins
,L1 Service Desk,2026-08-10T23:14:00,In progress,Nadia Rahman,45 mins
,Access Management Team,2026-08-10T23:48:00,Open,,1 hr 30 mins
,Access Management Team,2026-08-11T00:07:00,In progress,Emily Carter,17 mins
,ABAP Team,2026-08-11T00:48:00,Open,,45mins
,ABAP Team,2026-08-11T01:05:00,In progress,Fatima Al-Sayed,35mins
INC0011819,L2 Team,2026-07-15T23:03:00,Open,,10 mins
,L2 Team,2026-07-15T23:15:00,In progress,Noah Williams,35 mins
,L1 Service Desk,2026-07-15T23:44:00,Open,,2 hr 13 mins
,L1 Service Desk,2026-07-16T00:12:00,In progress,Arjun Mehta,17 mins
,Trade Support L2,2026-07-16T01:06:00,Open,,1 hr 30 mins
,Trade Support L2,2026-07-16T01:36:00,In progress,Sofia Rossi,1 hr 30 mins
,Trade Support L2,2026-07-16T02:09:00,Closed,Maria Silva,
INC0011820,L2 Team,2026-08-12T16:47:00,Open,,2 hr 5 mins
,L2 Team,2026-08-12T17:01:00,In progress,Emily Carter,35 mins
,Trade Support L2,2026-08-12T17:23:00,Open,,15 mins
,Trade Support L2,2026-08-12T17:47:00,In progress,Sofia Rossi,2 hr 5 mins
,Trade Support L2,2026-08-12T18:38:00,Hold,Sofia Rossi,45 mins
INC0011821,L3 Team,2026-07-30T10:45:00,Open,,15mins
,L3 Team,2026-07-30T10:57:00,In progress,Noah Williams,17 mins
,FI Team,2026-07-30T11:57:00,Open,,2 hr 13 mins
,FI Team,2026-07-30T12:17:00,In progress,Fatima Al-Sayed,15 mins
INC0011822,Access Management Team,2026-07-02T07:35:00,Open,,1hr 00 mins
,Access Management Team,2026-07-02T07:51:00,In progress,Carlos Mendes,45 mins
,L3 Team,2026-07-02T08:16:00,Open,,2hr 05 mins
,L3 Team,2026-07-02T08:44:00,In progress,Omar Siddiqui,17 mins
,FI Team,2026-07-02T09:43:00,Open,,10mins
,FI Team,2026-07-02T09:54:00,In progress,Maria Silva,2 hr 13 mins
,FI Team,2026-07-02T10:19:00,Closed,Maria Silva,
INC0011823,L3 Team,2026-08-15T01:55:00,Open,,1 hr 15 mins
,L3 Team,2026-08-15T02:06:00,In progress,Mei Tan,1 hr 15 mins
,FI Team,2026-08-15T02:41:00,Open,,15 mins
,FI Team,2026-08-15T03:10:00,In progress,Aisha Khan,35mins
,FI Team,2026-08-15T03:48:00,Hold,Aisha Khan,10 mins
INC0011824,L1 Team,2026-06-13T12:52:00,Open,,1 hr 0 mins
,L1 Team,2026-06-13T13:22:00,In progress,Omar Siddiqui,1 hr 30 mins
,Trade Support L2,2026-06-13T14:04:00,Open,,1hr 15 mins
,Trade Support L2,2026-06-13T14:24:00,In progress,Liam O'Connor,1hr 00 mins
,Trade Support L2,2026-06-13T15:14:00,Hold,Kenji Watanabe,15 mins
INC0011825,L1 Service Desk,2026-08-26T09:53:00,Open,,35 mins
,L1 Service Desk,2026-08-26T10:11:00,In progress,Omar Siddiqui,2 hr 13 mins
,Core Banking L3,2026-08-26T10:40:00,Open,,17mins
,Core Banking L3,2026-08-26T10:59:00,In progress,Omar Siddiqui,45mins
,ABAP Team,2026-08-26T11:56:00,Open,,1hr 30 mins
,ABAP Team,2026-08-26T12:08:00,In progress,Maria Silva,1 hr 0 mins
INC0011826,L1 Team,2026-05-29T02:57:00,Open,,1 hr 15 mins
,L1 Team,2026-05-29T03:17:00,In progress,Emily Carter,1hr 30 mins
,L1 Service Desk,2026-05-29T03:38:00,Open,,1hr 15 mins
,L1 Service Desk,2026-05-29T04:06:00,In progress,Hannah Lee,2hr 05 mins
,SD Team,2026-05-29T04:58:00,Open,,1 hr 0 mins
,SD Team,2026-05-29T05:09:00,In progress,Aisha Khan,35 mins
INC0011827,L2 Team,2026-06-29T09:37:00,Open,,1 hr 0 mins
,L2 Team,2026-06-29T09:55:00,In progress,Noah Williams,15 mins
,Risk & Compliance Ops,2026-06-29T10:46:00,Open,,17 mins
,Risk & Compliance Ops,2026-06-29T10:58:00,In progress,Liam O'Connor,45 mins
INC0011828,Access Management Team,2026-07-31T18:32:00,Open,,1 hr 15 mins
,Access Management Team,2026-07-31T18:46:00,In progress,Noah Williams,1hr 00 mins
,Core Banking L3,2026-07-31T19:03:00,Open,,45 mins
,Core Banking L3,2026-07-31T19:22:00,In progress,Noah Williams,1hr 00 mins
,FI Team,2026-07-31T19:50:00,Open,,2hr 05 mins
,FI Team,2026-07-31T20:01:00,In progress,Daniel Cho,15 mins
INC0011829,L2 Team,2026-06-14T13:19:00,Open,,1 hr 30 mins
,L2 Team,2026-06-14T13:32:00,In progress,Omar Siddiqui,35 mins
,Risk & Compliance Ops,2026-06-14T14:27:00,Open,,45mins
,Risk & Compliance Ops,2026-06-14T14:43:00,In progress,Fatima Al-Sayed,17 mins
,Risk & Compliance Ops,2026-06-14T15:36:00,Closed,Sofia Rossi,
INC0011830,Core Banking L3,2026-08-18T00:58:00,Open,,2hr 13 mins
,Core Banking L3,2026-08-18T01:26:00,In progress,Omar Siddiqui,17mins
,Trade Support L2,2026-08-18T01:57:00,Open,,1 hr 0 mins
,Trade Support L2,2026-08-18T02:27:00,In progress,Maria Silva,45 mins
INC0011831,Payments L2 Support,2026-07-01T09:47:00,Open,,1 hr 30 mins
,Payments L2 Support,2026-07-01T10:06:00,In progress,Chloe Martin,1 hr 15 mins
,MM Team,2026-07-01T11:00:00,Open,,1 hr 15 mins
,MM Team,2026-07-01T11:14:00,In progress,Liam O'Connor,45 mins
INC0011832,L1 Service Desk,2026-05-26T23:38:00,Open,,1 hr 30 mins
,L1 Service Desk,2026-05-27T00:01:00,In progress,Arjun Mehta,2 hr 13 mins
,Payments L2 Support,2026-05-27T00:56:00,Open,,45 mins
,Payments L2 Support,2026-05-27T01:22:00,In progress,Omar Siddiqui,1 hr 30 mins
,SD Team,2026-05-27T02:20:00,Open,,10mins
,SD Team,2026-05-27T02:40:00,In progress,Fatima Al-Sayed,17 mins
,SD Team,2026-05-27T03:35:00,Closed,Fatima Al-Sayed,
INC0011833,Access Management Team,2026-08-21T03:37:00,Open,,1 hr 0 mins
,Access Management Team,2026-08-21T03:51:00,In progress,Arjun Mehta,17 mins
,L2 Team,2026-08-21T04:34:00,Open,,17 mins
,L2 Team,2026-08-21T04:51:00,In progress,Hannah Lee,1 hr 0 mins
,MM Team,2026-08-21T05:51:00,Open,,17 mins
,MM Team,2026-08-21T06:02:00,In progress,Liam O'Connor,1 hr 15 mins
,MM Team,2026-08-21T06:29:00,Hold,Aisha Khan,45mins
INC0011834,L1 Service Desk,2026-05-30T17:00:00,Open,,10 mins
,L1 Service Desk,2026-05-30T17:13:00,In progress,Hannah Lee,2 hr 5 mins
,Access Management Team,2026-05-30T17:52:00,Open,,15mins
,Access Management Team,2026-05-30T18:03:00,In progress,Mei Tan,1 hr 0 mins
,ABAP Team,2026-05-30T18:50:00,Open,,1 hr 0 mins
,ABAP Team,2026-05-30T19:16:00,In progress,Daniel Cho,1 hr 15 mins
,ABAP Team,2026-05-30T19:41:00,Closed,Liam O'Connor,
INC0011835,L1 Team,2026-06-12T02:35:00,Open,,2 hr 13 mins
,L1 Team,2026-06-12T03:04:00,In progress,Hannah Lee,15mins
,L2 Team,2026-06-12T03:46:00,Open,,2 hr 5 mins
,L2 Team,2026-06-12T04:06:00,In progress,Omar Siddiqui,15 mins
,Trade Support L2,2026-06-12T05:03:00,Open,,10mins
,Trade Support L2,2026-06-12T05:30:00,In progress,Fatima Al-Sayed,2 hr 13 mins
INC0011836,Payments L2 Support,2026-08-11T11:15:00,Open,,15 mins
,Payments L2 Support,2026-08-11T11:43:00,In progress,Hannah Lee,1hr 15 mins
,ABAP Team,2026-08-11T12:35:00,Open,,17mins
,ABAP Team,2026-08-11T12:51:00,In progress,Maria Silva,1 hr 15 mins
INC0011837,L1 Team,2026-07-18T03:53:00,Open,,17 mins
,L1 Team,2026-07-18T04:03:00,In progress,Hannah Lee,35 mins
,Trade Support L2,2026-07-18T04:50:00,Open,,17 mins
,Trade Support L2,2026-07-18T05:00:00,In progress,Wei Zhang,35mins
,Trade Support L2,2026-07-18T05:21:00,Closed,Sofia Rossi,
INC0011838,L1 Team,2026-05-21T01:31:00,Open,,35 mins
,L1 Team,2026-05-21T02:01:00,In progress,Carlos Mendes,2 hr 13 mins
,FI Team,2026-05-21T02:34:00,Open,,2 hr 5 mins
,FI Team,2026-05-21T02:49:00,In progress,James Cole,17 mins
,FI Team,2026-05-21T03:06:00,Closed,Wei Zhang,
INC0011839,Payments L2 Support,2026-08-24T11:08:00,Open,,1hr 00 mins
,Payments L2 Support,2026-08-24T11:23:00,In progress,Noah Williams,15 mins
,Risk & Compliance Ops,2026-08-24T12:17:00,Open,,10 mins
,Risk & Compliance Ops,2026-08-24T12:30:00,In progress,Maria Silva,1 hr 15 mins
INC0011840,Payments L2 Support,2026-08-19T16:35:00,Open,,10 mins
,Payments L2 Support,2026-08-19T16:45:00,In progress,Noah Williams,1hr 15 mins
,Core Banking L3,2026-08-19T17:21:00,Open,,35 mins
,Core Banking L3,2026-08-19T17:40:00,In progress,Mei Tan,35 mins
,Trade Support L2,2026-08-19T18:08:00,Open,,1hr 30 mins
,Trade Support L2,2026-08-19T18:21:00,In progress,Sofia Rossi,15 mins
,Trade Support L2,2026-08-19T18:54:00,Closed,Maria Silva,
INC0011841,Payments L2 Support,2026-05-16T05:59:00,Open,,1 hr 15 mins
,Payments L2 Support,2026-05-16T06:10:00,In progress,Mei Tan,1 hr 15 mins
,L1 Team,2026-05-16T06:33:00,Open,,1 hr 15 mins
,L1 Team,2026-05-16T07:00:00,In progress,Emily Carter,45 mins
,ABAP Team,2026-05-16T07:17:00,Open,,2 hr 13 mins
,ABAP Team,2026-05-16T07:43:00,In progress,Priya Sharma,1 hr 30 mins
,ABAP Team,2026-05-16T08:10:00,Hold,Liam O'Connor,2 hr 13 mins
INC0011842,L2 Team,2026-08-05T20:21:00,Open,,17 mins
,L2 Team,2026-08-05T20:43:00,In progress,Arjun Mehta,10 mins
,FI Team,2026-08-05T21:36:00,Open,,35 mins
,FI Team,2026-08-05T21:54:00,In progress,James Cole,1 hr 30 mins
,FI Team,2026-08-05T22:17:00,Closed,Sofia Rossi,
INC0011843,L1 Service Desk,2026-07-17T23:24:00,Open,,17mins
,L1 Service Desk,2026-07-17T23:35:00,In progress,Emily Carter,35 mins
,L2 Team,2026-07-17T23:56:00,Open,,1hr 00 mins
,L2 Team,2026-07-18T00:24:00,In progress,Hannah Lee,17mins
,SD Team,2026-07-18T00:52:00,Open,,1hr 00 mins
,SD Team,2026-07-18T01:02:00,In progress,James Cole,15 mins
INC0011844,L1 Team,2026-06-19T11:28:00,Open,,1 hr 15 mins
,L1 Team,2026-06-19T11:55:00,In progress,Noah Williams,2 hr 5 mins
,MM Team,2026-06-19T12:21:00,Open,,45 mins
,MM Team,2026-06-19T12:47:00,In progress,Kenji Watanabe,45 mins
INC0011845,L2 Team,2026-08-14T23:34:00,Open,,17 mins
,L2 Team,2026-08-15T00:03:00,In progress,Mei Tan,45 mins
,L1 Team,2026-08-15T00:48:00,Open,,2hr 13 mins
,L1 Team,2026-08-15T01:04:00,In progress,Arjun Mehta,45mins
,FI Team,2026-08-15T01:19:00,Open,,35 mins
,FI Team,2026-08-15T01:48:00,In progress,Maria Silva,15 mins
INC0011846,L1 Team,2026-06-16T15:06:00,Open,,45 mins
,L1 Team,2026-06-16T15:32:00,In progress,Omar Siddiqui,17mins
,L1 Service Desk,2026-06-16T16:05:00,Open,,1hr 00 mins
,L1 Service Desk,2026-06-16T16:29:00,In progress,Nadia Rahman,1 hr 15 mins
,SD Team,2026-06-16T17:00:00,Open,,2hr 05 mins
,SD Team,2026-06-16T17:11:00,In progress,Priya Sharma,1 hr 30 mins
INC0011847,Core Banking L3,2026-06-16T21:56:00,Open,,1hr 00 mins
,Core Banking L3,2026-06-16T22:15:00,In progress,Hannah Lee,1 hr 30 mins
,MM Team,2026-06-16T22:50:00,Open,,10 mins
,MM Team,2026-06-16T23:15:00,In progress,Wei Zhang,1 hr 15 mins
INC0011848,L2 Team,2026-08-25T01:09:00,Open,,1 hr 30 mins
,L2 Team,2026-08-25T01:37:00,In progress,Arjun Mehta,15mins
,Core Banking L3,2026-08-25T02:27:00,Open,,35 mins
,Core Banking L3,2026-08-25T02:37:00,In progress,Hannah Lee,15 mins
,FI Team,2026-08-25T03:02:00,Open,,35 mins
,FI Team,2026-08-25T03:12:00,In progress,Liam O'Connor,35 mins
INC0011849,L1 Team,2026-08-10T21:16:00,Open,,2 hr 5 mins
,L1 Team,2026-08-10T21:37:00,In progress,Ethan Brooks,45 mins
,Risk & Compliance Ops,2026-08-10T22:17:00,Open,,15mins
,Risk & Compliance Ops,2026-08-10T22:42:00,In progress,Liam O'Connor,1 hr 15 mins
INC0011850,L1 Team,2026-07-27T18:59:00,Open,,45mins
,L1 Team,2026-07-27T19:20:00,In progress,Ethan Brooks,2hr 05 mins
,Core Banking L3,2026-07-27T20:07:00,Open,,1hr 30 mins
,Core Banking L3,2026-07-27T20:23:00,In progress,Emily Carter,17 mins
,MM Team,2026-07-27T20:41:00,Open,,2 hr 13 mins
,MM Team,2026-07-27T20:51:00,In progress,Liam O'Connor,2hr 13 mins
INC0011851,L2 Team,2026-08-24T15:26:00,Open,,2 hr 13 mins
,L2 Team,2026-08-24T15:39:00,In progress,Noah Williams,15 mins
,Risk & Compliance Ops,2026-08-24T16:15:00,Open,,1 hr 15 mins
,Risk & Compliance Ops,2026-08-24T16:37:00,In progress,Maria Silva,1hr 15 mins
,Risk & Compliance Ops,2026-08-24T16:56:00,Hold,Fatima Al-Sayed,45 mins
INC0011852,Core Banking L3,2026-07-30T01:39:00,Open,,1 hr 15 mins
,Core Banking L3,2026-07-30T02:07:00,In progress,Hannah Lee,15 mins
,L1 Team,2026-07-30T02:49:00,Open,,45 mins
,L1 Team,2026-07-30T03:01:00,In progress,Ethan Brooks,1 hr 15 mins
,ABAP Team,2026-07-30T03:24:00,Open,,2 hr 13 mins
,ABAP Team,2026-07-30T03:51:00,In progress,Priya Sharma,45mins
,ABAP Team,2026-07-30T04:28:00,Closed,Aisha Khan,
INC0011853,Payments L2 Support,2026-06-14T04:28:00,Open,,1 hr 15 mins
,Payments L2 Support,2026-06-14T04:42:00,In progress,Carlos Mendes,17 mins
,L2 Team,2026-06-14T05:36:00,Open,,45mins
,L2 Team,2026-06-14T06:04:00,In progress,Nadia Rahman,1hr 30 mins
,MM Team,2026-06-14T06:52:00,Open,,1 hr 15 mins
,MM Team,2026-06-14T07:13:00,In progress,Daniel Cho,1 hr 15 mins
,MM Team,2026-06-14T07:57:00,Hold,Wei Zhang,2 hr 5 mins
INC0011854,Core Banking L3,2026-06-24T06:51:00,Open,,45mins
,Core Banking L3,2026-06-24T07:16:00,In progress,Emily Carter,17mins
,Trade Support L2,2026-06-24T07:47:00,Open,,2 hr 5 mins
,Trade Support L2,2026-06-24T08:15:00,In progress,Daniel Cho,1 hr 0 mins
INC0011855,Core Banking L3,2026-06-11T09:36:00,Open,,1hr 30 mins
,Core Banking L3,2026-06-11T09:58:00,In progress,Carlos Mendes,1hr 30 mins
,Risk & Compliance Ops,2026-06-11T10:30:00,Open,,1 hr 15 mins
,Risk & Compliance Ops,2026-06-11T10:58:00,In progress,Aisha Khan,45mins
INC0011856,L2 Team,2026-08-02T23:51:00,Open,,2 hr 5 mins
,L2 Team,2026-08-03T00:18:00,In progress,Chloe Martin,2hr 13 mins
,Core Banking L3,2026-08-03T00:58:00,Open,,17 mins
,Core Banking L3,2026-08-03T01:23:00,In progress,Omar Siddiqui,35 mins
,FI Team,2026-08-03T01:57:00,Open,,1 hr 0 mins
,FI Team,2026-08-03T02:12:00,In progress,Priya Sharma,15 mins
,FI Team,2026-08-03T02:54:00,Closed,Aisha Khan,
INC0011857,Access Management Team,2026-07-21T12:22:00,Open,,45mins
,Access Management Team,2026-07-21T12:36:00,In progress,Nadia Rahman,1 hr 0 mins
,L1 Team,2026-07-21T13:03:00,Open,,45mins
,L1 Team,2026-07-21T13:23:00,In progress,Nadia Rahman,1 hr 0 mins
,ABAP Team,2026-07-21T14:03:00,Open,,1 hr 30 mins
,ABAP Team,2026-07-21T14:26:00,In progress,Wei Zhang,35 mins
INC0011858,L1 Team,2026-08-26T21:44:00,Open,,45 mins
,L1 Team,2026-08-26T22:05:00,In progress,Emily Carter,2hr 13 mins
,L3 Team,2026-08-26T22:33:00,Open,,45 mins
,L3 Team,2026-08-26T22:47:00,In progress,Carlos Mendes,15 mins
,SD Team,2026-08-26T23:23:00,Open,,2hr 05 mins
,SD Team,2026-08-26T23:42:00,In progress,Fatima Al-Sayed,45 mins
INC0011859,L2 Team,2026-07-19T20:56:00,Open,,1 hr 30 mins
,L2 Team,2026-07-19T21:15:00,In progress,Noah Williams,2hr 13 mins
,L1 Team,2026-07-19T21:54:00,Open,,35mins
,L1 Team,2026-07-19T22:07:00,In progress,Hannah Lee,15 mins
,Trade Support L2,2026-07-19T23:01:00,Open,,1hr 00 mins
,Trade Support L2,2026-07-19T23:26:00,In progress,Sofia Rossi,17 mins
INC0011860,L3 Team,2026-07-08T12:32:00,Open,,2 hr 5 mins
,L3 Team,2026-07-08T12:56:00,In progress,Noah Williams,45 mins
,L2 Team,2026-07-08T13:24:00,Open,,45 mins
,L2 Team,2026-07-08T13:54:00,In progress,Mei Tan,2 hr 5 mins
,Risk & Compliance Ops,2026-07-08T14:40:00,Open,,2 hr 13 mins
,Risk & Compliance Ops,2026-07-08T14:53:00,In progress,Sofia Rossi,10 mins
INC0011861,Access Management Team,2026-08-07T14:41:00,Open,,45mins
,Access Management Team,2026-08-07T14:53:00,In progress,Carlos Mendes,45 mins
,L1 Team,2026-08-07T15:44:00,Open,,17mins
,L1 Team,2026-08-07T16:01:00,In progress,Arjun Mehta,1 hr 15 mins
,SD Team,2026-08-07T16:26:00,Open,,35 mins
,SD Team,2026-08-07T16:36:00,In progress,Daniel Cho,15 mins
INC0011862,L3 Team,2026-07-12T22:57:00,Open,,1 hr 15 mins
,L3 Team,2026-07-12T23:27:00,In progress,Chloe Martin,17 mins
,L2 Team,2026-07-12T23:55:00,Open,,10mins
,L2 Team,2026-07-13T00:07:00,In progress,Chloe Martin,10 mins
,Trade Support L2,2026-07-13T00:48:00,Open,,2hr 05 mins
,Trade Support L2,2026-07-13T01:01:00,In progress,Priya Sharma,1 hr 0 mins
,Trade Support L2,2026-07-13T01:56:00,Closed,Kenji Watanabe,
INC0011863,L3 Team,2026-06-02T23:32:00,Open,,17 mins
,L3 Team,2026-06-02T23:58:00,In progress,Arjun Mehta,1hr 00 mins
,Payments L2 Support,2026-06-03T00:13:00,Open,,1 hr 0 mins
,Payments L2 Support,2026-06-03T00:31:00,In progress,Hannah Lee,2 hr 5 mins
,ABAP Team,2026-06-03T00:52:00,Open,,17 mins
,ABAP Team,2026-06-03T01:02:00,In progress,Wei Zhang,35 mins
INC0011864,L1 Team,2026-08-23T09:15:00,Open,,10 mins
,L1 Team,2026-08-23T09:40:00,In progress,Hannah Lee,2 hr 5 mins
,SD Team,2026-08-23T10:21:00,Open,,1 hr 30 mins
,SD Team,2026-08-23T10:51:00,In progress,Wei Zhang,15 mins
,SD Team,2026-08-23T11:09:00,Closed,Daniel Cho,
INC0011865,L3 Team,2026-08-23T00:08:00,Open,,2 hr 5 mins
,L3 Team,2026-08-23T00:27:00,In progress,Noah Williams,45 mins
,Trade Support L2,2026-08-23T01:11:00,Open,,1 hr 0 mins
,Trade Support L2,2026-08-23T01:40:00,In progress,Daniel Cho,1hr 30 mins
,Trade Support L2,2026-08-23T02:05:00,Hold,Priya Sharma,10mins
INC0011866,L1 Team,2026-05-30T04:20:00,Open,,17 mins
,L1 Team,2026-05-30T04:42:00,In progress,Arjun Mehta,2hr 13 mins
,L3 Team,2026-05-30T05:11:00,Open,,1 hr 15 mins
,L3 Team,2026-05-30T05:28:00,In progress,Ethan Brooks,1 hr 0 mins
,SD Team,2026-05-30T06:28:00,Open,,2hr 05 mins
,SD Team,2026-05-30T06:43:00,In progress,Fatima Al-Sayed,45mins
,SD Team,2026-05-30T07:36:00,Closed,Liam O'Connor,
INC0011867,Core Banking L3,2026-08-02T11:27:00,Open,,1 hr 0 mins
,Core Banking L3,2026-08-02T11:52:00,In progress,Mei Tan,17mins
,L1 Service Desk,2026-08-02T12:21:00,Open,,10 mins
,L1 Service Desk,2026-08-02T12:41:00,In progress,Ethan Brooks,2 hr 13 mins
,Trade Support L2,2026-08-02T13:37:00,Open,,35 mins
,Trade Support L2,2026-08-02T14:01:00,In progress,Kenji Watanabe,10 mins
,Trade Support L2,2026-08-02T14:35:00,Hold,James Cole,10 mins
INC0011868,Payments L2 Support,2026-05-11T21:21:00,Open,,2 hr 13 mins
,Payments L2 Support,2026-05-11T21:34:00,In progress,Hannah Lee,35mins
,SD Team,2026-05-11T21:52:00,Open,,45 mins
,SD Team,2026-05-11T22:02:00,In progress,Wei Zhang,1hr 30 mins
,SD Team,2026-05-11T22:52:00,Closed,Kenji Watanabe,
INC0011869,L1 Service Desk,2026-08-24T02:46:00,Open,,2hr 05 mins
,L1 Service Desk,2026-08-24T03:02:00,In progress,Hannah Lee,45mins
,Core Banking L3,2026-08-24T03:46:00,Open,,1 hr 0 mins
,Core Banking L3,2026-08-24T04:11:00,In progress,Hannah Lee,15 mins
,ABAP Team,2026-08-24T04:31:00,Open,,1hr 30 mins
,ABAP Team,2026-08-24T04:45:00,In progress,Kenji Watanabe,2 hr 13 mins
INC0011870,Access Management Team,2026-08-24T02:39:00,Open,,15mins
,Access Management Team,2026-08-24T02:49:00,In progress,Noah Williams,45 mins
,Core Banking L3,2026-08-24T03:41:00,Open,,45 mins
,Core Banking L3,2026-08-24T04:07:00,In progress,Hannah Lee,2 hr 5 mins
,SD Team,2026-08-24T04:36:00,Open,,45 mins
,SD Team,2026-08-24T04:56:00,In progress,Aisha Khan,45mins
INC0011871,Access Management Team,2026-08-24T14:32:00,Open,,2hr 05 mins
,Access Management Team,2026-08-24T14:43:00,In progress,Chloe Martin,2hr 13 mins
,L1 Service Desk,2026-08-24T15:18:00,Open,,1 hr 15 mins
,L1 Service Desk,2026-08-24T15:43:00,In progress,Carlos Mendes,1 hr 30 mins
,Trade Support L2,2026-08-24T16:20:00,Open,,17 mins
,Trade Support L2,2026-08-24T16:32:00,In progress,Wei Zhang,17 mins
,Trade Support L2,2026-08-24T17:22:00,Closed,Liam O'Connor,
INC0011872,Access Management Team,2026-07-09T05:37:00,Open,,10 mins
,Access Management Team,2026-07-09T06:02:00,In progress,Noah Williams,17 mins
,Payments L2 Support,2026-07-09T06:54:00,Open,,2 hr 13 mins
,Payments L2 Support,2026-07-09T07:23:00,In progress,Omar Siddiqui,45 mins
,Trade Support L2,2026-07-09T07:51:00,Open,,1hr 00 mins
,Trade Support L2,2026-07-09T08:09:00,In progress,Fatima Al-Sayed,2 hr 5 mins
,Trade Support L2,2026-07-09T08:27:00,Closed,Wei Zhang,
INC0011873,Core Banking L3,2026-08-18T10:14:00,Open,,45 mins
,Core Banking L3,2026-08-18T10:25:00,In progress,Arjun Mehta,1hr 30 mins
,Risk & Compliance Ops,2026-08-18T10:45:00,Open,,15 mins
,Risk & Compliance Ops,2026-08-18T11:04:00,In progress,Wei Zhang,1 hr 0 mins
INC0011874,L3 Team,2026-05-17T19:08:00,Open,,1hr 30 mins
,L3 Team,2026-05-17T19:20:00,In progress,Nadia Rahman,2 hr 13 mins
,L2 Team,2026-05-17T20:05:00,Open,,1 hr 0 mins
,L2 Team,2026-05-17T20:22:00,In progress,Hannah Lee,17mins
,Trade Support L2,2026-05-17T20:55:00,Open,,45 mins
,Trade Support L2,2026-05-17T21:18:00,In progress,Priya Sharma,45 mins
INC0011875,L2 Team,2026-08-16T21:24:00,Open,,35 mins
,L2 Team,2026-08-16T21:42:00,In progress,Emily Carter,15mins
,L1 Team,2026-08-16T22:35:00,Open,,1 hr 15 mins
,L1 Team,2026-08-16T23:00:00,In progress,Ethan Brooks,17mins
,MM Team,2026-08-16T23:26:00,Open,,45mins
,MM Team,2026-08-16T23:42:00,In progress,Aisha Khan,1 hr 30 mins
,MM Team,2026-08-17T00:15:00,Hold,James Cole,2 hr 5 mins
INC0011876,Access Management Team,2026-06-06T17:00:00,Open,,10 mins
,Access Management Team,2026-06-06T17:16:00,In progress,Carlos Mendes,10mins
,MM Team,2026-06-06T17:54:00,Open,,15mins
,MM Team,2026-06-06T18:24:00,In progress,Liam O'Connor,35 mins
INC0011877,L1 Team,2026-08-16T08:46:00,Open,,2 hr 13 mins
,L1 Team,2026-08-16T09:16:00,In progress,Nadia Rahman,15 mins
,Core Banking L3,2026-08-16T10:01:00,Open,,1 hr 30 mins
,Core Banking L3,2026-08-16T10:12:00,In progress,Emily Carter,10mins
,FI Team,2026-08-16T10:42:00,Open,,1 hr 15 mins
,FI Team,2026-08-16T11:05:00,In progress,Maria Silva,1hr 15 mins
,FI Team,2026-08-16T11:49:00,Closed,Aisha Khan,
INC0011878,Access Management Team,2026-07-21T12:22:00,Open,,45 mins
,Access Management Team,2026-07-21T12:43:00,In progress,Emily Carter,35 mins
,L1 Service Desk,2026-07-21T13:30:00,Open,,15mins
,L1 Service Desk,2026-07-21T13:50:00,In progress,Hannah Lee,35 mins
,MM Team,2026-07-21T14:12:00,Open,,10 mins
,MM Team,2026-07-21T14:34:00,In progress,Fatima Al-Sayed,35mins
INC0011879,L2 Team,2026-08-10T10:58:00,Open,,1 hr 30 mins
,L2 Team,2026-08-10T11:12:00,In progress,Ethan Brooks,35 mins
,Access Management Team,2026-08-10T12:08:00,Open,,15 mins
,Access Management Team,2026-08-10T12:29:00,In progress,Emily Carter,45mins
,ABAP Team,2026-08-10T13:17:00,Open,,10 mins
,ABAP Team,2026-08-10T13:27:00,In progress,Wei Zhang,1hr 00 mins
INC0011880,L2 Team,2026-08-19T06:17:00,Open,,1hr 00 mins
,L2 Team,2026-08-19T06:36:00,In progress,Emily Carter,45mins
,L1 Service Desk,2026-08-19T06:58:00,Open,,45 mins
,L1 Service Desk,2026-08-19T07:24:00,In progress,Chloe Martin,1 hr 0 mins
,ABAP Team,2026-08-19T07:45:00,Open,,1hr 00 mins
,ABAP Team,2026-08-19T08:12:00,In progress,Sofia Rossi,2 hr 13 mins
,ABAP Team,2026-08-19T08:56:00,Closed,Liam O'Connor,
INC0011881,L2 Team,2026-05-25T06:26:00,Open,,2hr 05 mins
,L2 Team,2026-05-25T06:37:00,In progress,Omar Siddiqui,2hr 05 mins
,L1 Team,2026-05-25T07:22:00,Open,,17 mins
,L1 Team,2026-05-25T07:37:00,In progress,Arjun Mehta,17 mins
,FI Team,2026-05-25T08:15:00,Open,,35 mins
,FI Team,2026-05-25T08:39:00,In progress,Wei Zhang,45mins
,FI Team,2026-05-25T09:05:00,Hold,Maria Silva,1 hr 30 mins
INC0011882,Payments L2 Support,2026-08-26T04:33:00,Open,,2hr 05 mins
,Payments L2 Support,2026-08-26T05:02:00,In progress,Hannah Lee,15 mins
,Trade Support L2,2026-08-26T06:00:00,Open,,2 hr 5 mins
,Trade Support L2,2026-08-26T06:12:00,In progress,Liam O'Connor,45 mins
,Trade Support L2,2026-08-26T07:09:00,Closed,Liam O'Connor,
INC0011883,Access Management Team,2026-08-24T17:27:00,Open,,35mins
,Access Management Team,2026-08-24T17:37:00,In progress,Arjun Mehta,45 mins
,L3 Team,2026-08-24T18:15:00,Open,,17 mins
,L3 Team,2026-08-24T18:29:00,In progress,Ethan Brooks,1hr 00 mins
,FI Team,2026-08-24T19:18:00,Open,,45 mins
,FI Team,2026-08-24T19:28:00,In progress,Fatima Al-Sayed,2hr 05 mins
INC0011884,Access Management Team,2026-08-12T18:00:00,Open,,2hr 13 mins
,Access Management Team,2026-08-12T18:22:00,In progress,Chloe Martin,10mins
,L1 Team,2026-08-12T19:16:00,Open,,2 hr 13 mins
,L1 Team,2026-08-12T19:39:00,In progress,Chloe Martin,17mins
,ABAP Team,2026-08-12T20:15:00,Open,,17mins
,ABAP Team,2026-08-12T20:25:00,In progress,Fatima Al-Sayed,45mins
,ABAP Team,2026-08-12T20:44:00,Closed,Fatima Al-Sayed,
INC0011885,L2 Team,2026-06-11T23:42:00,Open,,1 hr 0 mins
,L2 Team,2026-06-11T23:59:00,In progress,Ethan Brooks,15 mins
,L3 Team,2026-06-12T00:56:00,Open,,45 mins
,L3 Team,2026-06-12T01:21:00,In progress,Noah Williams,2 hr 13 mins
,Trade Support L2,2026-06-12T01:41:00,Open,,45 mins
,Trade Support L2,2026-06-12T02:06:00,In progress,Sofia Rossi,17 mins
INC0011886,Core Banking L3,2026-08-23T04:49:00,Open,,1 hr 30 mins
,Core Banking L3,2026-08-23T05:05:00,In progress,Mei Tan,1hr 00 mins
,L2 Team,2026-08-23T06:03:00,Open,,1hr 30 mins
,L2 Team,2026-08-23T06:15:00,In progress,Arjun Mehta,1hr 00 mins
,Trade Support L2,2026-08-23T07:03:00,Open,,15 mins
,Trade Support L2,2026-08-23T07:24:00,In progress,Maria Silva,15mins
,Trade Support L2,2026-08-23T07:59:00,Closed,Sofia Rossi,
INC0011887,L1 Team,2026-08-26T09:04:00,Open,,1 hr 30 mins
,L1 Team,2026-08-26T09:23:00,In progress,Nadia Rahman,1 hr 0 mins
,L1 Service Desk,2026-08-26T09:53:00,Open,,1hr 00 mins
,L1 Service Desk,2026-08-26T10:16:00,In progress,Hannah Lee,2hr 05 mins
,MM Team,2026-08-26T10:51:00,Open,,1 hr 0 mins
,MM Team,2026-08-26T11:03:00,In progress,Aisha Khan,35mins
INC0011888,L2 Team,2026-08-08T16:40:00,Open,,45 mins
,L2 Team,2026-08-08T16:52:00,In progress,Omar Siddiqui,1 hr 0 mins
,Access Management Team,2026-08-08T17:32:00,Open,,15mins
,Access Management Team,2026-08-08T17:46:00,In progress,Hannah Lee,17mins
,FI Team,2026-08-08T18:46:00,Open,,2hr 05 mins
,FI Team,2026-08-08T19:05:00,In progress,Daniel Cho,1 hr 0 mins
INC0011889,Payments L2 Support,2026-07-05T06:06:00,Open,,1 hr 30 mins
,Payments L2 Support,2026-07-05T06:35:00,In progress,Omar Siddiqui,35 mins
,L1 Service Desk,2026-07-05T07:26:00,Open,,1 hr 0 mins
,L1 Service Desk,2026-07-05T07:37:00,In progress,Hannah Lee,17 mins
,Risk & Compliance Ops,2026-07-05T08:32:00,Open,,35 mins
,Risk & Compliance Ops,2026-07-05T09:00:00,In progress,Wei Zhang,17 mins
INC0011890,L1 Service Desk,2026-08-18T15:04:00,Open,,17 mins
,L1 Service Desk,2026-08-18T15:14:00,In progress,Noah Williams,1hr 15 mins
,SD Team,2026-08-18T15:54:00,Open,,10 mins
,SD Team,2026-08-18T16:19:00,In progress,Kenji Watanabe,35 mins
,SD Team,2026-08-18T17:12:00,Hold,James Cole,2 hr 5 mins
INC0011891,L1 Service Desk,2026-07-06T02:21:00,Open,,2 hr 13 mins
,L1 Service Desk,2026-07-06T02:47:00,In progress,Omar Siddiqui,35 mins
,Trade Support L2,2026-07-06T03:02:00,Open,,17 mins
,Trade Support L2,2026-07-06T03:18:00,In progress,Priya Sharma,1 hr 0 mins
INC0011892,L1 Service Desk,2026-06-09T15:08:00,Open,,45 mins
,L1 Service Desk,2026-06-09T15:32:00,In progress,Carlos Mendes,17mins
,L2 Team,2026-06-09T16:20:00,Open,,45 mins
,L2 Team,2026-06-09T16:30:00,In progress,Arjun Mehta,10 mins
,Trade Support L2,2026-06-09T16:55:00,Open,,10 mins
,Trade Support L2,2026-06-09T17:09:00,In progress,Liam O'Connor,1 hr 30 mins
INC0011893,Access Management Team,2026-08-15T11:26:00,Open,,35mins
,Access Management Team,2026-08-15T11:46:00,In progress,Ethan Brooks,35 mins
,Core Banking L3,2026-08-15T12:27:00,Open,,15 mins
,Core Banking L3,2026-08-15T12:54:00,In progress,Noah Williams,10 mins
,MM Team,2026-08-15T13:43:00,Open,,1 hr 0 mins
,MM Team,2026-08-15T14:11:00,In progress,Sofia Rossi,1 hr 30 mins
INC0011894,Core Banking L3,2026-07-09T13:13:00,Open,,1hr 30 mins
,Core Banking L3,2026-07-09T13:29:00,In progress,Emily Carter,15 mins
,ABAP Team,2026-07-09T14:25:00,Open,,1 hr 30 mins
,ABAP Team,2026-07-09T14:49:00,In progress,Maria Silva,2 hr 5 mins
,ABAP Team,2026-07-09T15:17:00,Closed,Kenji Watanabe,
INC0011895,L1 Service Desk,2026-08-27T20:57:00,Open,,2 hr 13 mins
,L1 Service Desk,2026-08-27T21:26:00,In progress,Carlos Mendes,1 hr 15 mins
,L2 Team,2026-08-27T22:13:00,Open,,15mins
,L2 Team,2026-08-27T22:30:00,In progress,Noah Williams,1hr 00 mins
,MM Team,2026-08-27T23:22:00,Open,,45 mins
,MM Team,2026-08-27T23:38:00,In progress,Kenji Watanabe,2hr 13 mins
,MM Team,2026-08-28T00:32:00,Hold,Kenji Watanabe,17mins
INC0011896,L1 Team,2026-05-30T21:22:00,Open,,45 mins
,L1 Team,2026-05-30T21:43:00,In progress,Nadia Rahman,2 hr 13 mins
,L2 Team,2026-05-30T22:04:00,Open,,2 hr 13 mins
,L2 Team,2026-05-30T22:18:00,In progress,Carlos Mendes,45 mins
,MM Team,2026-05-30T23:17:00,Open,,45 mins
,MM Team,2026-05-30T23:41:00,In progress,Sofia Rossi,10mins
INC0011897,L3 Team,2026-08-04T23:24:00,Open,,1hr 30 mins
,L3 Team,2026-08-04T23:51:00,In progress,Chloe Martin,15 mins
,MM Team,2026-08-05T00:50:00,Open,,1hr 00 mins
,MM Team,2026-08-05T01:04:00,In progress,Liam O'Connor,2hr 05 mins
,MM Team,2026-08-05T01:53:00,Closed,Fatima Al-Sayed,
INC0011898,L2 Team,2026-06-12T05:52:00,Open,,1 hr 30 mins
,L2 Team,2026-06-12T06:18:00,In progress,Noah Williams,10mins
,Core Banking L3,2026-06-12T06:37:00,Open,,45 mins
,Core Banking L3,2026-06-12T06:55:00,In progress,Ethan Brooks,1hr 15 mins
,Risk & Compliance Ops,2026-06-12T07:27:00,Open,,35 mins
,Risk & Compliance Ops,2026-06-12T07:39:00,In progress,Kenji Watanabe,45 mins
,Risk & Compliance Ops,2026-06-12T08:20:00,Hold,Sofia Rossi,17mins
INC0011899,Core Banking L3,2026-06-15T11:50:00,Open,,15mins
,Core Banking L3,2026-06-15T12:20:00,In progress,Hannah Lee,2 hr 5 mins
,MM Team,2026-06-15T12:36:00,Open,,17mins
,MM Team,2026-06-15T12:55:00,In progress,Daniel Cho,45mins
,MM Team,2026-06-15T13:28:00,Closed,Aisha Khan,
INC0011900,Core Banking L3,2026-06-13T02:00:00,Open,,1hr 15 mins
,Core Banking L3,2026-06-13T02:22:00,In progress,Arjun Mehta,35mins
,L3 Team,2026-06-13T03:11:00,Open,,1hr 00 mins
,L3 Team,2026-06-13T03:41:00,In progress,Emily Carter,2 hr 5 mins
,MM Team,2026-06-13T04:40:00,Open,,45mins
,MM Team,2026-06-13T05:02:00,In progress,Maria Silva,1 hr 30 mins
INC0011901,Payments L2 Support,2026-05-20T19:35:00,Open,,2 hr 13 mins
,Payments L2 Support,2026-05-20T19:56:00,In progress,Carlos Mendes,1 hr 0 mins
,Trade Support L2,2026-05-20T20:18:00,Open,,45 mins
,Trade Support L2,2026-05-20T20:32:00,In progress,Maria Silva,10 mins
,Trade Support L2,2026-05-20T21:11:00,Hold,James Cole,1hr 30 mins
INC0011902,L1 Service Desk,2026-06-28T18:41:00,Open,,1hr 30 mins
,L1 Service Desk,2026-06-28T19:08:00,In progress,Carlos Mendes,1 hr 15 mins
,ABAP Team,2026-06-28T19:23:00,Open,,10 mins
,ABAP Team,2026-06-28T19:53:00,In progress,Aisha Khan,1 hr 30 mins
,ABAP Team,2026-06-28T20:14:00,Hold,James Cole,17 mins
INC0011903,L1 Service Desk,2026-08-05T07:35:00,Open,,35 mins
,L1 Service Desk,2026-08-05T07:50:00,In progress,Arjun Mehta,35mins
,Access Management Team,2026-08-05T08:33:00,Open,,35 mins
,Access Management Team,2026-08-05T08:51:00,In progress,Ethan Brooks,35 mins
,MM Team,2026-08-05T09:29:00,Open,,10 mins
,MM Team,2026-08-05T09:59:00,In progress,Kenji Watanabe,2 hr 13 mins
INC0011904,L1 Service Desk,2026-08-24T12:04:00,Open,,1hr 15 mins
,L1 Service Desk,2026-08-24T12:20:00,In progress,Ethan Brooks,1 hr 15 mins
,Core Banking L3,2026-08-24T12:55:00,Open,,45 mins
,Core Banking L3,2026-08-24T13:19:00,In progress,Carlos Mendes,35 mins
,SD Team,2026-08-24T13:59:00,Open,,2 hr 5 mins
,SD Team,2026-08-24T14:27:00,In progress,Sofia Rossi,45 mins
INC0011905,Core Banking L3,2026-07-12T01:50:00,Open,,2 hr 13 mins
,Core Banking L3,2026-07-12T02:11:00,In progress,Mei Tan,1 hr 0 mins
,L2 Team,2026-07-12T02:33:00,Open,,10 mins
,L2 Team,2026-07-12T02:53:00,In progress,Hannah Lee,15 mins
,Trade Support L2,2026-07-12T03:45:00,Open,,1hr 00 mins
,Trade Support L2,2026-07-12T03:59:00,In progress,Sofia Rossi,45 mins
,Trade Support L2,2026-07-12T04:46:00,Closed,Priya Sharma,
INC0011906,Payments L2 Support,2026-07-16T22:45:00,Open,,10 mins
,Payments L2 Support,2026-07-16T23:04:00,In progress,Omar Siddiqui,15 mins
,L1 Team,2026-07-16T23:57:00,Open,,1 hr 15 mins
,L1 Team,2026-07-17T00:07:00,In progress,Arjun Mehta,10 mins
,SD Team,2026-07-17T00:59:00,Open,,10 mins
,SD Team,2026-07-17T01:15:00,In progress,Sofia Rossi,45 mins
,SD Team,2026-07-17T01:55:00,Hold,Sofia Rossi,35mins
INC0011907,L3 Team,2026-05-12T15:43:00,Open,,2 hr 5 mins
,L3 Team,2026-05-12T16:11:00,In progress,Arjun Mehta,1 hr 30 mins
,L2 Team,2026-05-12T16:43:00,Open,,15 mins
,L2 Team,2026-05-12T16:56:00,In progress,Omar Siddiqui,2hr 05 mins
,MM Team,2026-05-12T17:42:00,Open,,35 mins
,MM Team,2026-05-12T17:55:00,In progress,Aisha Khan,10 mins
INC0011908,Core Banking L3,2026-07-21T20:52:00,Open,,2hr 13 mins
,Core Banking L3,2026-07-21T21:22:00,In progress,Nadia Rahman,45mins
,Risk & Compliance Ops,2026-07-21T21:41:00,Open,,2 hr 5 mins
,Risk & Compliance Ops,2026-07-21T21:52:00,In progress,Aisha Khan,45mins
INC0011909,Payments L2 Support,2026-08-18T00:59:00,Open,,17mins
,Payments L2 Support,2026-08-18T01:27:00,In progress,Noah Williams,45mins
,SD Team,2026-08-18T02:10:00,Open,,2 hr 5 mins
,SD Team,2026-08-18T02:27:00,In progress,Wei Zhang,35mins
,SD Team,2026-08-18T03:16:00,Hold,Maria Silva,2hr 13 mins
INC0011910,Access Management Team,2026-05-25T14:03:00,Open,,2hr 13 mins
,Access Management Team,2026-05-25T14:18:00,In progress,Ethan Brooks,2hr 05 mins
,L1 Service Desk,2026-05-25T14:37:00,Open,,35 mins
,L1 Service Desk,2026-05-25T14:47:00,In progress,Nadia Rahman,2 hr 5 mins
,ABAP Team,2026-05-25T15:32:00,Open,,1hr 30 mins
,ABAP Team,2026-05-25T15:51:00,In progress,Liam O'Connor,2 hr 13 mins
,ABAP Team,2026-05-25T16:07:00,Hold,Liam O'Connor,1 hr 30 mins
INC0011911,L2 Team,2026-06-20T02:23:00,Open,,2 hr 5 mins
,L2 Team,2026-06-20T02:39:00,In progress,Mei Tan,2hr 13 mins
,Trade Support L2,2026-06-20T03:39:00,Open,,1hr 00 mins
,Trade Support L2,2026-06-20T03:56:00,In progress,Maria Silva,10 mins
INC0011912,L3 Team,2026-07-30T15:20:00,Open,,1hr 30 mins
,L3 Team,2026-07-30T15:33:00,In progress,Carlos Mendes,15 mins
,Payments L2 Support,2026-07-30T16:18:00,Open,,1hr 30 mins
,Payments L2 Support,2026-07-30T16:29:00,In progress,Ethan Brooks,1hr 00 mins
,ABAP Team,2026-07-30T17:15:00,Open,,17mins
,ABAP Team,2026-07-30T17:42:00,In progress,Daniel Cho,2 hr 5 mins
INC0011913,L1 Team,2026-06-04T01:53:00,Open,,1hr 30 mins
,L1 Team,2026-06-04T02:13:00,In progress,Hannah Lee,10 mins
,FI Team,2026-06-04T03:00:00,Open,,17 mins
,FI Team,2026-06-04T03:10:00,In progress,Aisha Khan,1 hr 0 mins
,FI Team,2026-06-04T03:49:00,Hold,Maria Silva,1 hr 15 mins
INC0011914,Payments L2 Support,2026-07-14T11:08:00,Open,,17 mins
,Payments L2 Support,2026-07-14T11:37:00,In progress,Chloe Martin,2 hr 13 mins
,Trade Support L2,2026-07-14T12:16:00,Open,,1 hr 15 mins
,Trade Support L2,2026-07-14T12:32:00,In progress,Sofia Rossi,2hr 05 mins
INC0011915,Core Banking L3,2026-08-26T13:20:00,Open,,45 mins
,Core Banking L3,2026-08-26T13:37:00,In progress,Noah Williams,45 mins
,L3 Team,2026-08-26T14:11:00,Open,,45mins
,L3 Team,2026-08-26T14:37:00,In progress,Omar Siddiqui,17mins
,ABAP Team,2026-08-26T15:18:00,Open,,2 hr 5 mins
,ABAP Team,2026-08-26T15:29:00,In progress,James Cole,1hr 30 mins
,ABAP Team,2026-08-26T15:50:00,Hold,James Cole,15 mins
INC0011916,L2 Team,2026-06-19T05:38:00,Open,,45 mins
,L2 Team,2026-06-19T05:58:00,In progress,Chloe Martin,1hr 00 mins
,Access Management Team,2026-06-19T06:39:00,Open,,1 hr 15 mins
,Access Management Team,2026-06-19T07:09:00,In progress,Hannah Lee,10mins
,Risk & Compliance Ops,2026-06-19T07:50:00,Open,,1 hr 30 mins
,Risk & Compliance Ops,2026-06-19T08:19:00,In progress,James Cole,1 hr 30 mins
,Risk & Compliance Ops,2026-06-19T08:47:00,Closed,Liam O'Connor,
INC0011917,L3 Team,2026-05-24T08:18:00,Open,,17 mins
,L3 Team,2026-05-24T08:38:00,In progress,Omar Siddiqui,10 mins
,Core Banking L3,2026-05-24T09:33:00,Open,,45mins
,Core Banking L3,2026-05-24T09:54:00,In progress,Nadia Rahman,35mins
,ABAP Team,2026-05-24T10:45:00,Open,,45mins
,ABAP Team,2026-05-24T11:06:00,In progress,Wei Zhang,45 mins
INC0011918,L3 Team,2026-07-13T16:45:00,Open,,45 mins
,L3 Team,2026-07-13T17:10:00,In progress,Nadia Rahman,1 hr 0 mins
,ABAP Team,2026-07-13T17:59:00,Open,,2 hr 13 mins
,ABAP Team,2026-07-13T18:14:00,In progress,Liam O'Connor,2 hr 13 mins
,ABAP Team,2026-07-13T18:38:00,Hold,Maria Silva,15 mins
INC0011919,Access Management Team,2026-08-22T00:35:00,Open,,1 hr 30 mins
,Access Management Team,2026-08-22T00:57:00,In progress,Mei Tan,1 hr 15 mins
,L2 Team,2026-08-22T01:28:00,Open,,1hr 15 mins
,L2 Team,2026-08-22T01:43:00,In progress,Nadia Rahman,2hr 13 mins
,Trade Support L2,2026-08-22T01:59:00,Open,,1hr 30 mins
,Trade Support L2,2026-08-22T02:29:00,In progress,Daniel Cho,1hr 30 mins
INC0011920,Payments L2 Support,2026-08-22T03:41:00,Open,,35 mins
,Payments L2 Support,2026-08-22T04:10:00,In progress,Mei Tan,2hr 05 mins
,L1 Team,2026-08-22T04:30:00,Open,,17mins
,L1 Team,2026-08-22T04:47:00,In progress,Mei Tan,10 mins
,Risk & Compliance Ops,2026-08-22T05:13:00,Open,,2 hr 13 mins
,Risk & Compliance Ops,2026-08-22T05:31:00,In progress,James Cole,1hr 30 mins
INC0011921,L3 Team,2026-08-03T23:41:00,Open,,1 hr 30 mins
,L3 Team,2026-08-03T23:56:00,In progress,Mei Tan,35 mins
,Access Management Team,2026-08-04T00:27:00,Open,,10 mins
,Access Management Team,2026-08-04T00:44:00,In progress,Carlos Mendes,10 mins
,ABAP Team,2026-08-04T01:09:00,Open,,1hr 00 mins
,ABAP Team,2026-08-04T01:25:00,In progress,Sofia Rossi,2hr 13 mins
,ABAP Team,2026-08-04T02:19:00,Hold,Priya Sharma,45 mins
INC0011922,L3 Team,2026-06-17T00:29:00,Open,,1 hr 0 mins
,L3 Team,2026-06-17T00:57:00,In progress,Noah Williams,15 mins
,L1 Service Desk,2026-06-17T01:21:00,Open,,45 mins
,L1 Service Desk,2026-06-17T01:47:00,In progress,Mei Tan,1 hr 0 mins
,ABAP Team,2026-06-17T02:22:00,Open,,2 hr 13 mins
,ABAP Team,2026-06-17T02:41:00,In progress,Maria Silva,1 hr 0 mins
INC0011923,L2 Team,2026-06-02T22:39:00,Open,,2 hr 5 mins
,L2 Team,2026-06-02T23:00:00,In progress,Noah Williams,1 hr 30 mins
,ABAP Team,2026-06-02T23:56:00,Open,,1hr 00 mins
,ABAP Team,2026-06-03T00:12:00,In progress,Kenji Watanabe,35 mins
,ABAP Team,2026-06-03T00:52:00,Hold,Aisha Khan,35 mins
INC0011924,L1 Service Desk,2026-07-26T22:36:00,Open,,1 hr 15 mins
,L1 Service Desk,2026-07-26T22:58:00,In progress,Noah Williams,1 hr 30 mins
,L1 Team,2026-07-26T23:28:00,Open,,35mins
,L1 Team,2026-07-26T23:50:00,In progress,Arjun Mehta,1hr 30 mins
,ABAP Team,2026-07-27T00:47:00,Open,,2 hr 5 mins
,ABAP Team,2026-07-27T01:17:00,In progress,James Cole,1 hr 0 mins
INC0011925,Access Management Team,2026-08-25T09:40:00,Open,,10 mins
,Access Management Team,2026-08-25T09:53:00,In progress,Arjun Mehta,15 mins
,Trade Support L2,2026-08-25T10:34:00,Open,,1hr 00 mins
,Trade Support L2,2026-08-25T10:49:00,In progress,Wei Zhang,1hr 30 mins
INC0011926,L3 Team,2026-07-23T05:41:00,Open,,10mins
,L3 Team,2026-07-23T06:11:00,In progress,Chloe Martin,17 mins
,L1 Team,2026-07-23T07:02:00,Open,,45 mins
,L1 Team,2026-07-23T07:15:00,In progress,Mei Tan,45mins
,SD Team,2026-07-23T07:57:00,Open,,1 hr 0 mins
,SD Team,2026-07-23T08:20:00,In progress,Priya Sharma,2 hr 13 mins
INC0011927,L1 Team,2026-08-11T16:36:00,Open,,2 hr 5 mins
,L1 Team,2026-08-11T17:06:00,In progress,Emily Carter,1hr 15 mins
,L3 Team,2026-08-11T18:00:00,Open,,2hr 13 mins
,L3 Team,2026-08-11T18:16:00,In progress,Ethan Brooks,2 hr 13 mins
,MM Team,2026-08-11T18:37:00,Open,,1 hr 0 mins
,MM Team,2026-08-11T18:56:00,In progress,Daniel Cho,10 mins
,MM Team,2026-08-11T19:35:00,Closed,Daniel Cho,
INC0011928,L3 Team,2026-08-20T02:27:00,Open,,17 mins
,L3 Team,2026-08-20T02:50:00,In progress,Nadia Rahman,2hr 13 mins
,L1 Service Desk,2026-08-20T03:14:00,Open,,35mins
,L1 Service Desk,2026-08-20T03:42:00,In progress,Arjun Mehta,45mins
,FI Team,2026-08-20T04:13:00,Open,,10 mins
,FI Team,2026-08-20T04:25:00,In progress,James Cole,2 hr 13 mins
,FI Team,2026-08-20T05:23:00,Closed,Maria Silva,
INC0011929,L1 Team,2026-06-28T15:27:00,Open,,2 hr 13 mins
,L1 Team,2026-06-28T15:37:00,In progress,Arjun Mehta,1hr 00 mins
,L2 Team,2026-06-28T16:20:00,Open,,15 mins
,L2 Team,2026-06-28T16:47:00,In progress,Nadia Rahman,2 hr 13 mins
,FI Team,2026-06-28T17:09:00,Open,,15 mins
,FI Team,2026-06-28T17:33:00,In progress,Fatima Al-Sayed,45 mins
INC0011930,L2 Team,2026-08-23T17:07:00,Open,,1 hr 30 mins
,L2 Team,2026-08-23T17:22:00,In progress,Carlos Mendes,2 hr 5 mins
,Risk & Compliance Ops,2026-08-23T17:47:00,Open,,17mins
,Risk & Compliance Ops,2026-08-23T18:14:00,In progress,Priya Sharma,2 hr 13 mins
INC0011931,L2 Team,2026-08-22T01:06:00,Open,,1 hr 0 mins
,L2 Team,2026-08-22T01:16:00,In progress,Emily Carter,17 mins
,L1 Team,2026-08-22T02:09:00,Open,,1 hr 0 mins
,L1 Team,2026-08-22T02:29:00,In progress,Arjun Mehta,45 mins
,MM Team,2026-08-22T03:14:00,Open,,17 mins
,MM Team,2026-08-22T03:43:00,In progress,Wei Zhang,2hr 05 mins
,MM Team,2026-08-22T04:13:00,Closed,Wei Zhang,
INC0011932,L1 Team,2026-05-28T20:01:00,Open,,1hr 15 mins
,L1 Team,2026-05-28T20:30:00,In progress,Omar Siddiqui,17 mins
,Core Banking L3,2026-05-28T21:20:00,Open,,35mins
,Core Banking L3,2026-05-28T21:39:00,In progress,Carlos Mendes,10mins
,FI Team,2026-05-28T22:08:00,Open,,1hr 00 mins
,FI Team,2026-05-28T22:26:00,In progress,Fatima Al-Sayed,2 hr 5 mins
INC0011933,Access Management Team,2026-06-13T04:14:00,Open,,1hr 30 mins
,Access Management Team,2026-06-13T04:40:00,In progress,Arjun Mehta,35 mins
,Trade Support L2,2026-06-13T04:56:00,Open,,2hr 13 mins
,Trade Support L2,2026-06-13T05:09:00,In progress,Priya Sharma,1 hr 0 mins
,Trade Support L2,2026-06-13T05:39:00,Hold,James Cole,1hr 30 mins
INC0011934,L1 Team,2026-08-26T18:10:00,Open,,1hr 30 mins
,L1 Team,2026-08-26T18:23:00,In progress,Emily Carter,45 mins
,L3 Team,2026-08-26T19:13:00,Open,,17 mins
,L3 Team,2026-08-26T19:37:00,In progress,Noah Williams,10mins
,Trade Support L2,2026-08-26T19:55:00,Open,,45 mins
,Trade Support L2,2026-08-26T20:20:00,In progress,Fatima Al-Sayed,35mins
INC0011935,L1 Service Desk,2026-08-18T07:31:00,Open,,1hr 15 mins
,L1 Service Desk,2026-08-18T07:41:00,In progress,Mei Tan,45 mins
,ABAP Team,2026-08-18T08:21:00,Open,,1 hr 30 mins
,ABAP Team,2026-08-18T08:39:00,In progress,Daniel Cho,1hr 00 mins
,ABAP Team,2026-08-18T09:37:00,Hold,Maria Silva,35 mins
INC0011936,Payments L2 Support,2026-06-08T19:40:00,Open,,1 hr 0 mins
,Payments L2 Support,2026-06-08T20:04:00,In progress,Omar Siddiqui,1hr 00 mins
,L1 Service Desk,2026-06-08T20:22:00,Open,,45 mins
,L1 Service Desk,2026-06-08T20:40:00,In progress,Omar Siddiqui,10mins
,MM Team,2026-06-08T21:01:00,Open,,35 mins
,MM Team,2026-06-08T21:27:00,In progress,Fatima Al-Sayed,35mins
,MM Team,2026-06-08T22:22:00,Hold,Wei Zhang,45 mins
INC0011937,L1 Team,2026-08-16T16:54:00,Open,,2 hr 5 mins
,L1 Team,2026-08-16T17:15:00,In progress,Nadia Rahman,10 mins
,L3 Team,2026-08-16T17:55:00,Open,,2 hr 5 mins
,L3 Team,2026-08-16T18:15:00,In progress,Ethan Brooks,45 mins
,FI Team,2026-08-16T19:14:00,Open,,1 hr 0 mins
,FI Team,2026-08-16T19:33:00,In progress,Daniel Cho,10 mins
,FI Team,2026-08-16T20:30:00,Closed,James Cole,
INC0011938,L1 Service Desk,2026-08-13T02:59:00,Open,,1 hr 30 mins
,L1 Service Desk,2026-08-13T03:23:00,In progress,Carlos Mendes,2 hr 13 mins
,MM Team,2026-08-13T03:42:00,Open,,35 mins
,MM Team,2026-08-13T04:04:00,In progress,Liam O'Connor,17mins
INC0011939,Access Management Team,2026-08-23T23:23:00,Open,,35 mins
,Access Management Team,2026-08-23T23:39:00,In progress,Mei Tan,45 mins
,Risk & Compliance Ops,2026-08-24T00:32:00,Open,,1 hr 0 mins
,Risk & Compliance Ops,2026-08-24T00:58:00,In progress,Sofia Rossi,45 mins
INC0011940,L2 Team,2026-08-09T18:04:00,Open,,10 mins
,L2 Team,2026-08-09T18:16:00,In progress,Ethan Brooks,45 mins
,L3 Team,2026-08-09T18:52:00,Open,,45mins
,L3 Team,2026-08-09T19:17:00,In progress,Nadia Rahman,2hr 13 mins
,Trade Support L2,2026-08-09T20:01:00,Open,,2 hr 5 mins
,Trade Support L2,2026-08-09T20:12:00,In progress,Fatima Al-Sayed,1hr 00 mins
INC0011941,Payments L2 Support,2026-08-14T05:04:00,Open,,45 mins
,Payments L2 Support,2026-08-14T05:24:00,In progress,Ethan Brooks,35mins
,SD Team,2026-08-14T06:03:00,Open,,10mins
,SD Team,2026-08-14T06:19:00,In progress,Liam O'Connor,10 mins
INC0011942,L1 Service Desk,2026-08-27T06:47:00,Open,,2 hr 5 mins
,L1 Service Desk,2026-08-27T06:58:00,In progress,Ethan Brooks,10 mins
,Risk & Compliance Ops,2026-08-27T07:20:00,Open,,1hr 15 mins
,Risk & Compliance Ops,2026-08-27T07:43:00,In progress,Maria Silva,45 mins
,Risk & Compliance Ops,2026-08-27T08:00:00,Closed,Maria Silva,
INC0011943,Core Banking L3,2026-08-17T20:38:00,Open,,2 hr 13 mins
,Core Banking L3,2026-08-17T21:02:00,In progress,Chloe Martin,15mins
,Risk & Compliance Ops,2026-08-17T21:44:00,Open,,2 hr 5 mins
,Risk & Compliance Ops,2026-08-17T21:57:00,In progress,Fatima Al-Sayed,1hr 30 mins
,Risk & Compliance Ops,2026-08-17T22:23:00,Closed,Fatima Al-Sayed,
INC0011944,Access Management Team,2026-06-26T21:18:00,Open,,10 mins
,Access Management Team,2026-06-26T21:45:00,In progress,Hannah Lee,1 hr 15 mins
,L1 Team,2026-06-26T22:45:00,Open,,1hr 00 mins
,L1 Team,2026-06-26T22:58:00,In progress,Noah Williams,1hr 00 mins
,ABAP Team,2026-06-26T23:43:00,Open,,1 hr 30 mins
,ABAP Team,2026-06-27T00:10:00,In progress,James Cole,17 mins
,ABAP Team,2026-06-27T01:00:00,Hold,Daniel Cho,1 hr 30 mins
INC0011945,L3 Team,2026-08-26T08:15:00,Open,,2 hr 13 mins
,L3 Team,2026-08-26T08:27:00,In progress,Chloe Martin,10mins
,Risk & Compliance Ops,2026-08-26T09:15:00,Open,,45mins
,Risk & Compliance Ops,2026-08-26T09:42:00,In progress,Sofia Rossi,45 mins
INC0011946,L1 Team,2026-06-19T20:39:00,Open,,45 mins
,L1 Team,2026-06-19T21:03:00,In progress,Carlos Mendes,15mins
,Trade Support L2,2026-06-19T21:38:00,Open,,1hr 00 mins
,Trade Support L2,2026-06-19T21:48:00,In progress,Maria Silva,15 mins
INC0011947,L3 Team,2026-07-26T21:30:00,Open,,15 mins
,L3 Team,2026-07-26T21:49:00,In progress,Ethan Brooks,10mins
,Payments L2 Support,2026-07-26T22:21:00,Open,,10 mins
,Payments L2 Support,2026-07-26T22:42:00,In progress,Noah Williams,35 mins
,Trade Support L2,2026-07-26T23:00:00,Open,,45 mins
,Trade Support L2,2026-07-26T23:24:00,In progress,Fatima Al-Sayed,1 hr 15 mins
,Trade Support L2,2026-07-27T00:16:00,Closed,Kenji Watanabe,
INC0011948,L2 Team,2026-07-19T16:02:00,Open,,1 hr 30 mins
,L2 Team,2026-07-19T16:22:00,In progress,Hannah Lee,17 mins
,Trade Support L2,2026-07-19T16:50:00,Open,,45mins
,Trade Support L2,2026-07-19T17:15:00,In progress,Fatima Al-Sayed,2 hr 5 mins
,Trade Support L2,2026-07-19T17:53:00,Closed,James Cole,
INC0011949,Core Banking L3,2026-08-18T00:23:00,Open,,1 hr 0 mins
,Core Banking L3,2026-08-18T00:43:00,In progress,Ethan Brooks,45mins
,L2 Team,2026-08-18T01:27:00,Open,,1 hr 30 mins
,L2 Team,2026-08-18T01:44:00,In progress,Ethan Brooks,15 mins
,MM Team,2026-08-18T02:43:00,Open,,2 hr 5 mins
,MM Team,2026-08-18T02:57:00,In progress,Sofia Rossi,2 hr 13 mins
INC0011950,Access Management Team,2026-05-09T13:19:00,Open,,1hr 15 mins
,Access Management Team,2026-05-09T13:32:00,In progress,Carlos Mendes,1 hr 0 mins
,MM Team,2026-05-09T14:27:00,Open,,45 mins
,MM Team,2026-05-09T14:37:00,In progress,Liam O'Connor,10 mins
INC0011951,Access Management Team,2026-07-11T19:31:00,Open,,45 mins
,Access Management Team,2026-07-11T19:47:00,In progress,Emily Carter,1 hr 0 mins
,L1 Team,2026-07-11T20:27:00,Open,,1hr 15 mins
,L1 Team,2026-07-11T20:48:00,In progress,Noah Williams,1 hr 15 mins
,ABAP Team,2026-07-11T21:31:00,Open,,17 mins
,ABAP Team,2026-07-11T21:59:00,In progress,Daniel Cho,15 mins
INC0011952,Core Banking L3,2026-08-19T02:42:00,Open,,10 mins
,Core Banking L3,2026-08-19T03:01:00,In progress,Noah Williams,1 hr 15 mins
,SD Team,2026-08-19T03:52:00,Open,,10mins
,SD Team,2026-08-19T04:11:00,In progress,Aisha Khan,1 hr 30 mins
,SD Team,2026-08-19T04:32:00,Closed,Aisha Khan,
INC0011953,L1 Service Desk,2026-08-24T08:46:00,Open,,1 hr 15 mins
,L1 Service Desk,2026-08-24T09:00:00,In progress,Carlos Mendes,35 mins
,L2 Team,2026-08-24T09:40:00,Open,,2 hr 13 mins
,L2 Team,2026-08-24T10:08:00,In progress,Omar Siddiqui,1hr 30 mins
,FI Team,2026-08-24T10:49:00,Open,,1 hr 15 mins
,FI Team,2026-08-24T11:09:00,In progress,Kenji Watanabe,10 mins
INC0011954,Payments L2 Support,2026-08-24T22:47:00,Open,,10mins
,Payments L2 Support,2026-08-24T23:03:00,In progress,Omar Siddiqui,2 hr 5 mins
,L2 Team,2026-08-24T23:43:00,Open,,15 mins
,L2 Team,2026-08-25T00:04:00,In progress,Arjun Mehta,2 hr 13 mins
,Trade Support L2,2026-08-25T00:44:00,Open,,35 mins
,Trade Support L2,2026-08-25T00:54:00,In progress,Daniel Cho,35 mins
,Trade Support L2,2026-08-25T01:17:00,Closed,Maria Silva,
INC0011955,L1 Service Desk,2026-08-26T20:20:00,Open,,1hr 00 mins
,L1 Service Desk,2026-08-26T20:39:00,In progress,Hannah Lee,35mins
,Access Management Team,2026-08-26T21:34:00,Open,,17 mins
,Access Management Team,2026-08-26T21:49:00,In progress,Emily Carter,1 hr 0 mins
,MM Team,2026-08-26T22:21:00,Open,,35mins
,MM Team,2026-08-26T22:36:00,In progress,Daniel Cho,1 hr 0 mins
INC0011956,L3 Team,2026-08-08T00:44:00,Open,,15 mins
,L3 Team,2026-08-08T01:10:00,In progress,Nadia Rahman,45 mins
,Risk & Compliance Ops,2026-08-08T01:39:00,Open,,35 mins
,Risk & Compliance Ops,2026-08-08T02:03:00,In progress,Daniel Cho,2 hr 13 mins
INC0011957,L3 Team,2026-07-28T13:49:00,Open,,17 mins
,L3 Team,2026-07-28T14:02:00,In progress,Arjun Mehta,1 hr 15 mins
,Access Management Team,2026-07-28T14:39:00,Open,,2hr 13 mins
,Access Management Team,2026-07-28T15:04:00,In progress,Mei Tan,17mins
,SD Team,2026-07-28T15:42:00,Open,,1 hr 0 mins
,SD Team,2026-07-28T16:07:00,In progress,Liam O'Connor,45 mins
INC0011958,L3 Team,2026-05-12T10:36:00,Open,,2 hr 5 mins
,L3 Team,2026-05-12T11:03:00,In progress,Noah Williams,45mins
,Trade Support L2,2026-05-12T11:43:00,Open,,1 hr 0 mins
,Trade Support L2,2026-05-12T12:03:00,In progress,Kenji Watanabe,10 mins
,Trade Support L2,2026-05-12T12:42:00,Hold,Wei Zhang,45mins
INC0011959,L3 Team,2026-08-12T17:13:00,Open,,1 hr 15 mins
,L3 Team,2026-08-12T17:37:00,In progress,Omar Siddiqui,15mins
,ABAP Team,2026-08-12T18:04:00,Open,,1hr 30 mins
,ABAP Team,2026-08-12T18:32:00,In progress,Sofia Rossi,35 mins
INC0011960,Access Management Team,2026-06-12T16:31:00,Open,,45 mins
,Access Management Team,2026-06-12T16:57:00,In progress,Noah Williams,2hr 05 mins
,L2 Team,2026-06-12T17:39:00,Open,,17 mins
,L2 Team,2026-06-12T17:55:00,In progress,Chloe Martin,15 mins
,SD Team,2026-06-12T18:27:00,Open,,15 mins
,SD Team,2026-06-12T18:41:00,In progress,Kenji Watanabe,45 mins
,SD Team,2026-06-12T19:05:00,Hold,Wei Zhang,17mins
INC0011961,L1 Team,2026-08-26T12:55:00,Open,,1 hr 30 mins
,L1 Team,2026-08-26T13:05:00,In progress,Ethan Brooks,1 hr 30 mins
,Core Banking L3,2026-08-26T13:26:00,Open,,17mins
,Core Banking L3,2026-08-26T13:50:00,In progress,Ethan Brooks,1 hr 30 mins
,Trade Support L2,2026-08-26T14:22:00,Open,,1 hr 30 mins
,Trade Support L2,2026-08-26T14:40:00,In progress,Aisha Khan,1hr 15 mins
INC0011962,Access Management Team,2026-08-20T11:19:00,Open,,1 hr 0 mins
,Access Management Team,2026-08-20T11:32:00,In progress,Nadia Rahman,10mins
,FI Team,2026-08-20T11:47:00,Open,,10 mins
,FI Team,2026-08-20T12:13:00,In progress,Daniel Cho,2 hr 5 mins
,FI Team,2026-08-20T12:28:00,Hold,Sofia Rossi,2 hr 13 mins
INC0011963,L3 Team,2026-05-22T14:03:00,Open,,35 mins
,L3 Team,2026-05-22T14:22:00,In progress,Arjun Mehta,45 mins
,ABAP Team,2026-05-22T15:12:00,Open,,15mins
,ABAP Team,2026-05-22T15:23:00,In progress,Sofia Rossi,1 hr 0 mins
,ABAP Team,2026-05-22T15:52:00,Closed,Sofia Rossi,
INC0011964,Access Management Team,2026-07-09T21:27:00,Open,,10mins
,Access Management Team,2026-07-09T21:42:00,In progress,Emily Carter,35 mins
,Payments L2 Support,2026-07-09T22:03:00,Open,,1 hr 0 mins
,Payments L2 Support,2026-07-09T22:26:00,In progress,Mei Tan,45 mins
,Risk & Compliance Ops,2026-07-09T22:42:00,Open,,2 hr 13 mins
,Risk & Compliance Ops,2026-07-09T22:57:00,In progress,Liam O'Connor,1hr 00 mins
,Risk & Compliance Ops,2026-07-09T23:39:00,Closed,Wei Zhang,
INC0011965,L2 Team,2026-05-22T09:03:00,Open,,2 hr 13 mins
,L2 Team,2026-05-22T09:24:00,In progress,Mei Tan,1 hr 30 mins
,Trade Support L2,2026-05-22T10:04:00,Open,,10 mins
,Trade Support L2,2026-05-22T10:22:00,In progress,Kenji Watanabe,1hr 30 mins
,Trade Support L2,2026-05-22T11:14:00,Closed,Sofia Rossi,
INC0011966,Access Management Team,2026-08-20T00:07:00,Open,,1 hr 0 mins
,Access Management Team,2026-08-20T00:35:00,In progress,Noah Williams,10 mins
,FI Team,2026-08-20T01:04:00,Open,,45mins
,FI Team,2026-08-20T01:27:00,In progress,Fatima Al-Sayed,2hr 13 mins
INC0011967,Access Management Team,2026-06-09T22:45:00,Open,,1hr 00 mins
,Access Management Team,2026-06-09T23:10:00,In progress,Mei Tan,2 hr 13 mins
,MM Team,2026-06-09T23:38:00,Open,,2 hr 5 mins
,MM Team,2026-06-09T23:59:00,In progress,Priya Sharma,45 mins
INC0011968,L3 Team,2026-08-17T01:35:00,Open,,1hr 00 mins
,L3 Team,2026-08-17T01:56:00,In progress,Nadia Rahman,1 hr 0 mins
,Core Banking L3,2026-08-17T02:56:00,Open,,2hr 05 mins
,Core Banking L3,2026-08-17T03:12:00,In progress,Noah Williams,17 mins
,ABAP Team,2026-08-17T03:28:00,Open,,17 mins
,ABAP Team,2026-08-17T03:55:00,In progress,Maria Silva,1hr 00 mins
INC0011969,L1 Service Desk,2026-05-24T16:49:00,Open,,35mins
,L1 Service Desk,2026-05-24T17:17:00,In progress,Hannah Lee,1hr 15 mins
,ABAP Team,2026-05-24T17:52:00,Open,,15mins
,ABAP Team,2026-05-24T18:02:00,In progress,Sofia Rossi,1 hr 30 mins
,ABAP Team,2026-05-24T18:53:00,Hold,Aisha Khan,45 mins
INC0011970,L3 Team,2026-07-10T04:38:00,Open,,2hr 13 mins
,L3 Team,2026-07-10T04:52:00,In progress,Ethan Brooks,1 hr 30 mins
,SD Team,2026-07-10T05:29:00,Open,,1 hr 30 mins
,SD Team,2026-07-10T05:57:00,In progress,Wei Zhang,10 mins
,SD Team,2026-07-10T06:51:00,Hold,Kenji Watanabe,45 mins
INC0011971,L2 Team,2026-08-13T18:30:00,Open,,2 hr 13 mins
,L2 Team,2026-08-13T18:53:00,In progress,Noah Williams,1hr 15 mins
,SD Team,2026-08-13T19:52:00,Open,,35 mins
,SD Team,2026-08-13T20:19:00,In progress,Daniel Cho,17 mins
INC0011972,L3 Team,2026-08-26T00:25:00,Open,,1 hr 30 mins
,L3 Team,2026-08-26T00:54:00,In progress,Mei Tan,45 mins
,ABAP Team,2026-08-26T01:49:00,Open,,1 hr 30 mins
,ABAP Team,2026-08-26T02:00:00,In progress,Kenji Watanabe,17mins
,ABAP Team,2026-08-26T02:16:00,Closed,Kenji Watanabe,
INC0011973,L1 Team,2026-05-24T09:22:00,Open,,1 hr 0 mins
,L1 Team,2026-05-24T09:50:00,In progress,Carlos Mendes,45 mins
,Core Banking L3,2026-05-24T10:13:00,Open,,1 hr 0 mins
,Core Banking L3,2026-05-24T10:41:00,In progress,Carlos Mendes,45 mins
,ABAP Team,2026-05-24T11:10:00,Open,,2 hr 13 mins
,ABAP Team,2026-05-24T11:28:00,In progress,Liam O'Connor,2hr 13 mins
,ABAP Team,2026-05-24T12:27:00,Closed,Liam O'Connor,
INC0011974,Core Banking L3,2026-07-12T17:35:00,Open,,17 mins
,Core Banking L3,2026-07-12T17:48:00,In progress,Chloe Martin,2 hr 13 mins
,FI Team,2026-07-12T18:30:00,Open,,2 hr 5 mins
,FI Team,2026-07-12T18:41:00,In progress,Kenji Watanabe,1 hr 0 mins
,FI Team,2026-07-12T19:27:00,Closed,Liam O'Connor,
INC0011975,Core Banking L3,2026-05-13T11:19:00,Open,,10mins
,Core Banking L3,2026-05-13T11:32:00,In progress,Emily Carter,2 hr 13 mins
,Access Management Team,2026-05-13T12:05:00,Open,,10mins
,Access Management Team,2026-05-13T12:22:00,In progress,Ethan Brooks,45 mins
,FI Team,2026-05-13T13:06:00,Open,,17 mins
,FI Team,2026-05-13T13:16:00,In progress,Fatima Al-Sayed,1hr 15 mins
,FI Team,2026-05-13T14:16:00,Closed,Maria Silva,
INC0011976,Core Banking L3,2026-05-15T21:12:00,Open,,45 mins
,Core Banking L3,2026-05-15T21:26:00,In progress,Nadia Rahman,2 hr 5 mins
,L2 Team,2026-05-15T21:49:00,Open,,45 mins
,L2 Team,2026-05-15T22:10:00,In progress,Ethan Brooks,1hr 15 mins
,FI Team,2026-05-15T22:36:00,Open,,45 mins
,FI Team,2026-05-15T23:00:00,In progress,Sofia Rossi,10 mins
INC0011977,L2 Team,2026-08-11T13:11:00,Open,,45mins
,L2 Team,2026-08-11T13:30:00,In progress,Arjun Mehta,35mins
,L1 Team,2026-08-11T14:09:00,Open,,35mins
,L1 Team,2026-08-11T14:26:00,In progress,Chloe Martin,1hr 30 mins
,ABAP Team,2026-08-11T15:15:00,Open,,45 mins
,ABAP Team,2026-08-11T15:25:00,In progress,Liam O'Connor,1hr 15 mins
,ABAP Team,2026-08-11T16:24:00,Closed,Fatima Al-Sayed,
INC0011978,L3 Team,2026-06-25T03:18:00,Open,,1 hr 30 mins
,L3 Team,2026-06-25T03:37:00,In progress,Chloe Martin,1 hr 15 mins
,Trade Support L2,2026-06-25T04:16:00,Open,,35mins
,Trade Support L2,2026-06-25T04:44:00,In progress,Daniel Cho,45 mins
,Trade Support L2,2026-06-25T05:07:00,Hold,Daniel Cho,10 mins
INC0011979,L1 Service Desk,2026-07-03T00:26:00,Open,,2 hr 13 mins
,L1 Service Desk,2026-07-03T00:56:00,In progress,Chloe Martin,2hr 05 mins
,L1 Team,2026-07-03T01:37:00,Open,,1 hr 15 mins
,L1 Team,2026-07-03T02:01:00,In progress,Ethan Brooks,2 hr 13 mins
,MM Team,2026-07-03T02:49:00,Open,,2 hr 5 mins
,MM Team,2026-07-03T03:12:00,In progress,Priya Sharma,1 hr 0 mins
,MM Team,2026-07-03T03:32:00,Closed,Kenji Watanabe,
INC0011980,Access Management Team,2026-06-19T20:19:00,Open,,2 hr 5 mins
,Access Management Team,2026-06-19T20:31:00,In progress,Emily Carter,1hr 30 mins
,Core Banking L3,2026-06-19T21:14:00,Open,,17 mins
,Core Banking L3,2026-06-19T21:44:00,In progress,Arjun Mehta,15mins
,SD Team,2026-06-19T22:16:00,Open,,1hr 15 mins
,SD Team,2026-06-19T22:44:00,In progress,Kenji Watanabe,17 mins
INC0011981,Access Management Team,2026-07-25T15:31:00,Open,,2 hr 5 mins
,Access Management Team,2026-07-25T15:56:00,In progress,Emily Carter,1 hr 15 mins
,L3 Team,2026-07-25T16:51:00,Open,,2 hr 13 mins
,L3 Team,2026-07-25T17:05:00,In progress,Mei Tan,1 hr 30 mins
,SD Team,2026-07-25T18:01:00,Open,,10 mins
,SD Team,2026-07-25T18:19:00,In progress,Wei Zhang,1hr 30 mins
INC0011982,Payments L2 Support,2026-08-27T11:36:00,Open,,17 mins
,Payments L2 Support,2026-08-27T11:48:00,In progress,Hannah Lee,2hr 05 mins
,L1 Team,2026-08-27T12:09:00,Open,,45mins
,L1 Team,2026-08-27T12:20:00,In progress,Omar Siddiqui,1 hr 15 mins
,MM Team,2026-08-27T13:15:00,Open,,2 hr 13 mins
,MM Team,2026-08-27T13:41:00,In progress,Priya Sharma,10mins
,MM Team,2026-08-27T14:12:00,Hold,Sofia Rossi,1 hr 30 mins
INC0011983,L3 Team,2026-08-24T01:45:00,Open,,2 hr 13 mins
,L3 Team,2026-08-24T02:10:00,In progress,Hannah Lee,2hr 05 mins
,FI Team,2026-08-24T02:52:00,Open,,2 hr 13 mins
,FI Team,2026-08-24T03:21:00,In progress,Liam O'Connor,1 hr 30 mins
INC0011984,L1 Team,2026-06-21T15:48:00,Open,,2hr 05 mins
,L1 Team,2026-06-21T16:02:00,In progress,Hannah Lee,15 mins
,L1 Service Desk,2026-06-21T16:58:00,Open,,35 mins
,L1 Service Desk,2026-06-21T17:14:00,In progress,Nadia Rahman,45 mins
,ABAP Team,2026-06-21T17:56:00,Open,,2hr 13 mins
,ABAP Team,2026-06-21T18:21:00,In progress,Maria Silva,35 mins
INC0011985,Access Management Team,2026-05-12T03:31:00,Open,,1hr 15 mins
,Access Management Team,2026-05-12T03:42:00,In progress,Nadia Rahman,2 hr 13 mins
,L3 Team,2026-05-12T03:57:00,Open,,45mins
,L3 Team,2026-05-12T04:27:00,In progress,Mei Tan,1 hr 15 mins
,Risk & Compliance Ops,2026-05-12T04:47:00,Open,,1hr 15 mins
,Risk & Compliance Ops,2026-05-12T04:59:00,In progress,Aisha Khan,2 hr 13 mins
INC0011986,Access Management Team,2026-08-08T08:52:00,Open,,15mins
,Access Management Team,2026-08-08T09:20:00,In progress,Chloe Martin,45 mins
,MM Team,2026-08-08T10:00:00,Open,,1 hr 0 mins
,MM Team,2026-08-08T10:25:00,In progress,Liam O'Connor,1 hr 15 mins
,MM Team,2026-08-08T10:45:00,Closed,Maria Silva,
INC0011987,L3 Team,2026-08-27T22:47:00,Open,,45 mins
,L3 Team,2026-08-27T23:10:00,In progress,Carlos Mendes,10 mins
,FI Team,2026-08-27T23:34:00,Open,,35 mins
,FI Team,2026-08-28T00:02:00,In progress,Sofia Rossi,17 mins
INC0011988,Core Banking L3,2026-05-11T04:25:00,Open,,1 hr 15 mins
,Core Banking L3,2026-05-11T04:45:00,In progress,Ethan Brooks,1 hr 30 mins
,Access Management Team,2026-05-11T05:03:00,Open,,2hr 13 mins
,Access Management Team,2026-05-11T05:18:00,In progress,Carlos Mendes,2 hr 13 mins
,MM Team,2026-05-11T05:52:00,Open,,1hr 00 mins
,MM Team,2026-05-11T06:15:00,In progress,James Cole,17mins
,MM Team,2026-05-11T06:54:00,Closed,James Cole,
INC0011989,Core Banking L3,2026-08-09T11:25:00,Open,,2 hr 13 mins
,Core Banking L3,2026-08-09T11:38:00,In progress,Omar Siddiqui,17 mins
,MM Team,2026-08-09T12:14:00,Open,,45 mins
,MM Team,2026-08-09T12:31:00,In progress,Fatima Al-Sayed,10mins
INC0011990,Core Banking L3,2026-08-19T10:37:00,Open,,45 mins
,Core Banking L3,2026-08-19T10:59:00,In progress,Mei Tan,10 mins
,Risk & Compliance Ops,2026-08-19T11:55:00,Open,,1 hr 0 mins
,Risk & Compliance Ops,2026-08-19T12:08:00,In progress,Priya Sharma,45mins
INC0011991,L3 Team,2026-06-28T18:38:00,Open,,1hr 30 mins
,L3 Team,2026-06-28T19:08:00,In progress,Emily Carter,45mins
,L1 Team,2026-06-28T19:29:00,Open,,15 mins
,L1 Team,2026-06-28T19:59:00,In progress,Carlos Mendes,1 hr 15 mins
,MM Team,2026-06-28T20:54:00,Open,,2 hr 13 mins
,MM Team,2026-06-28T21:23:00,In progress,Kenji Watanabe,45 mins
,MM Team,2026-06-28T22:08:00,Closed,Wei Zhang,
INC0011992,Payments L2 Support,2026-06-06T18:45:00,Open,,1hr 00 mins
,Payments L2 Support,2026-06-06T19:09:00,In progress,Chloe Martin,10 mins
,Core Banking L3,2026-06-06T19:47:00,Open,,45mins
,Core Banking L3,2026-06-06T20:15:00,In progress,Mei Tan,10 mins
,Risk & Compliance Ops,2026-06-06T20:35:00,Open,,2 hr 5 mins
,Risk & Compliance Ops,2026-06-06T20:57:00,In progress,Fatima Al-Sayed,2 hr 5 mins
,Risk & Compliance Ops,2026-06-06T21:32:00,Closed,Fatima Al-Sayed,
INC0011993,Access Management Team,2026-08-08T08:07:00,Open,,10 mins
,Access Management Team,2026-08-08T08:21:00,In progress,Mei Tan,35 mins
,MM Team,2026-08-08T09:20:00,Open,,35 mins
,MM Team,2026-08-08T09:42:00,In progress,James Cole,35 mins
,MM Team,2026-08-08T10:13:00,Closed,James Cole,
INC0011994,L2 Team,2026-07-21T11:21:00,Open,,1 hr 30 mins
,L2 Team,2026-07-21T11:40:00,In progress,Noah Williams,1hr 15 mins
,MM Team,2026-07-21T12:00:00,Open,,2 hr 5 mins
,MM Team,2026-07-21T12:26:00,In progress,Liam O'Connor,17mins
,MM Team,2026-07-21T13:21:00,Hold,Sofia Rossi,15mins
INC0011995,Access Management Team,2026-07-19T17:59:00,Open,,1hr 15 mins
,Access Management Team,2026-07-19T18:20:00,In progress,Nadia Rahman,17 mins
,L1 Service Desk,2026-07-19T19:19:00,Open,,45 mins
,L1 Service Desk,2026-07-19T19:33:00,In progress,Omar Siddiqui,1hr 30 mins
,ABAP Team,2026-07-19T20:30:00,Open,,1 hr 0 mins
,ABAP Team,2026-07-19T20:40:00,In progress,Wei Zhang,17mins
INC0011996,Access Management Team,2026-08-19T20:43:00,Open,,45 mins
,Access Management Team,2026-08-19T21:10:00,In progress,Mei Tan,2hr 05 mins
,FI Team,2026-08-19T21:31:00,Open,,35 mins
,FI Team,2026-08-19T22:00:00,In progress,Kenji Watanabe,45 mins
INC0011997,Payments L2 Support,2026-08-25T09:11:00,Open,,1hr 15 mins
,Payments L2 Support,2026-08-25T09:34:00,In progress,Omar Siddiqui,45 mins
,Core Banking L3,2026-08-25T10:18:00,Open,,2 hr 13 mins
,Core Banking L3,2026-08-25T10:44:00,In progress,Hannah Lee,10 mins
,SD Team,2026-08-25T11:34:00,Open,,2 hr 13 mins
,SD Team,2026-08-25T12:00:00,In progress,Daniel Cho,10mins
,SD Team,2026-08-25T12:45:00,Closed,Sofia Rossi,
INC0011998,Access Management Team,2026-08-25T10:02:00,Open,,2hr 13 mins
,Access Management Team,2026-08-25T10:29:00,In progress,Emily Carter,2 hr 13 mins
,L3 Team,2026-08-25T11:04:00,Open,,1 hr 30 mins
,L3 Team,2026-08-25T11:17:00,In progress,Arjun Mehta,1 hr 30 mins
,ABAP Team,2026-08-25T12:07:00,Open,,1hr 00 mins
,ABAP Team,2026-08-25T12:36:00,In progress,Wei Zhang,45 mins
,ABAP Team,2026-08-25T13:22:00,Closed,Wei Zhang,
INC0011999,L1 Service Desk,2026-08-12T08:09:00,Open,,1hr 30 mins
,L1 Service Desk,2026-08-12T08:31:00,In progress,Arjun Mehta,1 hr 0 mins
,Risk & Compliance Ops,2026-08-12T09:04:00,Open,,45 mins
,Risk & Compliance Ops,2026-08-12T09:21:00,In progress,Aisha Khan,45 mins
INC0012000,Core Banking L3,2026-08-14T21:23:00,Open,,35 mins
,Core Banking L3,2026-08-14T21:48:00,In progress,Nadia Rahman,17mins
,Payments L2 Support,2026-08-14T22:30:00,Open,,17mins
,Payments L2 Support,2026-08-14T22:43:00,In progress,Emily Carter,45 mins
,MM Team,2026-08-14T23:09:00,Open,,45 mins
,MM Team,2026-08-14T23:36:00,In progress,Maria Silva,35 mins
